"full_name","num_of_brands","brand_diversity_status"
"A. Catherine Binkley","33","Medium Diversity"
"A. Joyce Jarvis","14","Low Diversity"
"Aaron Carabellos","6","Low Diversity"
"Aaron Conklin","6","Low Diversity"
"Aaron Cope","2","Low Diversity"
"Aaron Haddix","5","Low Diversity"
"Aaron Keane","17","Low Diversity"
"Aaron Lemay","15","Low Diversity"
"Aaron McDonnell","78","High Diversity"
"Aaron Quintan","33","Medium Diversity"
"Aaron Shehorn","6","Low Diversity"
"Aaron Story","42","Medium Diversity"
"Aaron Van Ness","2","Low Diversity"
"Aaron Whitteker","42","Medium Diversity"
"Aaron Young","15","Low Diversity"
"Abbie Carlbon","62","High Diversity"
"Abe Tramel","17","Low Diversity"
"Abel Hawkins","28","Medium Diversity"
"Abel Young","35","Medium Diversity"
"Abigail Foster","17","Low Diversity"
"Abraham Burns","32","Medium Diversity"
"Abraham Swearengin","10","Low Diversity"
"Achari Harp","5","Low Diversity"
"Adam Bloomfeild","12","Low Diversity"
"Adam Reynolds","47","Medium Diversity"
"Adam Suggett","25","Medium Diversity"
"Adam Tschann","22","Medium Diversity"
"Adelaide Spence","16","Low Diversity"
"Adele Barbuscia","7","Low Diversity"
"Adele Snyder","49","Medium Diversity"
"Adeline Chun","19","Low Diversity"
"Adeline Verna","7","Low Diversity"
"Adoli Lewis","7","Low Diversity"
"Adria Trujillo","25","Medium Diversity"
"Adrian Binion","26","Medium Diversity"
"Adrian Torrez","47","Medium Diversity"
"Adriane Ahlin","16","Low Diversity"
"Adrienne Clement","47","Medium Diversity"
"Adrienne Duran","19","Low Diversity"
"Adrienne Novreske","5","Low Diversity"
"Affie Harmon","13","Low Diversity"
"Agnes Christopherson","18","Low Diversity"
"Agnes Concepcion","10","Low Diversity"
"Agnes Pelcher","5","Low Diversity"
"Agnes Pfanz","55","High Diversity"
"Agnes Smith","22","Medium Diversity"
"Aguido Chard","26","Medium Diversity"
"Agustin Roush","21","Medium Diversity"
"Ahmadzai Sandoval","17","Low Diversity"
"Aida Stewart","10","Low Diversity"
"Aimee Brown","12","Low Diversity"
"Al Bell","14","Low Diversity"
"Al Weaver","18","Low Diversity"
"Alan Augustus","56","High Diversity"
"Alan Blanton","46","Medium Diversity"
"Alan Bradley","24","Medium Diversity"
"Alan Daniels","9","Low Diversity"
"Alan Hitchcock","17","Low Diversity"
"Alan Jordan","19","Low Diversity"
"Alan Monitor","5","Low Diversity"
"Alana Petrick","12","Low Diversity"
"Alanna Hicks","14","Low Diversity"
"Albert Asmus","15","Low Diversity"
"Albert Behnke","8","Low Diversity"
"Albert Clouse","19","Low Diversity"
"Albert Hubert","34","Medium Diversity"
"Albert Jasdzewski","2","Low Diversity"
"Albert Risley","13","Low Diversity"
"Albert Saver","26","Medium Diversity"
"Albert Sullivan","15","Low Diversity"
"Albert Thomas","21","Medium Diversity"
"Albert Van Antwerp","4","Low Diversity"
"Albert Wilcox","60","High Diversity"
"Alberto Baltazar","5","Low Diversity"
"Alberto Quintiles","18","Low Diversity"
"Aldeen Gallagher","17","Low Diversity"
"Aleah Elmore","69","High Diversity"
"Aleah Ruybalid","53","High Diversity"
"Alena Burton","8","Low Diversity"
"Alesia Aiello","13","Low Diversity"
"Alex Hoaher","8","Low Diversity"
"Alex Smith","16","Low Diversity"
"Alex Urioste","23","Medium Diversity"
"Alexander Berger","10","Low Diversity"
"Alexander Calligan","21","Medium Diversity"
"Alexander Case","56","High Diversity"
"Alexander Deborde","12","Low Diversity"
"Alexander Stewart","13","Low Diversity"
"Alexandra Burton","39","Medium Diversity"
"Alexandra Gibson","34","Medium Diversity"
"Alexandra Meyer","29","Medium Diversity"
"Alexandra Wellington","9","Low Diversity"
"Alexandro Mattson","19","Low Diversity"
"Alexis Mills","22","Medium Diversity"
"Alexis Vukelich","21","Medium Diversity"
"Alexzandra Brice","11","Low Diversity"
"Alfonso Gutierrez","21","Medium Diversity"
"Alfred Bulman","5","Low Diversity"
"Alfred Gladhdish","47","Medium Diversity"
"Alfred Redman","14","Low Diversity"
"Alfred Romero","14","Low Diversity"
"Alfred Taylor","17","Low Diversity"
"Alfred Thayer","18","Low Diversity"
"Alfredo Wood","8","Low Diversity"
"Alice Archuletta","34","Medium Diversity"
"Alice Berry","33","Medium Diversity"
"Alice Biondolillo","9","Low Diversity"
"Alice Cantrell","13","Low Diversity"
"Alice Castro","34","Medium Diversity"
"Alice Cochran","21","Medium Diversity"
"Alice Hansen","50","High Diversity"
"Alice Hurt","37","Medium Diversity"
"Alice Kesterson","27","Medium Diversity"
"Alice Newsome","26","Medium Diversity"
"Alice Nicholson","61","High Diversity"
"Alice Randall","12","Low Diversity"
"Alice Salazar","24","Medium Diversity"
"Alice Serventi","13","Low Diversity"
"Alice Shintani","4","Low Diversity"
"Alice Shipley","19","Low Diversity"
"Alice Smith","10","Low Diversity"
"Alice Steen","28","Medium Diversity"
"Alice Stewart","18","Low Diversity"
"Alice Swanson","4","Low Diversity"
"Alice Valentine","2","Low Diversity"
"Alice Vellos","24","Medium Diversity"
"Alice William","54","High Diversity"
"Alice Worster","22","Medium Diversity"
"Alice Zachery","19","Low Diversity"
"Alicia Argo","8","Low Diversity"
"Alicia Brown","24","Medium Diversity"
"Alisha Burr","10","Low Diversity"
"Allan Marchman","60","High Diversity"
"Allen Berick","44","Medium Diversity"
"Allen Brewer","6","Low Diversity"
"Allen Burnside","7","Low Diversity"
"Allen Dutton","16","Low Diversity"
"Allen Holm","15","Low Diversity"
"Allen Skinner","7","Low Diversity"
"Allisa Rose","4","Low Diversity"
"Allison Baker","7","Low Diversity"
"Allison Beutel","20","Medium Diversity"
"Allison Degraaf","5","Low Diversity"
"Allison Ehrens","12","Low Diversity"
"Allison Jacobs","45","Medium Diversity"
"Allison Ross","43","Medium Diversity"
"Alma Adams","6","Low Diversity"
"Alma Anderson","53","High Diversity"
"Alma Bradbrook","23","Medium Diversity"
"Alma Falcon","60","High Diversity"
"Alma Poorbaugh","33","Medium Diversity"
"Alma Shelton","8","Low Diversity"
"Alma Son","22","Medium Diversity"
"Alma Steffen","22","Medium Diversity"
"Alphonse Hammer","7","Low Diversity"
"Alsy Morrow","11","Low Diversity"
"Alvin Maddalena","12","Low Diversity"
"Alvin Simpson","8","Low Diversity"
"Alvin Smith","24","Medium Diversity"
"Amalia Jorgenson","46","Medium Diversity"
"Amalie Wharton","36","Medium Diversity"
"Amanda Adler","26","Medium Diversity"
"Amanda Bird","6","Low Diversity"
"Amanda Bowman","2","Low Diversity"
"Amanda Debelak","16","Low Diversity"
"Amanda Maegoldo","10","Low Diversity"
"Amanda Mattice","48","Medium Diversity"
"Amanda Mcintire","39","Medium Diversity"
"Amanda Svee","21","Medium Diversity"
"Amanda Tucker","3","Low Diversity"
"Amanda Williams","39","Medium Diversity"
"Amato Kosanovich","14","Low Diversity"
"Amber Barley","4","Low Diversity"
"Amber Beckman","22","Medium Diversity"
"Amber East","17","Low Diversity"
"Amber Pratt","22","Medium Diversity"
"Amber Salazar","19","Low Diversity"
"Amber Tegegne","11","Low Diversity"
"Amelia Montano","27","Medium Diversity"
"Amir Netz","14","Low Diversity"
"Amir Oss","5","Low Diversity"
"Amy Adams","5","Low Diversity"
"Amy Black","11","Low Diversity"
"Amy Bleakley","18","Low Diversity"
"Amy Bolte","59","High Diversity"
"Amy Castandeda","5","Low Diversity"
"Amy Consentino","7","Low Diversity"
"Amy Hensley","10","Low Diversity"
"Amy Petranoff","31","Medium Diversity"
"Amy Taurman","14","Low Diversity"
"Amy Thatcher","21","Medium Diversity"
"Amy Valenzuela","20","Medium Diversity"
"Amy Vogel","17","Low Diversity"
"Amy Wood","17","Low Diversity"
"Amy Wopperer","19","Low Diversity"
"Ana-Marie Tobin","5","Low Diversity"
"Ana Bowie","6","Low Diversity"
"Ana Carrington","23","Medium Diversity"
"Ana Medina","16","Low Diversity"
"Ana Novas","21","Medium Diversity"
"Ana Piserchio","21","Medium Diversity"
"Ana Quick","20","Medium Diversity"
"Ana Wristen","6","Low Diversity"
"Anamaria Sander","16","Low Diversity"
"Anamarie Chew","26","Medium Diversity"
"Anastacio Butcher","9","Low Diversity"
"Anatole Sisk","30","Medium Diversity"
"Andre De Herrera","13","Low Diversity"
"Andre Downing","29","Medium Diversity"
"Andre Thompson","8","Low Diversity"
"Andrea Bressler","15","Low Diversity"
"Andrea Donlon","3","Low Diversity"
"Andrea Friesuer","17","Low Diversity"
"Andrea Sanchez","22","Medium Diversity"
"Andrea Shafer","16","Low Diversity"
"Andres Brewer","9","Low Diversity"
"Andrew Azcarate","26","Medium Diversity"
"Andrew Bell","65","High Diversity"
"Andrew Beller","28","Medium Diversity"
"Andrew Bonifacio","25","Medium Diversity"
"Andrew Budd","49","Medium Diversity"
"Andrew Garcia","9","Low Diversity"
"Andrew Gerlock","9","Low Diversity"
"Andrew Grosvenor","20","Medium Diversity"
"Andrew Hesslink","16","Low Diversity"
"Andrew Howley","2","Low Diversity"
"Andrew Kosley","15","Low Diversity"
"Andrew McCurry","29","Medium Diversity"
"Andrew Morales","4","Low Diversity"
"Andrew Passig","10","Low Diversity"
"Andrew Radford","13","Low Diversity"
"Andrew Starr","27","Medium Diversity"
"Andrew Stetler","6","Low Diversity"
"Andrew Stewart","37","Medium Diversity"
"Andrew Stronz","34","Medium Diversity"
"Andrew Swift","29","Medium Diversity"
"Andrew Thompson","20","Medium Diversity"
"Andrew Yates","2","Low Diversity"
"Andro Son","17","Low Diversity"
"Andy Schilleroff","36","Medium Diversity"
"Andy Toot","21","Medium Diversity"
"Angel Arevalo","23","Medium Diversity"
"Angel Forsythe","45","Medium Diversity"
"Angela Bauer","4","Low Diversity"
"Angela Cottle","8","Low Diversity"
"Angela Dalsaso","12","Low Diversity"
"Angela Evans","18","Low Diversity"
"Angela Garcia","44","Medium Diversity"
"Angela Hutchinson","8","Low Diversity"
"Angela Jackson","8","Low Diversity"
"Angela Jiminez","13","Low Diversity"
"Angela Monninger","20","Medium Diversity"
"Angela Preece","11","Low Diversity"
"Angela Watkins","7","Low Diversity"
"Angela Whelchel","58","High Diversity"
"Angelica Murray","14","Low Diversity"
"Angelina Cleland","12","Low Diversity"
"Angelina Mcdonald","23","Medium Diversity"
"Angelina Pabrislo","67","High Diversity"
"Angelina Supernaw","16","Low Diversity"
"Angelita Gibbs","5","Low Diversity"
"Angella Carrasco","15","Low Diversity"
"Angie Mccurry","16","Low Diversity"
"Angie Williams","15","Low Diversity"
"Anita Balchuck","3","Low Diversity"
"Anita Barton","12","Low Diversity"
"Anita Campbell","24","Medium Diversity"
"Anita Carrier","25","Medium Diversity"
"Anita Greer","26","Medium Diversity"
"Anita Higbee","21","Medium Diversity"
"Anita Kochis","52","High Diversity"
"Anita Lucero","47","Medium Diversity"
"Anita Quesada","12","Low Diversity"
"Anita Stoddard","17","Low Diversity"
"Anita Torres","35","Medium Diversity"
"Anju Bokinskie","15","Low Diversity"
"Ann-christine Sutton","12","Low Diversity"
"Ann Alconcher","19","Low Diversity"
"Ann Bagley","9","Low Diversity"
"Ann Barr","34","Medium Diversity"
"Ann Blomster","31","Medium Diversity"
"Ann Breaux","22","Medium Diversity"
"Ann Bryans","16","Low Diversity"
"Ann Burkamp","42","Medium Diversity"
"Ann Coke","4","Low Diversity"
"Ann Deborde","43","Medium Diversity"
"Ann Duvalle","19","Low Diversity"
"Ann Gaines","11","Low Diversity"
"Ann Gaya","8","Low Diversity"
"Ann Giannetto","7","Low Diversity"
"Ann Goldblatt","25","Medium Diversity"
"Ann Hass","5","Low Diversity"
"Ann Henry","31","Medium Diversity"
"Ann Howard","51","High Diversity"
"Ann Jourdenais","6","Low Diversity"
"Ann Komma","23","Medium Diversity"
"Ann Lowe","16","Low Diversity"
"Ann Miner","55","High Diversity"
"Ann Morreale","11","Low Diversity"
"Ann Paz","27","Medium Diversity"
"Ann Pearce","21","Medium Diversity"
"Ann Perez","38","Medium Diversity"
"Ann Shaw","5","Low Diversity"
"Ann Simmons","27","Medium Diversity"
"Ann Smith","51","High Diversity"
"Ann Srock","11","Low Diversity"
"Ann Talich","9","Low Diversity"
"Ann Tibbs","23","Medium Diversity"
"Ann Toke","16","Low Diversity"
"Ann Valdez","49","Medium Diversity"
"Ann Westover","5","Low Diversity"
"Ann Weyerhaeuser","6","Low Diversity"
"Ann Yeater","14","Low Diversity"
"Ann Yen","5","Low Diversity"
"Anna-lee Pope","32","Medium Diversity"
"Anna Ackerman","40","Medium Diversity"
"Anna Albright","4","Low Diversity"
"Anna Ames","10","Low Diversity"
"Anna Britton","17","Low Diversity"
"Anna Bulman","6","Low Diversity"
"Anna Casados","44","Medium Diversity"
"Anna Cornett","19","Low Diversity"
"Anna Creager","2","Low Diversity"
"Anna Evans","20","Medium Diversity"
"Anna Frongillo","51","High Diversity"
"Anna Gaffney","49","Medium Diversity"
"Anna Hill","14","Low Diversity"
"Anna Maria Moch","20","Medium Diversity"
"Anna McMillian","12","Low Diversity"
"Anna Richardson","13","Low Diversity"
"Anna Sarber","11","Low Diversity"
"Anna Stephens","15","Low Diversity"
"Anna Townsend","18","Low Diversity"
"Anna Winder","10","Low Diversity"
"Anna Wurick","10","Low Diversity"
"Annabelle Valencia","38","Medium Diversity"
"Annamarie Baldwin","6","Low Diversity"
"Anne-Marie Wood","14","Low Diversity"
"Anne Allard","76","High Diversity"
"Anne Arnold","49","Medium Diversity"
"Anne Conduff","9","Low Diversity"
"Anne Farley","41","Medium Diversity"
"Anne Lowe","66","High Diversity"
"Anne Manolis","19","Low Diversity"
"Anne Marie Waggoner","12","Low Diversity"
"Anne Marks","13","Low Diversity"
"Anne McClelland","15","Low Diversity"
"Anne Mercurio","2","Low Diversity"
"Anne Seevers","12","Low Diversity"
"Anne Silva","23","Medium Diversity"
"Anne Sims","8","Low Diversity"
"Anne Speakman","45","Medium Diversity"
"Anne Tracey","22","Medium Diversity"
"Anne Tuck","16","Low Diversity"
"Anne Vicknair","22","Medium Diversity"
"Anne Walker","29","Medium Diversity"
"Anne Westmacott","4","Low Diversity"
"Annemarie Riccillo","5","Low Diversity"
"Annette Matthews","11","Low Diversity"
"Annette Todd","26","Medium Diversity"
"Annette Von Strahl","44","Medium Diversity"
"Annette Woodward","25","Medium Diversity"
"Annmarie Hill","24","Medium Diversity"
"Antamine Veregas","12","Low Diversity"
"Anthony Armour","12","Low Diversity"
"Anthony Baldwin","34","Medium Diversity"
"Anthony Ball","10","Low Diversity"
"Anthony Barnes","5","Low Diversity"
"Anthony Barr","10","Low Diversity"
"Anthony Bauer","6","Low Diversity"
"Anthony Bolio","16","Low Diversity"
"Anthony Braver","46","Medium Diversity"
"Anthony Byrd","9","Low Diversity"
"Anthony Domenico","13","Low Diversity"
"Anthony Fenton","16","Low Diversity"
"Anthony Ghysels","36","Medium Diversity"
"Anthony Johnston","15","Low Diversity"
"Anthony Modlish","13","Low Diversity"
"Anthony Planck","20","Medium Diversity"
"Anthony Power","16","Low Diversity"
"Anthony Smith","20","Medium Diversity"
"Anthony Stafford","27","Medium Diversity"
"Anthony Styles","3","Low Diversity"
"Anthony Wiggins","36","Medium Diversity"
"Anthony Williams","22","Medium Diversity"
"Antoinette Anderson","4","Low Diversity"
"Antoinette Tackett","22","Medium Diversity"
"Antoinette Zocchi","5","Low Diversity"
"Antone Caldwell","35","Medium Diversity"
"Antonia Eads","11","Low Diversity"
"Antonio Bonilla","2","Low Diversity"
"Antonio Koltay","4","Low Diversity"
"Antonio Nolte","3","Low Diversity"
"April Bell","22","Medium Diversity"
"April Blackwood","50","High Diversity"
"April Cameron","7","Low Diversity"
"April Gleason","13","Low Diversity"
"April Latham","3","Low Diversity"
"April McLallen","23","Medium Diversity"
"April Mermis","7","Low Diversity"
"Arabelle Gardner","28","Medium Diversity"
"Aranda Bussell","51","High Diversity"
"Arden Bowen","18","Low Diversity"
"Arden Gonzales","17","Low Diversity"
"Arden Tutor","15","Low Diversity"
"Ari Tweten","16","Low Diversity"
"Ariana Miles","44","Medium Diversity"
"Ariel Netz","16","Low Diversity"
"Ariel Salka","12","Low Diversity"
"Arjeet Ashley","54","High Diversity"
"Arleah Cabezzas","44","Medium Diversity"
"Arlen Pearce","4","Low Diversity"
"Arlene Brown","11","Low Diversity"
"Arlene Leon","17","Low Diversity"
"Arlene Mizer","7","Low Diversity"
"Arlene Randolph","7","Low Diversity"
"Arlene Schimanski","18","Low Diversity"
"Arlene Sinnamon","4","Low Diversity"
"Arline Walker","15","Low Diversity"
"Arline Wiegeric","66","High Diversity"
"Arlis (Billie) MacDougal","20","Medium Diversity"
"Arnold Cole","26","Medium Diversity"
"Arnold Sears","21","Medium Diversity"
"Art Cox","12","Low Diversity"
"Arthenia Cabling","56","High Diversity"
"Arthur Bohn","14","Low Diversity"
"Arthur Deubel","6","Low Diversity"
"Arthur Haas","40","Medium Diversity"
"Arthur Hathaway","23","Medium Diversity"
"Arthur Kish","4","Low Diversity"
"Arthur Snow","38","Medium Diversity"
"Arthur Stopp","15","Low Diversity"
"Arthur Taborga","12","Low Diversity"
"Arthur Trout","10","Low Diversity"
"Arthur Vanier","9","Low Diversity"
"Arthur Vasquez","11","Low Diversity"
"Arthur Verdugo","57","High Diversity"
"Arthur Ward","10","Low Diversity"
"Arturo Poisson","43","Medium Diversity"
"Arvid Duran","30","Medium Diversity"
"Ashley Bielawski","10","Low Diversity"
"Ashley Mitchell","7","Low Diversity"
"Ashley Noll","37","Medium Diversity"
"Ashley Pierson","15","Low Diversity"
"Ashley Shinn","19","Low Diversity"
"Ashley Whalley","19","Low Diversity"
"Ashley Witt","15","Low Diversity"
"Ashlie Patton","62","High Diversity"
"Ashvini Sharama","12","Low Diversity"
"Atallah Todd","23","Medium Diversity"
"Aubrey Wall","55","High Diversity"
"Aubri Booth","14","Low Diversity"
"Audie Rincon","3","Low Diversity"
"Audrene Sweeney","23","Medium Diversity"
"Audrey Ahmadzai","8","Low Diversity"
"Audrey Bay","26","Medium Diversity"
"Audrey Carlos","15","Low Diversity"
"Audrey Fulghum","18","Low Diversity"
"Audrey Hoekman","12","Low Diversity"
"Audrey Jackson","8","Low Diversity"
"Audrey Osborn","15","Low Diversity"
"Audrey Stokes","33","Medium Diversity"
"Audrey Topping","15","Low Diversity"
"Audrey Wold","4","Low Diversity"
"August Isaacs","33","Medium Diversity"
"Aurelia Flynn","23","Medium Diversity"
"Aurelia Olguin","19","Low Diversity"
"Ava Hudson","16","Low Diversity"
"Avanelle Ciccone","19","Low Diversity"
"Avis Bouiler","9","Low Diversity"
"Ayanaa Maness","8","Low Diversity"
"Baha Kretz","5","Low Diversity"
"Baljeet Leyendecker","14","Low Diversity"
"Bambi Lyles","5","Low Diversity"
"Barbara Adams","32","Medium Diversity"
"Barbara Adkins","7","Low Diversity"
"Barbara Ann Phelps","17","Low Diversity"
"Barbara Appel","3","Low Diversity"
"Barbara Asuncion","4","Low Diversity"
"Barbara Barton","2","Low Diversity"
"Barbara Baustista","24","Medium Diversity"
"Barbara Beckman","27","Medium Diversity"
"Barbara Bellinchak","18","Low Diversity"
"Barbara Bennett","11","Low Diversity"
"Barbara Blackburn","46","Medium Diversity"
"Barbara Bowen","18","Low Diversity"
"Barbara Bradley","11","Low Diversity"
"Barbara Butcher","16","Low Diversity"
"Barbara Calone","41","Medium Diversity"
"Barbara Canonica","37","Medium Diversity"
"Barbara Carter","34","Medium Diversity"
"Barbara Chan","49","Medium Diversity"
"Barbara Cleary","11","Low Diversity"
"Barbara Combs","6","Low Diversity"
"Barbara Cope","52","High Diversity"
"Barbara Craig","4","Low Diversity"
"Barbara DAvignon","33","Medium Diversity"
"Barbara Doll","20","Medium Diversity"
"Barbara Duncan","11","Low Diversity"
"Barbara Gambrel","33","Medium Diversity"
"Barbara Gelabert","7","Low Diversity"
"Barbara Gramstoff","27","Medium Diversity"
"Barbara Hagen","5","Low Diversity"
"Barbara Hamilton","32","Medium Diversity"
"Barbara Hill","4","Low Diversity"
"Barbara Hilliard","7","Low Diversity"
"Barbara Kaplan","14","Low Diversity"
"Barbara Lamaak","4","Low Diversity"
"Barbara Landreth","6","Low Diversity"
"Barbara Lipscomb","51","High Diversity"
"Barbara Merrick","15","Low Diversity"
"Barbara Mohar","11","Low Diversity"
"Barbara Obaugh","60","High Diversity"
"Barbara Poston","14","Low Diversity"
"Barbara Prutch","9","Low Diversity"
"Barbara Ramey","68","High Diversity"
"Barbara Romero","29","Medium Diversity"
"Barbara Schmidt","44","Medium Diversity"
"Barbara Schultz","6","Low Diversity"
"Barbara Serventi","20","Medium Diversity"
"Barbara Shaw","35","Medium Diversity"
"Barbara Sipsy","7","Low Diversity"
"Barbara Smith","44","Medium Diversity"
"Barbara Sparks","21","Medium Diversity"
"Barbara Sponburg","12","Low Diversity"
"Barbara Stam","6","Low Diversity"
"Barbara Stone","13","Low Diversity"
"Barbara Thomas","22","Medium Diversity"
"Barbara Thompson","24","Medium Diversity"
"Barbara Thorne","11","Low Diversity"
"Barbara Towery","53","High Diversity"
"Barbara Travis","17","Low Diversity"
"Barbara Uyeda","15","Low Diversity"
"Barbara Velasquez","10","Low Diversity"
"Barbara Verdin","13","Low Diversity"
"Barbara Verdugo","13","Low Diversity"
"Barbara Wagner","28","Medium Diversity"
"Barbara Wallin","6","Low Diversity"
"Barbara Weller","7","Low Diversity"
"Barbara Westcott","2","Low Diversity"
"Barbara Williams","7","Low Diversity"
"Barbara Wisnewski","14","Low Diversity"
"Barbara Younce","21","Medium Diversity"
"Barbara Younge","10","Low Diversity"
"Barbra Adams","23","Medium Diversity"
"Barnett Barnette","25","Medium Diversity"
"Barrett Younkin","28","Medium Diversity"
"Barri Colvin","34","Medium Diversity"
"Barry Beninati","35","Medium Diversity"
"Barry Pritts","21","Medium Diversity"
"Barry Sherry","23","Medium Diversity"
"Barry Slominski","14","Low Diversity"
"Barry Tiller","29","Medium Diversity"
"Barton Barros","6","Low Diversity"
"Barton Rose","14","Low Diversity"
"Beata Hood","9","Low Diversity"
"Beath Hansford","24","Medium Diversity"
"Beatrice Barney","37","Medium Diversity"
"Beatrice Boggs","20","Medium Diversity"
"Beatrice Fenderbosch","37","Medium Diversity"
"Beatrice Heath","6","Low Diversity"
"Beatrice Lilley","20","Medium Diversity"
"Beatrice Verdugo","44","Medium Diversity"
"Beatrix Stevens","28","Medium Diversity"
"Becky Andres","18","Low Diversity"
"Becky Perez","57","High Diversity"
"Becky Waters","38","Medium Diversity"
"Belinda Arrowsmith","4","Low Diversity"
"Belinda Campello","27","Medium Diversity"
"Belinda Topping","44","Medium Diversity"
"Ben Blunt","17","Low Diversity"
"Ben Charles","17","Low Diversity"
"Ben McRae","3","Low Diversity"
"Bendt Tutt","9","Low Diversity"
"Benjamin Becker","33","Medium Diversity"
"Benjamin Boshnack","16","Low Diversity"
"Benjamin Morris","8","Low Diversity"
"Benjamin Senick","4","Low Diversity"
"Bennie King","30","Medium Diversity"
"Bennie Wenzel","2","Low Diversity"
"Benny Wilsey","16","Low Diversity"
"Bernadette Andersen","23","Medium Diversity"
"Bernadette Marschang","74","High Diversity"
"Bernadette Rosania","3","Low Diversity"
"Bernadette Wintermantel","12","Low Diversity"
"Bernadine Garrison","11","Low Diversity"
"Bernard Bogott","56","High Diversity"
"Bernard Bruner","29","Medium Diversity"
"Bernard Maestas","16","Low Diversity"
"Bernard Thompson","10","Low Diversity"
"Bernard Voerge","54","High Diversity"
"Bernell Barr","4","Low Diversity"
"Bernice Douglas","22","Medium Diversity"
"Bernice Hammonds","13","Low Diversity"
"Bernice Shelton","4","Low Diversity"
"Bernice Stenenson","44","Medium Diversity"
"Bernice Welch","9","Low Diversity"
"Bernie Johnson","37","Medium Diversity"
"Berniece Beltran","10","Low Diversity"
"Bertha Ciruli","16","Low Diversity"
"Bertha Colletti","30","Medium Diversity"
"Bertha Jameson","13","Low Diversity"
"Bertha Mae Ponce","32","Medium Diversity"
"Bertha Padilla","5","Low Diversity"
"Bertha Verhaus","18","Low Diversity"
"Bertha Wilcox","57","High Diversity"
"Bertie Cogburn","2","Low Diversity"
"Bertie Wherrett","6","Low Diversity"
"Bertil Bethurum","9","Low Diversity"
"Bertram Campos","5","Low Diversity"
"Bertram Klopfer","8","Low Diversity"
"Bessie Contreras","39","Medium Diversity"
"Bessie Shelton","20","Medium Diversity"
"Bessie Wilson","5","Low Diversity"
"Beth Carr","21","Medium Diversity"
"Beth Moore","16","Low Diversity"
"Beth Nichols","25","Medium Diversity"
"Beth Ohnheiser","76","High Diversity"
"Beth Stanley","21","Medium Diversity"
"Beth Waskey","8","Low Diversity"
"Bethany Bermudez","9","Low Diversity"
"Bethany Chappell","4","Low Diversity"
"Bethe Habern","27","Medium Diversity"
"Betsy Agee","2","Low Diversity"
"Betsy Chan","5","Low Diversity"
"Betsy McFadden","2","Low Diversity"
"Betsy Sallee","10","Low Diversity"
"Betsy Webb","43","Medium Diversity"
"Bette Peters","10","Low Diversity"
"Betti Smith","20","Medium Diversity"
"Bettie Allen","3","Low Diversity"
"Bettie Pooler","16","Low Diversity"
"Betty Anderson","9","Low Diversity"
"Betty Aragon","5","Low Diversity"
"Betty Avetisian","12","Low Diversity"
"Betty Bezner","7","Low Diversity"
"Betty Boggs","17","Low Diversity"
"Betty Bohannan","15","Low Diversity"
"Betty Bordenave","32","Medium Diversity"
"Betty Boshnack","14","Low Diversity"
"Betty Brekle","17","Low Diversity"
"Betty Bressler","23","Medium Diversity"
"Betty Cartwright","25","Medium Diversity"
"Betty Christmas","6","Low Diversity"
"Betty Collins","69","High Diversity"
"Betty Damore","15","Low Diversity"
"Betty Devalois","12","Low Diversity"
"Betty Driscoll","25","Medium Diversity"
"Betty Garretson","21","Medium Diversity"
"Betty Goble","33","Medium Diversity"
"Betty Groves","24","Medium Diversity"
"Betty Haines","18","Low Diversity"
"Betty Hensley","70","High Diversity"
"Betty Jo Hedgpeth","30","Medium Diversity"
"Betty Kiser","14","Low Diversity"
"Betty Kyle","4","Low Diversity"
"Betty Leach","20","Medium Diversity"
"Betty Lerner","9","Low Diversity"
"Betty Littrell","12","Low Diversity"
"Betty Lou Lunt","26","Medium Diversity"
"Betty Marco","39","Medium Diversity"
"Betty Marilee Cata","6","Low Diversity"
"Betty McMenama","23","Medium Diversity"
"Betty Mondragon","10","Low Diversity"
"Betty Morrison","23","Medium Diversity"
"Betty Nicholas","59","High Diversity"
"Betty Pacino","9","Low Diversity"
"Betty Potts","42","Medium Diversity"
"Betty Ramirez","13","Low Diversity"
"Betty Rivera","2","Low Diversity"
"Betty Rollins","52","High Diversity"
"Betty Setzer","4","Low Diversity"
"Betty Thompson","41","Medium Diversity"
"Betty Thorne","8","Low Diversity"
"Betty Tobias","26","Medium Diversity"
"Betty Tominello","11","Low Diversity"
"Betty Vigil","26","Medium Diversity"
"Betty Wilson","34","Medium Diversity"
"Betty Zittel","9","Low Diversity"
"Bettye Dykstra","7","Low Diversity"
"Bev Desalvo","22","Medium Diversity"
"Bev Hancock","36","Medium Diversity"
"Beverly Alexander","46","Medium Diversity"
"Beverly Avila","18","Low Diversity"
"Beverly Baker","30","Medium Diversity"
"Beverly Bonham","15","Low Diversity"
"Beverly Brush","17","Low Diversity"
"Beverly Bybee","16","Low Diversity"
"Beverly Cardoza","9","Low Diversity"
"Beverly Carrington","29","Medium Diversity"
"Beverly Christensen","44","Medium Diversity"
"Beverly Dittmar","16","Low Diversity"
"Beverly Glassman","17","Low Diversity"
"Beverly Lilly","71","High Diversity"
"Beverly Maher","4","Low Diversity"
"Beverly Morales","7","Low Diversity"
"Beverly Pearson","51","High Diversity"
"Beverly Pierce","5","Low Diversity"
"Beverly Purvey","5","Low Diversity"
"Beverly Stephenson","28","Medium Diversity"
"Beverly Thornlow","33","Medium Diversity"
"Beverly Vawter","19","Low Diversity"
"Beverly Veneracion","54","High Diversity"
"Beverly Verduzco","8","Low Diversity"
"Beverly Wiegner","19","Low Diversity"
"Beverly Young","38","Medium Diversity"
"Biju Jones","9","Low Diversity"
"Bill Berg","13","Low Diversity"
"Bill Hall","23","Medium Diversity"
"Bill Heil","3","Low Diversity"
"Bill Sarne","16","Low Diversity"
"Bill Springfield","2","Low Diversity"
"Bill Stober","28","Medium Diversity"
"Bill Tracy","15","Low Diversity"
"Bill Wroe","14","Low Diversity"
"Bill Wysocki","34","Medium Diversity"
"Bill Young","11","Low Diversity"
"Billie Debekker","2","Low Diversity"
"Billie Latessa","18","Low Diversity"
"Billie Moncivaiz","29","Medium Diversity"
"Billie Wylie","5","Low Diversity"
"Billilyn Whitmer","17","Low Diversity"
"Billy Bergman","19","Low Diversity"
"Billy Buck","13","Low Diversity"
"Billy Chen","14","Low Diversity"
"Billy Coe","26","Medium Diversity"
"Billy Duran","6","Low Diversity"
"Billy Trent","18","Low Diversity"
"Bimal Schmidt","50","High Diversity"
"Birdie Hatter","16","Low Diversity"
"Birgitta Smalley","13","Low Diversity"
"Biship Russo","2","Low Diversity"
"Bishop Meastas","13","Low Diversity"
"Bitty Romero","6","Low Diversity"
"Blain Daugherty","17","Low Diversity"
"Blaise Moody","6","Low Diversity"
"Blake Amick","19","Low Diversity"
"Blanca Almanzor","14","Low Diversity"
"Blanche Griffin","33","Medium Diversity"
"Bo Chaney","33","Medium Diversity"
"Boaz Jones","13","Low Diversity"
"Bob Alexander","69","High Diversity"
"Bob Carrere","17","Low Diversity"
"Bob Dabit","3","Low Diversity"
"Bob Mashburn","12","Low Diversity"
"Bob Pencoff","20","Medium Diversity"
"Bob Sullivan","2","Low Diversity"
"Bob Tompkins","16","Low Diversity"
"Bob Worleg","6","Low Diversity"
"Bobb Staiglesia","26","Medium Diversity"
"Bobbie Gayheart","6","Low Diversity"
"Bobby Hodge","10","Low Diversity"
"Bobby Lundin","55","High Diversity"
"Bobby Quach","2","Low Diversity"
"Bobby Waksdale","29","Medium Diversity"
"Bonnie Abbott","15","Low Diversity"
"Bonnie Afana","26","Medium Diversity"
"Bonnie Aiello","21","Medium Diversity"
"Bonnie Brinton","8","Low Diversity"
"Bonnie Brook","16","Low Diversity"
"Bonnie Bruno","12","Low Diversity"
"Bonnie Crawford","30","Medium Diversity"
"Bonnie Emerson","38","Medium Diversity"
"Bonnie Gyure","10","Low Diversity"
"Bonnie Hamstra","11","Low Diversity"
"Bonnie Lair","15","Low Diversity"
"Bonnie Lepro","20","Medium Diversity"
"Bonnie Martin","2","Low Diversity"
"Bonnie Mcveigh","8","Low Diversity"
"Bonnie OMalley","14","Low Diversity"
"Bonnie Pearl","35","Medium Diversity"
"Bonnie Smith","14","Low Diversity"
"Bonnie Staley","67","High Diversity"
"Bonnie Stevens","50","High Diversity"
"Bonnie Szynskie","18","Low Diversity"
"Bonnie Thiel","2","Low Diversity"
"Bonnie Valett","13","Low Diversity"
"Bonnie Witten","16","Low Diversity"
"Bowan Roger","19","Low Diversity"
"Boyd Cicerelli","21","Medium Diversity"
"Boyd Pusedu","5","Low Diversity"
"Brad Craig","20","Medium Diversity"
"Brad McWherter","22","Medium Diversity"
"Brad Salls","24","Medium Diversity"
"Brad Steele","14","Low Diversity"
"Bradley Doman","55","High Diversity"
"Bradley Lorenzo, Jr.","24","Medium Diversity"
"Brandi Barry","10","Low Diversity"
"Brandi Broom","24","Medium Diversity"
"Brandi Wilson","19","Low Diversity"
"Brandon Burton","6","Low Diversity"
"Brandon Clery","3","Low Diversity"
"Brandon Curtis","21","Medium Diversity"
"Brandon Metz","36","Medium Diversity"
"Brandon Perez","35","Medium Diversity"
"Brandon Rohlke","16","Low Diversity"
"Brandon Vieregg","14","Low Diversity"
"Brandon Ward","46","Medium Diversity"
"Brandy Malone","17","Low Diversity"
"Branna Seul","6","Low Diversity"
"Branwen Benoit","33","Medium Diversity"
"Brenda Blumberg","13","Low Diversity"
"Brenda Carothers","10","Low Diversity"
"Brenda Cashmore","20","Medium Diversity"
"Brenda Coniglio","43","Medium Diversity"
"Brenda Dye","9","Low Diversity"
"Brenda Heaney","56","High Diversity"
"Brenda Hurst","8","Low Diversity"
"Brenda Lambert","13","Low Diversity"
"Brenda Lavery","24","Medium Diversity"
"Brenda Loeffelbein","19","Low Diversity"
"Brenda Marlowe","40","Medium Diversity"
"Brenda Marshall","7","Low Diversity"
"Brenda McElfresh","15","Low Diversity"
"Brenda Proctor","14","Low Diversity"
"Brenda Riley","4","Low Diversity"
"Brenda Sluder","20","Medium Diversity"
"Brenda Sowers","10","Low Diversity"
"Brenda Zagar","12","Low Diversity"
"Brendan Oleson","13","Low Diversity"
"Brent Clark","17","Low Diversity"
"Bret Nielson","38","Medium Diversity"
"Brett Broce","13","Low Diversity"
"Brett Chiero","37","Medium Diversity"
"Brett Hammons","42","Medium Diversity"
"Brett Johnson","15","Low Diversity"
"Brian Abbott","4","Low Diversity"
"Brian Ames","26","Medium Diversity"
"Brian Asleson","4","Low Diversity"
"Brian Atterbury","6","Low Diversity"
"Brian Baca","47","Medium Diversity"
"Brian Ball","38","Medium Diversity"
"Brian Cadotte","15","Low Diversity"
"Brian Campbell","8","Low Diversity"
"Brian Chen","15","Low Diversity"
"Brian Clayton","18","Low Diversity"
"Brian Cocanougher","22","Medium Diversity"
"Brian Cutting","6","Low Diversity"
"Brian Enrico","27","Medium Diversity"
"Brian Hawthorne","49","Medium Diversity"
"Brian Heiser","12","Low Diversity"
"Brian Hodgson","10","Low Diversity"
"Brian Johnston","21","Medium Diversity"
"Brian Jones","54","High Diversity"
"Brian Little","12","Low Diversity"
"Brian Merlo","6","Low Diversity"
"Brian Moore","4","Low Diversity"
"Brian Morales","42","Medium Diversity"
"Brian Nakauchi","5","Low Diversity"
"Brian Rasmussen","15","Low Diversity"
"Brian Raya","25","Medium Diversity"
"Brian Smith","4","Low Diversity"
"Brian Tate","29","Medium Diversity"
"Brian Tingey","8","Low Diversity"
"Brian Turcios","70","High Diversity"
"Brian Walker","33","Medium Diversity"
"Brian Watson","10","Low Diversity"
"Brian Willeford","26","Medium Diversity"
"Bridget Browqett","35","Medium Diversity"
"Bridget Vanotterloo","13","Low Diversity"
"Bridgette Wiles","12","Low Diversity"
"Brittany Malik","51","High Diversity"
"Brittney Valdez","20","Medium Diversity"
"Britton Walker","25","Medium Diversity"
"Broadway Brewer","63","High Diversity"
"Broamma Dembicki","14","Low Diversity"
"Bronson Jacobs","19","Low Diversity"
"Brooke Mitchell","9","Low Diversity"
"Browl Swinford","46","Medium Diversity"
"Brradley Kamley","21","Medium Diversity"
"Bruce Baker","21","Medium Diversity"
"Bruce Berg","9","Low Diversity"
"Bruce Chacon","24","Medium Diversity"
"Bruce Collins","11","Low Diversity"
"Bruce Ferguson","27","Medium Diversity"
"Bruce Kirkpatrick","10","Low Diversity"
"Bruce McDonnell","22","Medium Diversity"
"Bruce McNees","11","Low Diversity"
"Bruce Papetti","5","Low Diversity"
"Bruce Peters","14","Low Diversity"
"Bruce Shafer","7","Low Diversity"
"Bruce Sibert","9","Low Diversity"
"Bruce Tepper","41","Medium Diversity"
"Bruce Weber","26","Medium Diversity"
"Bruce Wood","7","Low Diversity"
"Bruno Balestrieri","17","Low Diversity"
"Bryan Brown","16","Low Diversity"
"Bryan Kelley","6","Low Diversity"
"Bryan Rutledge","13","Low Diversity"
"Bryan Suggett","22","Medium Diversity"
"Bryan White","22","Medium Diversity"
"Bryant Smith","13","Low Diversity"
"Bryndis Foster","7","Low Diversity"
"Buck Megenity","27","Medium Diversity"
"Bunny McCown","32","Medium Diversity"
"Burdy Turner","18","Low Diversity"
"Burnis Biltoft","14","Low Diversity"
"Burt Burks","11","Low Diversity"
"Byron Johnson","15","Low Diversity"
"C. Desilvey","31","Medium Diversity"
"C. James Gillespie","8","Low Diversity"
"Calen Wunderlich","26","Medium Diversity"
"Cali Hufton","12","Low Diversity"
"Calvin Cardas","7","Low Diversity"
"Calvin Carpenter","22","Medium Diversity"
"Calvin Clendenen","23","Medium Diversity"
"Calvin Pochert","14","Low Diversity"
"Calvin Wilson","11","Low Diversity"
"Camille Skeens","65","High Diversity"
"Candice Ashe","16","Low Diversity"
"Candida Elliot","3","Low Diversity"
"Candy Brinlee","28","Medium Diversity"
"Candy Wong","5","Low Diversity"
"Cardona Polley","7","Low Diversity"
"Carey Barnes","6","Low Diversity"
"Carl Beckby","28","Medium Diversity"
"Carl Bravo","31","Medium Diversity"
"Carl Bryant Brown","24","Medium Diversity"
"Carl Dreschel","35","Medium Diversity"
"Carl Hall","29","Medium Diversity"
"Carl Johnson","20","Medium Diversity"
"Carl Massett","2","Low Diversity"
"Carl Morris","20","Medium Diversity"
"Carl Perez, Jr.","24","Medium Diversity"
"Carl Pettit","12","Low Diversity"
"Carl Robinson","60","High Diversity"
"Carl Sonneborn","6","Low Diversity"
"Carl Wesley","23","Medium Diversity"
"Carl White","42","Medium Diversity"
"Carl Williams","18","Low Diversity"
"Carl Zastrow","5","Low Diversity"
"Carla Adams","28","Medium Diversity"
"Carla Bertrand","13","Low Diversity"
"Carla Bolton","21","Medium Diversity"
"Carla Chatwin","10","Low Diversity"
"Carla Eldridge","13","Low Diversity"
"Carla Lammers","33","Medium Diversity"
"Carla Stevenson","3","Low Diversity"
"Carla Stiltner","19","Low Diversity"
"Carla Zubaty","17","Low Diversity"
"Carlo Wheeler","33","Medium Diversity"
"Carlos Anzano","23","Medium Diversity"
"Carlos Briner","4","Low Diversity"
"Carlos Caprio","6","Low Diversity"
"Carlos Lopez","21","Medium Diversity"
"Carlos Rubin","6","Low Diversity"
"Carlos Tackett","15","Low Diversity"
"Carlos Weir","17","Low Diversity"
"Carlos Winslow","7","Low Diversity"
"Carlos Wu","10","Low Diversity"
"Carlton Carlisle","34","Medium Diversity"
"Carmen Schmidt","2","Low Diversity"
"Carmen Wagner","11","Low Diversity"
"Carmenia Spence","4","Low Diversity"
"Carol Ackerman","16","Low Diversity"
"Carol Ann Rockne","13","Low Diversity"
"Carol Bell","11","Low Diversity"
"Carol Berginski","23","Medium Diversity"
"Carol Bond","3","Low Diversity"
"Carol Braunstein","16","Low Diversity"
"Carol Brong","4","Low Diversity"
"Carol Butler","4","Low Diversity"
"Carol Campbell","24","Medium Diversity"
"Carol Chatfield","10","Low Diversity"
"Carol Clark","6","Low Diversity"
"Carol Colletti","8","Low Diversity"
"Carol Cook","35","Medium Diversity"
"Carol Elliott","20","Medium Diversity"
"Carol Exposito","10","Low Diversity"
"Carol Eyster","28","Medium Diversity"
"Carol Fitzsimmons","9","Low Diversity"
"Carol Flynn","39","Medium Diversity"
"Carol Gibson","2","Low Diversity"
"Carol Guilford","5","Low Diversity"
"Carol Herleth","10","Low Diversity"
"Carol Letson","53","High Diversity"
"Carol Lindsay","22","Medium Diversity"
"Carol Mitchell","31","Medium Diversity"
"Carol Nejedly","12","Low Diversity"
"Carol Puckett","11","Low Diversity"
"Carol Ramsey","23","Medium Diversity"
"Carol Runck","23","Medium Diversity"
"Carol Scheulen","21","Medium Diversity"
"Carol Shifflet","10","Low Diversity"
"Carol Shintani","10","Low Diversity"
"Carol Sinclair","25","Medium Diversity"
"Carol Singleton","25","Medium Diversity"
"Carol Snyder","7","Low Diversity"
"Carol Steele","30","Medium Diversity"
"Carol Sullivan","33","Medium Diversity"
"Carol Tancredy","9","Low Diversity"
"Carol Tusting","50","High Diversity"
"Carol Vigil","8","Low Diversity"
"Carol Wacklin","40","Medium Diversity"
"Carol Wakefield","15","Low Diversity"
"Carol Whipple","22","Medium Diversity"
"Carol Wynn","18","Low Diversity"
"Carol York","47","Medium Diversity"
"Carole Graham","16","Low Diversity"
"Carole Hoskins","5","Low Diversity"
"Carole Moran","34","Medium Diversity"
"Carole Weiss","12","Low Diversity"
"Carole Zarah","8","Low Diversity"
"Carolee Brown","4","Low Diversity"
"Caroli Buckhaults","9","Low Diversity"
"Caroline Vicknair","15","Low Diversity"
"Caroline Woodard","12","Low Diversity"
"Carolyn Alumbaugh","10","Low Diversity"
"Carolyn Antrim","19","Low Diversity"
"Carolyn Arellano","45","Medium Diversity"
"Carolyn Birdwhistell","27","Medium Diversity"
"Carolyn Calhoun","4","Low Diversity"
"Carolyn Carlson","10","Low Diversity"
"Carolyn Cartwright","52","High Diversity"
"Carolyn Case","12","Low Diversity"
"Carolyn Chavez","34","Medium Diversity"
"Carolyn Dowdell","19","Low Diversity"
"Carolyn Fisher","26","Medium Diversity"
"Carolyn Herrera","31","Medium Diversity"
"Carolyn Johnson","8","Low Diversity"
"Carolyn Kalbfleisch","17","Low Diversity"
"Carolyn Leon","15","Low Diversity"
"Carolyn Pilcher","21","Medium Diversity"
"Carolyn Spindler","15","Low Diversity"
"Carolyn Staton","57","High Diversity"
"Carolyn Tancredy","16","Low Diversity"
"Carolyn Trau","41","Medium Diversity"
"Carolyn Wagner","9","Low Diversity"
"Carolyn Walters","9","Low Diversity"
"Carolyn Waterbury","11","Low Diversity"
"Carolyn Watson","4","Low Diversity"
"Carolyne Nelson","37","Medium Diversity"
"Carrie Anderson","23","Medium Diversity"
"Carrie Brunda","28","Medium Diversity"
"Carrie Stensvold","5","Low Diversity"
"Carrie Wiley","25","Medium Diversity"
"Carroll Abbate","36","Medium Diversity"
"Carroll Antonio","14","Low Diversity"
"Carroll Kelly","6","Low Diversity"
"Carroll Pressnitz","14","Low Diversity"
"Cary Reed","16","Low Diversity"
"Caryl Esche","49","Medium Diversity"
"Casey Bussey","9","Low Diversity"
"Casilda Walker","12","Low Diversity"
"Cassandra Lee","56","High Diversity"
"Cassie Baker","54","High Diversity"
"Catherine Abahamdeh","19","Low Diversity"
"Catherine Ahlberg","14","Low Diversity"
"Catherine Allen","6","Low Diversity"
"Catherine Beaudoin","2","Low Diversity"
"Catherine Benallich","33","Medium Diversity"
"Catherine Castillo","9","Low Diversity"
"Catherine Castorena","19","Low Diversity"
"Catherine Day","17","Low Diversity"
"Catherine Gilbert","46","Medium Diversity"
"Catherine Hagae","45","Medium Diversity"
"Catherine Hammond","8","Low Diversity"
"Catherine Hathcock","5","Low Diversity"
"Catherine Ketchum","32","Medium Diversity"
"Catherine Kowalewski","61","High Diversity"
"Catherine Maes","5","Low Diversity"
"Catherine Meagher","39","Medium Diversity"
"Catherine Morris","23","Medium Diversity"
"Catherine Park","57","High Diversity"
"Catherine Rhea","26","Medium Diversity"
"Catherine Slentz","61","High Diversity"
"Catherine Tejeda","13","Low Diversity"
"Catherine Turnwall","5","Low Diversity"
"Catherine Urda","23","Medium Diversity"
"Catherine Waterhouse","24","Medium Diversity"
"Catherine Whitney","5","Low Diversity"
"Catherine Yashar","37","Medium Diversity"
"Cathey Quintana","15","Low Diversity"
"Cathie Daghlian","43","Medium Diversity"
"Cathleen Bybee","5","Low Diversity"
"Cathryn Musgrove","15","Low Diversity"
"Cathy Ackerman","4","Low Diversity"
"Cathy Bohn","18","Low Diversity"
"Cathy Filson","8","Low Diversity"
"Cathy Garcia","14","Low Diversity"
"Cathy Mulay","8","Low Diversity"
"Cathy Norwood","7","Low Diversity"
"Cathy Robinson","2","Low Diversity"
"Cathy Sipsy","11","Low Diversity"
"Cathy Sloan","6","Low Diversity"
"Cathy Tamayo","8","Low Diversity"
"Cathy Thomas","24","Medium Diversity"
"Cathy Vine","43","Medium Diversity"
"Cathy Yanaga","6","Low Diversity"
"Ceaser Krueger","18","Low Diversity"
"Cecil Allison","12","Low Diversity"
"Cecil Hill","7","Low Diversity"
"Cecil Martinez","36","Medium Diversity"
"Cecil Stone","51","High Diversity"
"Cecil Ursick","10","Low Diversity"
"Cecilia Grainey","20","Medium Diversity"
"Cecilia Laursen","61","High Diversity"
"Cecilia Rowell","5","Low Diversity"
"Celeste Triebel","4","Low Diversity"
"Celestial Spurgeon","64","High Diversity"
"Celia Haug","33","Medium Diversity"
"Celine Reed","26","Medium Diversity"
"Celvin Bledsoe","21","Medium Diversity"
"Cena Maddox","21","Medium Diversity"
"Chad Allen","3","Low Diversity"
"Chad Batt","15","Low Diversity"
"Chad Biederman","12","Low Diversity"
"Chad Borrelli","15","Low Diversity"
"Chad Hanson","13","Low Diversity"
"Chad Neuhauser","2","Low Diversity"
"Chad Osborne","20","Medium Diversity"
"Chad Tedford","7","Low Diversity"
"Chaillot Retinski","24","Medium Diversity"
"Chandana Hathi","6","Low Diversity"
"Chandria Brunner","12","Low Diversity"
"Chanin Coder","8","Low Diversity"
"Charity Blue","21","Medium Diversity"
"Charlemagne Morse","18","Low Diversity"
"Charlene Hunter","6","Low Diversity"
"Charlene Keller","33","Medium Diversity"
"Charlene Mahanti","11","Low Diversity"
"Charlene Okrongly","3","Low Diversity"
"Charlene Sorenson","15","Low Diversity"
"Charlene Whitney","51","High Diversity"
"Charles Adams","47","Medium Diversity"
"Charles Adler","22","Medium Diversity"
"Charles Bach","7","Low Diversity"
"Charles Barrier","20","Medium Diversity"
"Charles Beaty","48","Medium Diversity"
"Charles Begor","30","Medium Diversity"
"Charles Borge","27","Medium Diversity"
"Charles Boyce","26","Medium Diversity"
"Charles Bradley","19","Low Diversity"
"Charles Chrisman","31","Medium Diversity"
"Charles Christensen","14","Low Diversity"
"Charles Colletti","13","Low Diversity"
"Charles Cone","29","Medium Diversity"
"Charles Cooper","12","Low Diversity"
"Charles Drake","14","Low Diversity"
"Charles Flick","38","Medium Diversity"
"Charles Garrison","45","Medium Diversity"
"Charles Gibbons","19","Low Diversity"
"Charles Gunther","50","High Diversity"
"Charles Hahnlen","12","Low Diversity"
"Charles Hull","47","Medium Diversity"
"Charles Krassowski","5","Low Diversity"
"Charles Lafoe","16","Low Diversity"
"Charles Lee","35","Medium Diversity"
"Charles Logan","16","Low Diversity"
"Charles Macaluso","3","Low Diversity"
"Charles Martinez","16","Low Diversity"
"Charles McGrath","11","Low Diversity"
"Charles Munoz","34","Medium Diversity"
"Charles Murray","34","Medium Diversity"
"Charles Noakes","31","Medium Diversity"
"Charles Pearl","12","Low Diversity"
"Charles Sanchez","11","Low Diversity"
"Charles Stanley","55","High Diversity"
"Charles Stearns","42","Medium Diversity"
"Charles Strange","35","Medium Diversity"
"Charles Stranger","7","Low Diversity"
"Charles Surber","54","High Diversity"
"Charles Thompson","23","Medium Diversity"
"Charles Tolton","17","Low Diversity"
"Charles Venezio","22","Medium Diversity"
"Charles Wagner","8","Low Diversity"
"Charles Walker","10","Low Diversity"
"Charles Washington","18","Low Diversity"
"Charles Weidman","35","Medium Diversity"
"Charles Wetzel","2","Low Diversity"
"Charles Whicher","11","Low Diversity"
"Charles Williams","3","Low Diversity"
"Charles Wilson","19","Low Diversity"
"Charles Yates","8","Low Diversity"
"Charles Zetzer","38","Medium Diversity"
"Charlie Worthington","54","High Diversity"
"Charlo Reilly","5","Low Diversity"
"Charlotee Ferguson","24","Medium Diversity"
"Charlotte Brandt","25","Medium Diversity"
"Charlotte Clark","22","Medium Diversity"
"Charlotte Plutt","2","Low Diversity"
"Charlotte Price","22","Medium Diversity"
"Charlotte Sanchez","30","Medium Diversity"
"Charlotte Suazo","16","Low Diversity"
"Charlotte Yonce","35","Medium Diversity"
"Chase Dysart","20","Medium Diversity"
"Chastity Wygal","4","Low Diversity"
"Chauncey Schaub","6","Low Diversity"
"Chauncey Tsudama","11","Low Diversity"
"Chaz Addington","31","Medium Diversity"
"Chellie Nolan","15","Low Diversity"
"Chelsea Aguilar","6","Low Diversity"
"Chelsea Newman","10","Low Diversity"
"Cheri Buchanan","2","Low Diversity"
"Cheri Ellis","13","Low Diversity"
"Cheri Martinez","11","Low Diversity"
"Cheri Voeltz","10","Low Diversity"
"Cheri Weihe","29","Medium Diversity"
"Cherie Blaney","34","Medium Diversity"
"Cherie Dagnillo","24","Medium Diversity"
"Cherrie Morgan","15","Low Diversity"
"Cheryl Avakian","5","Low Diversity"
"Cheryl Barta","2","Low Diversity"
"Cheryl Blockie","13","Low Diversity"
"Cheryl Carby","4","Low Diversity"
"Cheryl Cereghino","20","Medium Diversity"
"Cheryl Herring","47","Medium Diversity"
"Cheryl Lancaster","20","Medium Diversity"
"Cheryl Lawrence","21","Medium Diversity"
"Cheryl Lyons","4","Low Diversity"
"Cheryl Marshall","13","Low Diversity"
"Cheryl Martin","15","Low Diversity"
"Cheryl Martinez","16","Low Diversity"
"Cheryl Millett","31","Medium Diversity"
"Cheryl Mondragon","26","Medium Diversity"
"Cheryl Pompa","14","Low Diversity"
"Cheryl Taylor","18","Low Diversity"
"Cheryl Tobin","30","Medium Diversity"
"Cheryl Vigil","40","Medium Diversity"
"Chesney Jaramillo","23","Medium Diversity"
"Chester Swanson","19","Low Diversity"
"Chevalle Chappell","6","Low Diversity"
"Chey Jones","2","Low Diversity"
"Cheyrl Davis","30","Medium Diversity"
"Chiao Sorci","27","Medium Diversity"
"Chip Martinez","4","Low Diversity"
"Chloe Strankman","8","Low Diversity"
"Chong-jean Jordan","6","Low Diversity"
"Chris Albert","25","Medium Diversity"
"Chris Barros","11","Low Diversity"
"Chris Batouche","19","Low Diversity"
"Chris Burns","9","Low Diversity"
"Chris Carmichael","50","High Diversity"
"Chris Carson","10","Low Diversity"
"Chris Christiansen","2","Low Diversity"
"Chris Crowell","8","Low Diversity"
"Chris Evans","44","Medium Diversity"
"Chris Fitzgerald","57","High Diversity"
"Chris King","58","High Diversity"
"Chris Kline","18","Low Diversity"
"Chris Longo","5","Low Diversity"
"Chris Phoenix","25","Medium Diversity"
"Chris Pica","2","Low Diversity"
"Chris Trigg","7","Low Diversity"
"Chris Tropp","15","Low Diversity"
"Chris Van Horn","11","Low Diversity"
"Chris Wagner","2","Low Diversity"
"Chrisie Tapia","52","High Diversity"
"Christa Adams","25","Medium Diversity"
"Christel Christensen","11","Low Diversity"
"Christian Frinton","53","High Diversity"
"Christian Snowdall","50","High Diversity"
"Christie Trujillo","9","Low Diversity"
"Christina Amaro","28","Medium Diversity"
"Christina Ansaldo","15","Low Diversity"
"Christina Briganti","25","Medium Diversity"
"Christina Nix","16","Low Diversity"
"Christina North","18","Low Diversity"
"Christina Tucker","38","Medium Diversity"
"Christina Weimer","18","Low Diversity"
"Christina Williams","9","Low Diversity"
"Christine Abernathy","16","Low Diversity"
"Christine Avila","29","Medium Diversity"
"Christine Bartley","5","Low Diversity"
"Christine Brubaker","66","High Diversity"
"Christine Bruno","3","Low Diversity"
"Christine Bunch","7","Low Diversity"
"Christine Carothers","6","Low Diversity"
"Christine Cristantiello","11","Low Diversity"
"Christine Ferden","23","Medium Diversity"
"Christine Jenning","48","Medium Diversity"
"Christine Lorenzen","5","Low Diversity"
"Christine Lowe","11","Low Diversity"
"Christine Maley","6","Low Diversity"
"Christine Mccall","16","Low Diversity"
"Christine McDonald","17","Low Diversity"
"Christine Mehrmanesh","9","Low Diversity"
"Christine Metyer","2","Low Diversity"
"Christine Miller","15","Low Diversity"
"Christine Murphy","4","Low Diversity"
"Christine Sandy Kurtz","4","Low Diversity"
"Christine Stevens","41","Medium Diversity"
"Christine Stockman","51","High Diversity"
"Christine Vanek","4","Low Diversity"
"Christine Waddle","25","Medium Diversity"
"Christine West","47","Medium Diversity"
"Christine Wilson","17","Low Diversity"
"Christinia Mcdonald","12","Low Diversity"
"Christoper Edwards","23","Medium Diversity"
"Christopher Attiga","2","Low Diversity"
"Christopher Austin","60","High Diversity"
"Christopher Bartic","22","Medium Diversity"
"Christopher Beck","16","Low Diversity"
"Christopher Bright","15","Low Diversity"
"Christopher Brink","12","Low Diversity"
"Christopher Estepp","9","Low Diversity"
"Christopher Gray","12","Low Diversity"
"Christopher Groome","15","Low Diversity"
"Christopher Nelson","7","Low Diversity"
"Christopher Owens","2","Low Diversity"
"Christopher Padilla","20","Medium Diversity"
"Christopher Richmeier","7","Low Diversity"
"Christopher Rollins","37","Medium Diversity"
"Christopher Rutherford","13","Low Diversity"
"Christopher Schoenfeld","19","Low Diversity"
"Christopher Smith","4","Low Diversity"
"Christopher Snodgrass","6","Low Diversity"
"Christopher Solano","20","Medium Diversity"
"Christopher Sweet","64","High Diversity"
"Christopher Tribble","10","Low Diversity"
"Christopher Valdez","10","Low Diversity"
"Christopher Wagner","13","Low Diversity"
"Christopher Wall","21","Medium Diversity"
"Christopher Weihe","5","Low Diversity"
"Christopher Wright","35","Medium Diversity"
"Christopher Young","32","Medium Diversity"
"Christy Fiedler","7","Low Diversity"
"Christy Margolis","11","Low Diversity"
"Christy Ruiz","29","Medium Diversity"
"Christy Tye","14","Low Diversity"
"Christy Vukelich","49","Medium Diversity"
"Chritien Metcalf","13","Low Diversity"
"Chung Yu Leigh","3","Low Diversity"
"Cian Stedman","3","Low Diversity"
"Cindy Bergstrom","34","Medium Diversity"
"Cindy Dodd","17","Low Diversity"
"Cindy Golden","5","Low Diversity"
"Cindy Lunt","38","Medium Diversity"
"Cindy Pilotte","8","Low Diversity"
"Cindy Vigil","45","Medium Diversity"
"Cindy Westhaiser","7","Low Diversity"
"Cindy Willner","18","Low Diversity"
"Ciro Bauer","44","Medium Diversity"
"Clair Forrest","6","Low Diversity"
"Clair Stuart","61","High Diversity"
"Claire Huff","2","Low Diversity"
"Claire Villanueva","17","Low Diversity"
"Clara Barber","28","Medium Diversity"
"Clara McNight","2","Low Diversity"
"Clara Morris","39","Medium Diversity"
"Clara Muse","16","Low Diversity"
"Clara Till","69","High Diversity"
"Clara Walker","38","Medium Diversity"
"Clare Clark","12","Low Diversity"
"Clare Lopez","2","Low Diversity"
"Clarence Barnes","50","High Diversity"
"Clarence Bellando","2","Low Diversity"
"Clarence Brinkman","41","Medium Diversity"
"Clarence Sicilia","22","Medium Diversity"
"Clarence Solarz","34","Medium Diversity"
"Clarence Tatman","9","Low Diversity"
"Clarence Thompson","16","Low Diversity"
"Clarice Heaton","26","Medium Diversity"
"Clarice Schmalfuss","25","Medium Diversity"
"Clarine Arbaiza","19","Low Diversity"
"Clark Peters","44","Medium Diversity"
"Claud Spicer","25","Medium Diversity"
"Claudette Cabrera","25","Medium Diversity"
"Claudette Vergara","29","Medium Diversity"
"Claudia Barger","39","Medium Diversity"
"Claudia Degen","10","Low Diversity"
"Claudia Hall","28","Medium Diversity"
"Claudia Jost","13","Low Diversity"
"Claudia Murray","25","Medium Diversity"
"Claudine Gorgone","11","Low Diversity"
"Clay Tremblay","6","Low Diversity"
"Clay Warthen","38","Medium Diversity"
"Clay White","26","Medium Diversity"
"Clay Yee","18","Low Diversity"
"Clayton Harris","17","Low Diversity"
"Clayton Howard","4","Low Diversity"
"Clayton Kersten","29","Medium Diversity"
"Cleo Passig","6","Low Diversity"
"Cletus Adler","33","Medium Diversity"
"Cliff Gutierrez","12","Low Diversity"
"Clifford Etter","16","Low Diversity"
"Clifford Hibbits","24","Medium Diversity"
"Clifford Hudran","13","Low Diversity"
"Clifford Lesturgeon","6","Low Diversity"
"Clifford Reeley","26","Medium Diversity"
"Clifford Shindelus","13","Low Diversity"
"Clifford Skultety","21","Medium Diversity"
"Clifford Walker","11","Low Diversity"
"Clifton Brock","15","Low Diversity"
"Clint Hancock","6","Low Diversity"
"Clinton Acel","8","Low Diversity"
"Clinton Curry","18","Low Diversity"
"Clinton Hulette","17","Low Diversity"
"Clinton Primavera","2","Low Diversity"
"Clinton Tomlin","6","Low Diversity"
"Cloyce Smith","58","High Diversity"
"Clyde Dixon","39","Medium Diversity"
"Clyde Reynolds","14","Low Diversity"
"Coba Dorland","15","Low Diversity"
"Codileigh Wagar","14","Low Diversity"
"Cody Goldey","20","Medium Diversity"
"Cody Toms","20","Medium Diversity"
"Cole Roe","15","Low Diversity"
"Colene Greenly","9","Low Diversity"
"Colette Bailey","38","Medium Diversity"
"Colin Noonan","16","Low Diversity"
"Colin Pooler","18","Low Diversity"
"Colin Thurlow","11","Low Diversity"
"Colleen Baker","2","Low Diversity"
"Colleen Bowen","56","High Diversity"
"Colleen Fellhauer","9","Low Diversity"
"Colleen Moncrieff","18","Low Diversity"
"Colleen Tatsch","4","Low Diversity"
"Colleen Waclawczyk","57","High Diversity"
"Colonel Hargrave","8","Low Diversity"
"Con Skaife","42","Medium Diversity"
"Concepcion Lozada","25","Medium Diversity"
"Concetta Skapinok","7","Low Diversity"
"Concetta Steinberg","20","Medium Diversity"
"Conleth McCann","17","Low Diversity"
"Conley Hunter","3","Low Diversity"
"Connie Adez","3","Low Diversity"
"Connie Baca","16","Low Diversity"
"Connie Bradley","37","Medium Diversity"
"Connie Brown","31","Medium Diversity"
"Connie Cammon","21","Medium Diversity"
"Connie Carter","13","Low Diversity"
"Connie Chauvin","4","Low Diversity"
"Connie Christensen","33","Medium Diversity"
"Connie Clark","4","Low Diversity"
"Connie Dressler","29","Medium Diversity"
"Connie Hazlett","54","High Diversity"
"Connie Pryde","41","Medium Diversity"
"Connie Shoemaker","27","Medium Diversity"
"Connie Straub","7","Low Diversity"
"Connie Welch","7","Low Diversity"
"Connie Wethor","41","Medium Diversity"
"Connie Wilson","14","Low Diversity"
"Constance Posner","19","Low Diversity"
"Constance Rhiger","24","Medium Diversity"
"Constance Summers","27","Medium Diversity"
"Consuelo Benson","21","Medium Diversity"
"Consuelo Lutz","5","Low Diversity"
"Consuelo Warrick","25","Medium Diversity"
"Cora Chacon","12","Low Diversity"
"Cora Starich","20","Medium Diversity"
"Corey Salka","8","Low Diversity"
"Corinne Jordan","26","Medium Diversity"
"Corinne Zugschwert","27","Medium Diversity"
"Cornelius Baker","5","Low Diversity"
"Cornelius Brandon","55","High Diversity"
"Cornelius Giacalone","7","Low Diversity"
"Cornelius Pyatt","67","High Diversity"
"Cornett Gibbens","28","Medium Diversity"
"Corrina Thompson","46","Medium Diversity"
"Cory Barrett","26","Medium Diversity"
"Cory Elliot","37","Medium Diversity"
"Courtney Dolzanie","14","Low Diversity"
"Courtney Dull","13","Low Diversity"
"Coy Chamberlain","12","Low Diversity"
"Craig Blackwell","71","High Diversity"
"Craig Kline","10","Low Diversity"
"Craig Maxwell","65","High Diversity"
"Craig Rawdon","7","Low Diversity"
"Craig Sanchez","9","Low Diversity"
"Craig Smith","30","Medium Diversity"
"Craig Sosa","11","Low Diversity"
"Craig Tam","23","Medium Diversity"
"Craig Van Zandt","21","Medium Diversity"
"Craig Warren","6","Low Diversity"
"Craig Wilson","61","High Diversity"
"Cristian Petculescu","15","Low Diversity"
"Cristobal Berve","15","Low Diversity"
"Crystal Badiozzaman","3","Low Diversity"
"Crystal McCafferty","11","Low Diversity"
"Crystal McDonald","16","Low Diversity"
"Crystal Truxel","11","Low Diversity"
"Curt Espinoza","5","Low Diversity"
"Curt Weaver","16","Low Diversity"
"Curtis Asfaha","22","Medium Diversity"
"Curtis Howard","37","Medium Diversity"
"Curtis Medina","44","Medium Diversity"
"Curtis Myers","11","Low Diversity"
"Curtis Pollard","70","High Diversity"
"Curtis Tucker","8","Low Diversity"
"Curtis Wardley","14","Low Diversity"
"Cylvia Mahrous","9","Low Diversity"
"Cyndee Watson","20","Medium Diversity"
"Cyndy Erskine","11","Low Diversity"
"Cynthia Abramson","17","Low Diversity"
"Cynthia Brauch","15","Low Diversity"
"Cynthia Brown","53","High Diversity"
"Cynthia Burr","23","Medium Diversity"
"Cynthia Carroll","7","Low Diversity"
"Cynthia Cheever","27","Medium Diversity"
"Cynthia Claypool","23","Medium Diversity"
"Cynthia Higgins","39","Medium Diversity"
"Cynthia McLaughlin","25","Medium Diversity"
"Cynthia McSwain","17","Low Diversity"
"Cynthia Mehalovitz","13","Low Diversity"
"Cynthia Schanker","10","Low Diversity"
"Cynthia Sturm","12","Low Diversity"
"Cynthia Tygielski","39","Medium Diversity"
"Cynthia Vanscoy","21","Medium Diversity"
"Cynthia White","37","Medium Diversity"
"Cyril Bussey","2","Low Diversity"
"D. C. Dutch Tafoya","10","Low Diversity"
"D. Chao","23","Medium Diversity"
"D. Teddie Brown","14","Low Diversity"
"Daisy Watanuki","10","Low Diversity"
"Daisy Whitney","10","Low Diversity"
"Dale Bond","23","Medium Diversity"
"Dale Bradshaw","12","Low Diversity"
"Dale Carmody","6","Low Diversity"
"Dale Chilcott","55","High Diversity"
"Dale Gonzales","45","Medium Diversity"
"Dale Kintner","2","Low Diversity"
"Dale Nichols","28","Medium Diversity"
"Dale Pilot","2","Low Diversity"
"Dale Stout","12","Low Diversity"
"Dale Washburn","40","Medium Diversity"
"Dalene Crega","8","Low Diversity"
"Dallas Bagdis","7","Low Diversity"
"Damon Taylor","59","High Diversity"
"Dan Allen","9","Low Diversity"
"Dan Beerbaum","23","Medium Diversity"
"Dan Rafferty","19","Low Diversity"
"Dan Sutton","9","Low Diversity"
"Dan Yount","14","Low Diversity"
"Dana Bryan","12","Low Diversity"
"Dana Chappell","29","Medium Diversity"
"Dana Martin","11","Low Diversity"
"Danae Brang","52","High Diversity"
"Dane Schmidt","10","Low Diversity"
"Danetta Bucker","5","Low Diversity"
"Danette Allison","58","High Diversity"
"Daniel Abramo","18","Low Diversity"
"Daniel Adams","43","Medium Diversity"
"Daniel Baccus","15","Low Diversity"
"Daniel Balleo","9","Low Diversity"
"Daniel Bartle","18","Low Diversity"
"Daniel Boustead","28","Medium Diversity"
"Daniel Brackett","22","Medium Diversity"
"Daniel Bradshaw, Jr.","7","Low Diversity"
"Daniel Brafford","27","Medium Diversity"
"Daniel Bruner","20","Medium Diversity"
"Daniel Buggs","15","Low Diversity"
"Daniel Desloover","45","Medium Diversity"
"Daniel Hawn","11","Low Diversity"
"Daniel Horning","16","Low Diversity"
"Daniel Jorgenson","19","Low Diversity"
"Daniel Jost","4","Low Diversity"
"Daniel Lincoln","16","Low Diversity"
"Daniel Ortega","42","Medium Diversity"
"Daniel Pacheco","12","Low Diversity"
"Daniel Posey","67","High Diversity"
"Daniel Roberts","11","Low Diversity"
"Daniel Ryder","6","Low Diversity"
"Daniel Salka","4","Low Diversity"
"Daniel Swanson","22","Medium Diversity"
"Daniel Tendick","30","Medium Diversity"
"Daniel Thompson","68","High Diversity"
"Daniel Traser","12","Low Diversity"
"Daniel Velasco","31","Medium Diversity"
"Daniel Waskey","17","Low Diversity"
"Daniel Wehmhoff","19","Low Diversity"
"Daniel Wilkinson","13","Low Diversity"
"Daniel Wines","25","Medium Diversity"
"Daniel Wolter","5","Low Diversity"
"Daniella Kayl","16","Low Diversity"
"Danielle Breslin","19","Low Diversity"
"Danielle Hurtado","13","Low Diversity"
"Danielle Jones","17","Low Diversity"
"Danielle Miller","15","Low Diversity"
"Danny Arteaga","6","Low Diversity"
"Danny Corsi","40","Medium Diversity"
"Danny Mattlin","12","Low Diversity"
"Danny Siu","7","Low Diversity"
"Danny Turpin","12","Low Diversity"
"Dante Taylor","39","Medium Diversity"
"Daphne Combs","29","Medium Diversity"
"Daphne Corwin","14","Low Diversity"
"Daphne McClaine","31","Medium Diversity"
"Daphne OMalley","9","Low Diversity"
"Daphne Todoroff","8","Low Diversity"
"Daphney Winslow","52","High Diversity"
"Darcy Baiji","9","Low Diversity"
"Darla Briscoe","45","Medium Diversity"
"Darla Myers","56","High Diversity"
"Darla Wong","45","Medium Diversity"
"Darla Zbiegien","22","Medium Diversity"
"Darleen Purcell","7","Low Diversity"
"Darleen Schranz","13","Low Diversity"
"Darlene Bicki","20","Medium Diversity"
"Darlene Phaedra Gillispie","4","Low Diversity"
"Darlene Ray","42","Medium Diversity"
"Darlene Renfro","17","Low Diversity"
"Darlene Stralow","15","Low Diversity"
"Darlyn Grayson","10","Low Diversity"
"Darrel Johnson","13","Low Diversity"
"Darrel Morris","7","Low Diversity"
"Darrel Nickless","12","Low Diversity"
"Darrell Banks","28","Medium Diversity"
"Darrell Vuong","9","Low Diversity"
"Darren Brook","21","Medium Diversity"
"Darren Stanz","25","Medium Diversity"
"Darren Ward","15","Low Diversity"
"Darren Watkins","19","Low Diversity"
"Darren Williams","9","Low Diversity"
"Darroll Loomer","4","Low Diversity"
"Darryl Swingley","6","Low Diversity"
"Darwin Leuer","18","Low Diversity"
"Darwin Malaby","38","Medium Diversity"
"Darwin Slominski","27","Medium Diversity"
"Daryce Palomar","2","Low Diversity"
"Daryl Amos","54","High Diversity"
"Daryl Ives","16","Low Diversity"
"Daryl Kannisto","15","Low Diversity"
"Dauna Barton","75","High Diversity"
"Dave Barukh","28","Medium Diversity"
"Dave Browning","30","Medium Diversity"
"Dave Ciccarelli","31","Medium Diversity"
"Dave Garner","13","Low Diversity"
"Dave Lay","40","Medium Diversity"
"Dave Roberts","29","Medium Diversity"
"Dave Summers","59","High Diversity"
"David Anderson","23","Medium Diversity"
"David Andrade","48","Medium Diversity"
"David Apostol","6","Low Diversity"
"David Ashoo","57","High Diversity"
"David Barnemam","9","Low Diversity"
"David Barnes","24","Medium Diversity"
"David Bartness","26","Medium Diversity"
"David Baughman","26","Medium Diversity"
"David Bernahola","52","High Diversity"
"David Buesch","6","Low Diversity"
"David Byrnes","10","Low Diversity"
"David Cabibi","20","Medium Diversity"
"David Carlson","3","Low Diversity"
"David Carr","18","Low Diversity"
"David Carrillo","23","Medium Diversity"
"David Chavez","30","Medium Diversity"
"David Clark","43","Medium Diversity"
"David Coakley","39","Medium Diversity"
"David Cocadiz","68","High Diversity"
"David Coday","2","Low Diversity"
"David Cooper","50","High Diversity"
"David Dixon","15","Low Diversity"
"David Dreskin","29","Medium Diversity"
"David Ferguson","21","Medium Diversity"
"David Gavlick","23","Medium Diversity"
"David Givens","14","Low Diversity"
"David Graff","26","Medium Diversity"
"David Gray","6","Low Diversity"
"David Guariente","13","Low Diversity"
"David Harris","66","High Diversity"
"David Hassard","58","High Diversity"
"David Jillie","16","Low Diversity"
"David Johnson","6","Low Diversity"
"David Labriola","5","Low Diversity"
"David Lanham","39","Medium Diversity"
"David Larrance","20","Medium Diversity"
"David Malanca","17","Low Diversity"
"David Markrud","26","Medium Diversity"
"David Martinez","20","Medium Diversity"
"David Mathias","14","Low Diversity"
"David Mc Gary","13","Low Diversity"
"David McCool","13","Low Diversity"
"David Mcintire","9","Low Diversity"
"David McKenney","20","Medium Diversity"
"David Mejias","22","Medium Diversity"
"David Milholm","12","Low Diversity"
"David Mize","22","Medium Diversity"
"David Monitor","34","Medium Diversity"
"David Moss","41","Medium Diversity"
"David Ortiz","17","Low Diversity"
"David Owyang","46","Medium Diversity"
"David Pacheco","6","Low Diversity"
"David Raye","6","Low Diversity"
"David Realino","6","Low Diversity"
"David Robbins","10","Low Diversity"
"David Robinett","5","Low Diversity"
"David Robinson","5","Low Diversity"
"David Rodriguez","21","Medium Diversity"
"David Salem","3","Low Diversity"
"David Sanders","29","Medium Diversity"
"David Sandtisteven","7","Low Diversity"
"David Santos","22","Medium Diversity"
"David Schmitt","11","Low Diversity"
"David Selbst","14","Low Diversity"
"David Shepard","36","Medium Diversity"
"David Staisteven","14","Low Diversity"
"David Stevens","47","Medium Diversity"
"David Stockham","5","Low Diversity"
"David Stohson","24","Medium Diversity"
"David Stokes","6","Low Diversity"
"David Sumner","2","Low Diversity"
"David Tenney","8","Low Diversity"
"David Thom","15","Low Diversity"
"David Thompson","10","Low Diversity"
"David Travierso","15","Low Diversity"
"David Trolen","35","Medium Diversity"
"David Tuller","40","Medium Diversity"
"David Uribe","14","Low Diversity"
"David Valentine","10","Low Diversity"
"David Virek","16","Low Diversity"
"David Wainwright","17","Low Diversity"
"David Walker","2","Low Diversity"
"David Wall","14","Low Diversity"
"David Watson","15","Low Diversity"
"David Welge","17","Low Diversity"
"David Wheeler","9","Low Diversity"
"David White","10","Low Diversity"
"David Wilson","2","Low Diversity"
"David Wingfield","18","Low Diversity"
"David Woods","9","Low Diversity"
"David Ziegelman","46","Medium Diversity"
"David Zimmerman","54","High Diversity"
"Davida Young","7","Low Diversity"
"Davis Wilson","17","Low Diversity"
"Dawn Alexander","22","Medium Diversity"
"Dawn Banks","32","Medium Diversity"
"Dawn Barber","30","Medium Diversity"
"Dawn Bergman","31","Medium Diversity"
"Dawn Coburn","12","Low Diversity"
"Dawn Dalander","42","Medium Diversity"
"Dawn Holobaugh","23","Medium Diversity"
"Dawn Laner","79","High Diversity"
"Dawn Ure","28","Medium Diversity"
"Dawn Valerio","14","Low Diversity"
"Dawn Van Buren","37","Medium Diversity"
"Dawn Woods","14","Low Diversity"
"Dawn Zehr","28","Medium Diversity"
"Dayna Kindle","5","Low Diversity"
"Dea Rosendo","15","Low Diversity"
"Dean Bolla","16","Low Diversity"
"Dean Collard","12","Low Diversity"
"Dean Guiterez","8","Low Diversity"
"Deann Smith","8","Low Diversity"
"Deanna Buskirk","10","Low Diversity"
"Deanna Kirby","10","Low Diversity"
"Deanna Parez","10","Low Diversity"
"Deanna Sabella","14","Low Diversity"
"Deanna Sheahan","40","Medium Diversity"
"Deanne Baker","10","Low Diversity"
"Deanne Vanderslice","30","Medium Diversity"
"Debbie Artus","19","Low Diversity"
"Debbie Haley","8","Low Diversity"
"Debbie Kelly","19","Low Diversity"
"Debbie Marinelli","19","Low Diversity"
"Debbie Pfundstein","23","Medium Diversity"
"Debbie Segura","40","Medium Diversity"
"Debbie Smiglewski","10","Low Diversity"
"Debbie Solano","5","Low Diversity"
"Debbie Taro","6","Low Diversity"
"Debbie Tedesco","53","High Diversity"
"Debbie Teranen","12","Low Diversity"
"Debbie Thomas","57","High Diversity"
"Debbie Wagner","13","Low Diversity"
"Debbie Weaver","15","Low Diversity"
"Debbie Weihing","13","Low Diversity"
"Debby Wise","8","Low Diversity"
"Debi Sorensen","18","Low Diversity"
"Debora Shepard","5","Low Diversity"
"Deborah Adams","28","Medium Diversity"
"Deborah Blackburn","28","Medium Diversity"
"Deborah Boyd","5","Low Diversity"
"Deborah Brouillard","21","Medium Diversity"
"Deborah Calhoun","2","Low Diversity"
"Deborah Campbell","26","Medium Diversity"
"Deborah Carter","17","Low Diversity"
"Deborah Clark","7","Low Diversity"
"Deborah Diack","5","Low Diversity"
"Deborah Hammond","20","Medium Diversity"
"Deborah Hoffman","16","Low Diversity"
"Deborah McGill","36","Medium Diversity"
"Deborah Pacioretty","31","Medium Diversity"
"Deborah Payne","12","Low Diversity"
"Deborah Peadilla","21","Medium Diversity"
"Deborah Roberts","10","Low Diversity"
"Deborah Soldan","18","Low Diversity"
"Deborah Torrano","23","Medium Diversity"
"Deborah Weinroth","34","Medium Diversity"
"Debra Baugh","17","Low Diversity"
"Debra Couch","12","Low Diversity"
"Debra Cowan","16","Low Diversity"
"Debra Flanders","15","Low Diversity"
"Debra Girkin","17","Low Diversity"
"Debra Gonzales","30","Medium Diversity"
"Debra Gutierez","11","Low Diversity"
"Debra Hamrick","35","Medium Diversity"
"Debra Harris","12","Low Diversity"
"Debra Kelley","13","Low Diversity"
"Debra Nordstrom","27","Medium Diversity"
"Debra Plasner","21","Medium Diversity"
"Debra Reed","24","Medium Diversity"
"Debra Smith","26","Medium Diversity"
"Debra Thompson","14","Low Diversity"
"Debra Tobias","19","Low Diversity"
"Debra Wilkinson","19","Low Diversity"
"Debra Zimmerman","15","Low Diversity"
"Dee Brickell","15","Low Diversity"
"Dee Fishburn","5","Low Diversity"
"Dee Hanas","28","Medium Diversity"
"Dee Herren","17","Low Diversity"
"DeeDee Abramowitz","22","Medium Diversity"
"DeeDee Bennett","14","Low Diversity"
"DeeDee Cameron","9","Low Diversity"
"Deena Herman","53","High Diversity"
"Deidre Pugh","13","Low Diversity"
"Deirdre Belcher","44","Medium Diversity"
"Deirdre Susan Bandy","55","High Diversity"
"Delbert Steffy","14","Low Diversity"
"Delfino Naugler","15","Low Diversity"
"Delia Cody","50","High Diversity"
"Delia Toone","41","Medium Diversity"
"Dell Gras","23","Medium Diversity"
"Delores Crill","23","Medium Diversity"
"Delores Miller","2","Low Diversity"
"Delores Vallier","23","Medium Diversity"
"Delores Wensler","23","Medium Diversity"
"Deloy Adams","5","Low Diversity"
"Delta Smith","10","Low Diversity"
"Denean Ison","12","Low Diversity"
"Denise Baird","65","High Diversity"
"Denise Baldwin","15","Low Diversity"
"Denise Brophy","4","Low Diversity"
"Denise Campbell","44","Medium Diversity"
"Denise Clark","2","Low Diversity"
"Denise Koman","10","Low Diversity"
"Denise Maccietto","14","Low Diversity"
"Denise Manley","22","Medium Diversity"
"Denise Miller","6","Low Diversity"
"Denise Passig","5","Low Diversity"
"Denise Spencer","5","Low Diversity"
"Denise Stam","19","Low Diversity"
"Denise Thompson","10","Low Diversity"
"Denise Tracy","31","Medium Diversity"
"Denise Van Attenhoven","29","Medium Diversity"
"Denise Veneracion","13","Low Diversity"
"Denise Zimmerly","9","Low Diversity"
"Dennis Ahlin","19","Low Diversity"
"Dennis Ashford","8","Low Diversity"
"Dennis Beasley","4","Low Diversity"
"Dennis Bond","4","Low Diversity"
"Dennis Bullington","49","Medium Diversity"
"Dennis Burbige","72","High Diversity"
"Dennis Castro","13","Low Diversity"
"Dennis Easterling","13","Low Diversity"
"Dennis Ebers","20","Medium Diversity"
"Dennis Fiedler","14","Low Diversity"
"Dennis Hover","47","Medium Diversity"
"Dennis Justice","3","Low Diversity"
"Dennis Keiser","14","Low Diversity"
"Dennis Kingslely","5","Low Diversity"
"Dennis Kurczak","7","Low Diversity"
"Dennis Lorentzson","26","Medium Diversity"
"Dennis Manown","8","Low Diversity"
"Dennis Messer","7","Low Diversity"
"Dennis Passig","8","Low Diversity"
"Dennis Pennington","13","Low Diversity"
"Dennis Stonesifer","24","Medium Diversity"
"Dennis Tobias","20","Medium Diversity"
"Dennis Weaver","26","Medium Diversity"
"Denyse Brown","15","Low Diversity"
"Derek Armstrong","11","Low Diversity"
"Derek Bayol","46","Medium Diversity"
"Derek Estep","10","Low Diversity"
"Derek Standridge","3","Low Diversity"
"Derik Mathis","26","Medium Diversity"
"Dermont Stueber, Jr.","6","Low Diversity"
"Dermont Weber","31","Medium Diversity"
"Derrin Hoggart","7","Low Diversity"
"Derwin Sanchez","7","Low Diversity"
"Desiderio Bayat","18","Low Diversity"
"Devin Wilson","9","Low Diversity"
"Devon Webb","15","Low Diversity"
"Devon Wheeler","9","Low Diversity"
"Dewey Rhea","12","Low Diversity"
"Dewey Sponburg","26","Medium Diversity"
"Diamonte Lukins","39","Medium Diversity"
"Diana Alexander","8","Low Diversity"
"Diana Axtell","51","High Diversity"
"Diana Bellmire","2","Low Diversity"
"Diana Claxton","20","Medium Diversity"
"Diana Davis","36","Medium Diversity"
"Diana Dodge","12","Low Diversity"
"Diana Kimball","8","Low Diversity"
"Diana Lyndon","22","Medium Diversity"
"Diana Moyer","40","Medium Diversity"
"Diana Patton","37","Medium Diversity"
"Diana Redmer","51","High Diversity"
"Diana Sneddon","15","Low Diversity"
"Diana Spence","34","Medium Diversity"
"Diana Stanton","63","High Diversity"
"Diana Verma","10","Low Diversity"
"Diana Walbridge","23","Medium Diversity"
"Diana Zeller","4","Low Diversity"
"Diane Acuna","35","Medium Diversity"
"Diane Anderson","10","Low Diversity"
"Diane Ask","9","Low Diversity"
"Diane Barajas","20","Medium Diversity"
"Diane Barukh","10","Low Diversity"
"Diane Benda","14","Low Diversity"
"Diane Bennett","8","Low Diversity"
"Diane Biondo","50","High Diversity"
"Diane Brown","58","High Diversity"
"Diane Bryant","13","Low Diversity"
"Diane Chaffin","5","Low Diversity"
"Diane Cole","18","Low Diversity"
"Diane Drier","17","Low Diversity"
"Diane Forbes","32","Medium Diversity"
"Diane Friese","9","Low Diversity"
"Diane Garner","7","Low Diversity"
"Diane Kuhl","15","Low Diversity"
"Diane Micalec","2","Low Diversity"
"Diane Potter","10","Low Diversity"
"Diane Rodriguez","6","Low Diversity"
"Diane Schaeffer","6","Low Diversity"
"Diane Scott","20","Medium Diversity"
"Diane Stantz","11","Low Diversity"
"Diane Ulibarri","62","High Diversity"
"Diane Waterhouse","33","Medium Diversity"
"Diane Weathers","41","Medium Diversity"
"Diane Yah","19","Low Diversity"
"Diane Zolnay","34","Medium Diversity"
"Dianna Brown","9","Low Diversity"
"Dianna Christiansen","9","Low Diversity"
"Dianna Turner","22","Medium Diversity"
"Dianne Abreu","42","Medium Diversity"
"Dianne Bagno","26","Medium Diversity"
"Dianne Collins","5","Low Diversity"
"Dianne Parfit","3","Low Diversity"
"Dianne Parr","44","Medium Diversity"
"Dianne Slattengren","20","Medium Diversity"
"Dianne Viger","2","Low Diversity"
"Dianne Waite","3","Low Diversity"
"Dick Brummer","8","Low Diversity"
"Dick Murray","33","Medium Diversity"
"Dieter Pesonen","11","Low Diversity"
"Dina Bowen","10","Low Diversity"
"Dinah Tysor","6","Low Diversity"
"Dion Franklin","15","Low Diversity"
"Dirk Allison","26","Medium Diversity"
"Dirk Bruno","3","Low Diversity"
"Dixie Good","12","Low Diversity"
"Dixie Green","5","Low Diversity"
"Dolly Dolph","18","Low Diversity"
"Dolores Babbitt","4","Low Diversity"
"Dolores Convance","34","Medium Diversity"
"Dolores Gillespie","40","Medium Diversity"
"Dolores Green","16","Low Diversity"
"Dolores Martin","32","Medium Diversity"
"Dolores Moy","16","Low Diversity"
"Dolores Preston","28","Medium Diversity"
"Dolores Rodgers","17","Low Diversity"
"Dolores Thorn","10","Low Diversity"
"Dolores Trahan","27","Medium Diversity"
"Domenic Carlson","46","Medium Diversity"
"Dominic Gash","25","Medium Diversity"
"Dominic James","49","Medium Diversity"
"Dominick Nutter","9","Low Diversity"
"Dominique Skelly","12","Low Diversity"
"Don Brooks","4","Low Diversity"
"Don Howard","49","Medium Diversity"
"Don Knight","51","High Diversity"
"Don Lundblade","18","Low Diversity"
"Don Marshall","14","Low Diversity"
"Don Morton","10","Low Diversity"
"Don Redmond","19","Low Diversity"
"Don Smith","24","Medium Diversity"
"Don Venable","35","Medium Diversity"
"Dona Nichols","22","Medium Diversity"
"Dona Vlcek","14","Low Diversity"
"Donahue Steen","3","Low Diversity"
"Donald Abner","15","Low Diversity"
"Donald Achey","54","High Diversity"
"Donald Adams","59","High Diversity"
"Donald Adkins","7","Low Diversity"
"Donald Baker","6","Low Diversity"
"Donald Barrier","7","Low Diversity"
"Donald Barrington","10","Low Diversity"
"Donald Bertholic","28","Medium Diversity"
"Donald Blanton","3","Low Diversity"
"Donald Brown","16","Low Diversity"
"Donald Chambers","66","High Diversity"
"Donald Coniglio","29","Medium Diversity"
"Donald Curl","13","Low Diversity"
"Donald Davis","3","Low Diversity"
"Donald Goldsmith","2","Low Diversity"
"Donald Gonzales","44","Medium Diversity"
"Donald Hudran","29","Medium Diversity"
"Donald Hunt","45","Medium Diversity"
"Donald Johnson","3","Low Diversity"
"Donald Kohl","40","Medium Diversity"
"Donald Langoni","28","Medium Diversity"
"Donald Marinello","15","Low Diversity"
"Donald Martinez","24","Medium Diversity"
"Donald Minichelli","25","Medium Diversity"
"Donald Moore","11","Low Diversity"
"Donald Newton","61","High Diversity"
"Donald Patera","36","Medium Diversity"
"Donald Piasecki","9","Low Diversity"
"Donald Pucell","59","High Diversity"
"Donald Reasoner","14","Low Diversity"
"Donald Richardson","22","Medium Diversity"
"Donald Scott","5","Low Diversity"
"Donald Spiegel","19","Low Diversity"
"Donald Sweet","8","Low Diversity"
"Donald Thompson","10","Low Diversity"
"Donald Torrez","20","Medium Diversity"
"Donald Vann","3","Low Diversity"
"Donald White","13","Low Diversity"
"Donald Wilson","12","Low Diversity"
"Donna Applegate","19","Low Diversity"
"Donna Arnold","24","Medium Diversity"
"Donna Baer","31","Medium Diversity"
"Donna Berry","23","Medium Diversity"
"Donna Blair","7","Low Diversity"
"Donna Brockett","23","Medium Diversity"
"Donna Caiyam","15","Low Diversity"
"Donna Calmerin","9","Low Diversity"
"Donna Carreras","23","Medium Diversity"
"Donna Ernst","16","Low Diversity"
"Donna Hawk","2","Low Diversity"
"Donna Katz","19","Low Diversity"
"Donna Klein","14","Low Diversity"
"Donna Kneipple","21","Medium Diversity"
"Donna Lord","11","Low Diversity"
"Donna Marrone","16","Low Diversity"
"Donna McConnell","17","Low Diversity"
"Donna Mendelson","29","Medium Diversity"
"Donna Michaluk","9","Low Diversity"
"Donna Mulder","30","Medium Diversity"
"Donna Murray","52","High Diversity"
"Donna Nunez","20","Medium Diversity"
"Donna Perry","65","High Diversity"
"Donna Ragland","8","Low Diversity"
"Donna Reeves","22","Medium Diversity"
"Donna Shelton","6","Low Diversity"
"Donna Shutt","54","High Diversity"
"Donna Smith","48","Medium Diversity"
"Donna Speigel","13","Low Diversity"
"Donna Stehlin","45","Medium Diversity"
"Donna Strang","25","Medium Diversity"
"Donna Styles","5","Low Diversity"
"Donna Suttich","15","Low Diversity"
"Donna Unfried","12","Low Diversity"
"Donna Weisinger","70","High Diversity"
"Donna West","9","Low Diversity"
"Donny Castano","18","Low Diversity"
"Donnyale This","28","Medium Diversity"
"Donovan Underwood","36","Medium Diversity"
"Dora Blechle","47","Medium Diversity"
"Dora Frank","5","Low Diversity"
"Dora Horton","6","Low Diversity"
"Dora Sims","57","High Diversity"
"Dora Taylor","52","High Diversity"
"Dora Whittington","22","Medium Diversity"
"Doralee McClements","15","Low Diversity"
"Doreen Anderson","11","Low Diversity"
"Doreene Traeber","13","Low Diversity"
"Dorene Dozier","18","Low Diversity"
"Dori Grando","4","Low Diversity"
"Doris Aitkenhead","40","Medium Diversity"
"Doris Blackburn","11","Low Diversity"
"Doris Cabral","8","Low Diversity"
"Doris Carter","24","Medium Diversity"
"Doris Coldiron","24","Medium Diversity"
"Doris Fox","22","Medium Diversity"
"Doris Gettler","28","Medium Diversity"
"Doris Gonzales","16","Low Diversity"
"Doris Ishizu","2","Low Diversity"
"Doris Johnson","48","Medium Diversity"
"Doris Lint","23","Medium Diversity"
"Doris Mabe","21","Medium Diversity"
"Doris Martin","2","Low Diversity"
"Doris Meyers","4","Low Diversity"
"Doris Miller","13","Low Diversity"
"Doris Mills","11","Low Diversity"
"Doris Perkins","66","High Diversity"
"Doris Rohar","23","Medium Diversity"
"Doris Saurerveirn","30","Medium Diversity"
"Doris Shoemaker","38","Medium Diversity"
"Doris Stogner","11","Low Diversity"
"Doris Suarez","68","High Diversity"
"Doris Thurlow","36","Medium Diversity"
"Doris Traube","4","Low Diversity"
"Doris Tupaz","19","Low Diversity"
"Doris Witherspoon","42","Medium Diversity"
"Dorothea Souza","5","Low Diversity"
"Dorothy Ace","2","Low Diversity"
"Dorothy Adams","37","Medium Diversity"
"Dorothy Ahmari","37","Medium Diversity"
"Dorothy Arredondo","17","Low Diversity"
"Dorothy Baird","36","Medium Diversity"
"Dorothy Barry","15","Low Diversity"
"Dorothy Bates","4","Low Diversity"
"Dorothy Bauman","21","Medium Diversity"
"Dorothy Bishop","33","Medium Diversity"
"Dorothy Bongirno","11","Low Diversity"
"Dorothy Burgess","31","Medium Diversity"
"Dorothy Calvert","24","Medium Diversity"
"Dorothy Carroll","68","High Diversity"
"Dorothy Chrisman","43","Medium Diversity"
"Dorothy Contreras","16","Low Diversity"
"Dorothy Conway","18","Low Diversity"
"Dorothy DeVita","28","Medium Diversity"
"Dorothy Evans","13","Low Diversity"
"Dorothy Fox","28","Medium Diversity"
"Dorothy Kerrigan","17","Low Diversity"
"Dorothy Kubacki","18","Low Diversity"
"Dorothy Lay","50","High Diversity"
"Dorothy McDonald","24","Medium Diversity"
"Dorothy Moyer","11","Low Diversity"
"Dorothy Myer","22","Medium Diversity"
"Dorothy Owen","4","Low Diversity"
"Dorothy Perkins","17","Low Diversity"
"Dorothy Reed","4","Low Diversity"
"Dorothy Roach","10","Low Diversity"
"Dorothy Robinson","26","Medium Diversity"
"Dorothy Rydzewski","7","Low Diversity"
"Dorothy Snow","10","Low Diversity"
"Dorothy Starr","16","Low Diversity"
"Dorothy Steeley","24","Medium Diversity"
"Dorothy Stice","19","Low Diversity"
"Dorothy Stratton","36","Medium Diversity"
"Dorothy Swinford","8","Low Diversity"
"Dorothy Theil","28","Medium Diversity"
"Dorothy Thomas","18","Low Diversity"
"Dorothy Ventura","18","Low Diversity"
"Dorothy Warren","10","Low Diversity"
"Dorothy Wedellsborg","47","Medium Diversity"
"Dorothy Weidoff","2","Low Diversity"
"Dorothy Weimer","23","Medium Diversity"
"Dorothy Weir","22","Medium Diversity"
"Dorothy Wollesen","20","Medium Diversity"
"Dorothy Yashar","6","Low Diversity"
"Dorrie Bell","5","Low Diversity"
"Doshie Gutierrez","56","High Diversity"
"Dottie Rigdon","49","Medium Diversity"
"Doug Fead","19","Low Diversity"
"Doug Thomas","20","Medium Diversity"
"Doug Thruman","54","High Diversity"
"Doug Tipton","25","Medium Diversity"
"Doug Velasquez","7","Low Diversity"
"Douglas Baldwin","13","Low Diversity"
"Douglas Clark","38","Medium Diversity"
"Douglas Gagnon","25","Medium Diversity"
"Douglas Hoffner","15","Low Diversity"
"Douglas Jegier","36","Medium Diversity"
"Douglas Lawton","25","Medium Diversity"
"Douglas Lechtenberg","5","Low Diversity"
"Douglas Meredith","6","Low Diversity"
"Douglas Russell","23","Medium Diversity"
"Douglas Wood","31","Medium Diversity"
"Doyle Caras","3","Low Diversity"
"Duane Fitzgerald","17","Low Diversity"
"Duane Howard","21","Medium Diversity"
"Duane Szigethy","25","Medium Diversity"
"Duane Tooker","45","Medium Diversity"
"Duane West","30","Medium Diversity"
"Dustin Alvarez","18","Low Diversity"
"Dustin Wilson","11","Low Diversity"
"Dwain Waterhouse","28","Medium Diversity"
"Dwayne Pote","16","Low Diversity"
"Dyana Gallagher","7","Low Diversity"
"Dyanna Livingston","10","Low Diversity"
"Dylan Stanley","20","Medium Diversity"
"E. Cappa","34","Medium Diversity"
"Earl Ball","23","Medium Diversity"
"Earl Burris","5","Low Diversity"
"Earl Lafferty","23","Medium Diversity"
"Earl Remley","48","Medium Diversity"
"Earl Roth","7","Low Diversity"
"Earl Rubey","20","Medium Diversity"
"Earl Sutherland","2","Low Diversity"
"Earl Taylor","18","Low Diversity"
"Earl Triemer","9","Low Diversity"
"Earl Wolf","13","Low Diversity"
"Earlene Smith","23","Medium Diversity"
"Earline Spark","44","Medium Diversity"
"Earnest Mora","25","Medium Diversity"
"Ebony Allen","22","Medium Diversity"
"Ed Bias","53","High Diversity"
"Ed Graham","7","Low Diversity"
"Ed Howlett","15","Low Diversity"
"Ed Millar","32","Medium Diversity"
"Ed Mosco","40","Medium Diversity"
"Ed Terry","12","Low Diversity"
"Ed Weaber","14","Low Diversity"
"Eddie Brierley","15","Low Diversity"
"Eddie Campanile","39","Medium Diversity"
"Eddie Gillmore","10","Low Diversity"
"Eddie Holmes","15","Low Diversity"
"Eddie Vigil","6","Low Diversity"
"Eddy Vigil","51","High Diversity"
"Edgar Caudill","27","Medium Diversity"
"Edie Horbach","57","High Diversity"
"Edie Stuart","16","Low Diversity"
"Edie Vandyke","10","Low Diversity"
"Edith Cass","6","Low Diversity"
"Edith Daniel Johnson","4","Low Diversity"
"Edith Slonim","11","Low Diversity"
"Edith Spurs","8","Low Diversity"
"Edith Vuong","13","Low Diversity"
"Edith Wise","12","Low Diversity"
"Edith Wisner","7","Low Diversity"
"Edmund Brooks","17","Low Diversity"
"Edna Benson","41","Medium Diversity"
"Edna Dawson","10","Low Diversity"
"Edna Garrett","6","Low Diversity"
"Edna Keane","32","Medium Diversity"
"Edna Leonguerrero","13","Low Diversity"
"Edna Lopez","57","High Diversity"
"Edna Pellow","28","Medium Diversity"
"Edna Rappel","16","Low Diversity"
"Edna Wagner","33","Medium Diversity"
"Edna Woodson","65","High Diversity"
"Eduardo Godinez","12","Low Diversity"
"Eduardo Munoz","18","Low Diversity"
"Eduardo Waniewski","23","Medium Diversity"
"Edward Agostini","6","Low Diversity"
"Edward Barrera","46","Medium Diversity"
"Edward Bruce","5","Low Diversity"
"Edward Buss","31","Medium Diversity"
"Edward Campbell","14","Low Diversity"
"Edward Gavalas","34","Medium Diversity"
"Edward Gilliam","45","Medium Diversity"
"Edward Hatton","5","Low Diversity"
"Edward Hughan","13","Low Diversity"
"Edward Kaddy","52","High Diversity"
"Edward Keith","30","Medium Diversity"
"Edward Kozlowski","56","High Diversity"
"Edward Lovell","13","Low Diversity"
"Edward Melomed","8","Low Diversity"
"Edward Morgan","28","Medium Diversity"
"Edward Ortiz","6","Low Diversity"
"Edward Payne","8","Low Diversity"
"Edward Quinonez","43","Medium Diversity"
"Edward Rector","7","Low Diversity"
"Edward Roth","25","Medium Diversity"
"Edward Skalka","23","Medium Diversity"
"Edward Staloch","23","Medium Diversity"
"Edward Stemple","6","Low Diversity"
"Edward Suarez","4","Low Diversity"
"Edward Sundstrom","19","Low Diversity"
"Edward Tucker","39","Medium Diversity"
"Edward Turner","24","Medium Diversity"
"Edward Wolfe","20","Medium Diversity"
"Edwin Bauman","7","Low Diversity"
"Edwin Cordova","58","High Diversity"
"Edwin Hare","11","Low Diversity"
"Edwin Kovacs","16","Low Diversity"
"Edwin Oettel","27","Medium Diversity"
"Edwin Peterson","35","Medium Diversity"
"Edwin White","7","Low Diversity"
"Efraim Ellis","21","Medium Diversity"
"Eileen Cordova","12","Low Diversity"
"Eileen Maier","14","Low Diversity"
"Eileen Miller","5","Low Diversity"
"Eileen Spencer","44","Medium Diversity"
"Eileen Walker","35","Medium Diversity"
"Eithne Latshaw","5","Low Diversity"
"Elaina Anderson","5","Low Diversity"
"Elaine Franklin","12","Low Diversity"
"Elaine Geldems","3","Low Diversity"
"Elaine Lerfald","2","Low Diversity"
"Elaine Martinez","20","Medium Diversity"
"Elaine Mceahern","11","Low Diversity"
"Elaine Santisteven","22","Medium Diversity"
"Elaine Whelan","23","Medium Diversity"
"Elaine Young","50","High Diversity"
"Elanor Kinney","41","Medium Diversity"
"Elayne Kajzer","7","Low Diversity"
"Eleanor Borden","10","Low Diversity"
"Eleanor Burns","7","Low Diversity"
"Eleanor Hawn","10","Low Diversity"
"Eleanor Pruitt","39","Medium Diversity"
"Eleanor Storey","67","High Diversity"
"Eleanor Svoboda","64","High Diversity"
"Eleanor Terrazas","15","Low Diversity"
"Eleanor Wachterman","7","Low Diversity"
"Eleanore Schiro","7","Low Diversity"
"Elena Santos","14","Low Diversity"
"Elena Trost","5","Low Diversity"
"Elena Turkette","29","Medium Diversity"
"Elenore Chambers","10","Low Diversity"
"Eli Bartolemo","13","Low Diversity"
"Eli Waterhouse","6","Low Diversity"
"Elisa Belloni","25","Medium Diversity"
"Elisa Caruso","20","Medium Diversity"
"Elisa Morrow","11","Low Diversity"
"Elisa Rivera","32","Medium Diversity"
"Elisabeth Duncan","33","Medium Diversity"
"Elisabeth Stogner","16","Low Diversity"
"Elise Arazia","54","High Diversity"
"Elise Mercer","14","Low Diversity"
"Eliza Bittner","10","Low Diversity"
"Elizabeth Adkins","11","Low Diversity"
"Elizabeth Anderson","18","Low Diversity"
"Elizabeth Archuleta","77","High Diversity"
"Elizabeth Arnold","13","Low Diversity"
"Elizabeth Berkebile","5","Low Diversity"
"Elizabeth Bill","7","Low Diversity"
"Elizabeth Borg","20","Medium Diversity"
"Elizabeth Bowman","16","Low Diversity"
"Elizabeth Bryson","22","Medium Diversity"
"Elizabeth Bunn","19","Low Diversity"
"Elizabeth Cartan","22","Medium Diversity"
"Elizabeth Carter","37","Medium Diversity"
"Elizabeth Cartwright","10","Low Diversity"
"Elizabeth Case","10","Low Diversity"
"Elizabeth Catalano","12","Low Diversity"
"Elizabeth Dehart","3","Low Diversity"
"Elizabeth Dickerson","11","Low Diversity"
"Elizabeth Dieball","63","High Diversity"
"Elizabeth Fazio","8","Low Diversity"
"Elizabeth Fehr","6","Low Diversity"
"Elizabeth Flores","4","Low Diversity"
"Elizabeth Heil","4","Low Diversity"
"Elizabeth Hendrick","38","Medium Diversity"
"Elizabeth Horne","47","Medium Diversity"
"Elizabeth Huff","42","Medium Diversity"
"Elizabeth Kunkle","8","Low Diversity"
"Elizabeth Leong","17","Low Diversity"
"Elizabeth Martin","14","Low Diversity"
"Elizabeth Mason","45","Medium Diversity"
"Elizabeth Maydew","6","Low Diversity"
"Elizabeth McBride","48","Medium Diversity"
"Elizabeth Moss","26","Medium Diversity"
"Elizabeth Norick","26","Medium Diversity"
"Elizabeth Peoples","9","Low Diversity"
"Elizabeth Ragulsky","60","High Diversity"
"Elizabeth Ritchie","40","Medium Diversity"
"Elizabeth Smith","4","Low Diversity"
"Elizabeth Sullivan","7","Low Diversity"
"Elizabeth Thor","4","Low Diversity"
"Elizabeth Von Waldegg Ii","21","Medium Diversity"
"Elizabeth Wansink","9","Low Diversity"
"Elizabeth Wesley","37","Medium Diversity"
"Elizabeth Willumstad","22","Medium Diversity"
"Elizabeth Wuest","13","Low Diversity"
"Elizabeth Zuvich","21","Medium Diversity"
"Elke Smarr","5","Low Diversity"
"Ella Barrilleaux","52","High Diversity"
"Ella Burks","13","Low Diversity"
"Ella Dickinson","21","Medium Diversity"
"Ella Ferris","14","Low Diversity"
"Ella Worth","6","Low Diversity"
"Ellen Allen","40","Medium Diversity"
"Ellen Booth","6","Low Diversity"
"Ellen Brown","2","Low Diversity"
"Ellen Gray","16","Low Diversity"
"Ellen Martino","3","Low Diversity"
"Ellen Navarro","11","Low Diversity"
"Ellen Newland","12","Low Diversity"
"Ellen Prather","5","Low Diversity"
"Ellen Sloan","22","Medium Diversity"
"Ellen Takaki","7","Low Diversity"
"Ellen Thoreson","33","Medium Diversity"
"Ellen Tripp","9","Low Diversity"
"Ellen Waits","3","Low Diversity"
"Ellen Wilson","3","Low Diversity"
"Elliott Burtchaell","9","Low Diversity"
"Ellis Owens","27","Medium Diversity"
"Ellis Richardson","13","Low Diversity"
"Elma Smith","52","High Diversity"
"Elmer Partin","31","Medium Diversity"
"Elmer Purcell, Sr.","28","Medium Diversity"
"Elmer Rich","13","Low Diversity"
"Elmer Villaluz","17","Low Diversity"
"Elmer Zablah","18","Low Diversity"
"Eloise Currier","32","Medium Diversity"
"Eloise Visperas","10","Low Diversity"
"Elsabel Matthews","39","Medium Diversity"
"Else Aleksic","25","Medium Diversity"
"Elsie Baltazor","11","Low Diversity"
"Elsie Lewin","31","Medium Diversity"
"Elsie Maggart","70","High Diversity"
"Elsie Smith","37","Medium Diversity"
"Elsie Trujillo","20","Medium Diversity"
"Elvera Brummett","14","Low Diversity"
"Elvera Lipes","20","Medium Diversity"
"Elvira Carmichael","11","Low Diversity"
"Elvira Valderrama","12","Low Diversity"
"Elwood Campbell","28","Medium Diversity"
"Elwood Carter","44","Medium Diversity"
"Elydia Rayner","15","Low Diversity"
"Elza Topp","29","Medium Diversity"
"Emanuel Doidge","19","Low Diversity"
"Emanuel Grundmann","24","Medium Diversity"
"Emebet Thompson","11","Low Diversity"
"Emilia Stacks","7","Low Diversity"
"Emilio Alvaro","62","High Diversity"
"Emilio Martinez","27","Medium Diversity"
"Emilo Miller","40","Medium Diversity"
"Emily Barela","64","High Diversity"
"Emily Bayat","8","Low Diversity"
"Emily Bellamy","3","Low Diversity"
"Emily Beman","17","Low Diversity"
"Emily Bostick","11","Low Diversity"
"Emily Brandt","26","Medium Diversity"
"Emily Cayo","12","Low Diversity"
"Emily Gerber","9","Low Diversity"
"Emily Meek","13","Low Diversity"
"Emma Gillis","15","Low Diversity"
"Emma Gordon","7","Low Diversity"
"Emma Johnson","6","Low Diversity"
"Emma Lou Kruse","22","Medium Diversity"
"Emma Louise Prewitt","3","Low Diversity"
"Emmett Collins","12","Low Diversity"
"Emmett Hauck","47","Medium Diversity"
"Emmett Taylor, Jr.","35","Medium Diversity"
"Emmitt McKnight","4","Low Diversity"
"Enid Fleming","26","Medium Diversity"
"Eran Tipton","6","Low Diversity"
"Erelyn Stephens","59","High Diversity"
"Eric Abbott","9","Low Diversity"
"Eric Alipranti","23","Medium Diversity"
"Eric Auld","5","Low Diversity"
"Eric Barry","20","Medium Diversity"
"Eric Callahan","49","Medium Diversity"
"Eric Carroll","6","Low Diversity"
"Eric Coleman","39","Medium Diversity"
"Eric Comden","36","Medium Diversity"
"Eric Ford","2","Low Diversity"
"Eric Hall","38","Medium Diversity"
"Eric Hallstrand","28","Medium Diversity"
"Eric Jacobsen","18","Low Diversity"
"Eric Long","8","Low Diversity"
"Eric Oberheide","14","Low Diversity"
"Eric Renn","30","Medium Diversity"
"Eric Singh","31","Medium Diversity"
"Eric Smith","17","Low Diversity"
"Eric Soto","14","Low Diversity"
"Eric Szuggar","38","Medium Diversity"
"Eric Tuszynski","64","High Diversity"
"Eric Villes","24","Medium Diversity"
"Eric Waggoner","18","Low Diversity"
"Eric Winters","81","High Diversity"
"Erica Dehner","16","Low Diversity"
"Erica Goldblatt","21","Medium Diversity"
"Erica Munday","5","Low Diversity"
"Erica Phelps","34","Medium Diversity"
"Erica Smigowski","5","Low Diversity"
"Erica Wall","8","Low Diversity"
"Erika Anderson","28","Medium Diversity"
"Eriko Mitchell","17","Low Diversity"
"Erin Allen","14","Low Diversity"
"Erin Angelbeck","2","Low Diversity"
"Erin Avery","27","Medium Diversity"
"Erin Costar","57","High Diversity"
"Erin Potter","4","Low Diversity"
"Erin Smith","35","Medium Diversity"
"Erin Tubbs","61","High Diversity"
"Erin Yielding","7","Low Diversity"
"Erma Camille","7","Low Diversity"
"Ermias Fowler","26","Medium Diversity"
"Ernest Aiello","30","Medium Diversity"
"Ernest Huckaby","46","Medium Diversity"
"Ernest Kiser","3","Low Diversity"
"Ernest Staton","24","Medium Diversity"
"Ernest Woodie","23","Medium Diversity"
"Ernestine Thomsen","27","Medium Diversity"
"Ernesto Chapman","9","Low Diversity"
"Ernie Northcutt","34","Medium Diversity"
"Ernie Thomson","5","Low Diversity"
"Erre Manke","16","Low Diversity"
"Erryn Shellberg","9","Low Diversity"
"Ervan Lamers","15","Low Diversity"
"Estela Dvorak","73","High Diversity"
"Estela Grando","34","Medium Diversity"
"Estella Tiedemann","36","Medium Diversity"
"Ester Quintana","12","Low Diversity"
"Esther Angel","11","Low Diversity"
"Esther Bailey","4","Low Diversity"
"Esther Cipolla","14","Low Diversity"
"Esther Koehlinger","3","Low Diversity"
"Esther Krueger","16","Low Diversity"
"Esther Logsdon","2","Low Diversity"
"Esther Murphy","35","Medium Diversity"
"Esther Norris","24","Medium Diversity"
"Esther Phelps","9","Low Diversity"
"Esther Pixler","64","High Diversity"
"Estrella Clinche","6","Low Diversity"
"Ethan Bunosky","42","Medium Diversity"
"Ethel Bancroft","25","Medium Diversity"
"Ethel Belyeu","29","Medium Diversity"
"Ethel Bree","6","Low Diversity"
"Ethel Hardin","13","Low Diversity"
"Ethel Polizzi","17","Low Diversity"
"Ethel Porter","14","Low Diversity"
"Ethel Reiners","49","Medium Diversity"
"Ethel Tankhilevich","13","Low Diversity"
"Eugene Bowman","56","High Diversity"
"Eugene Frank","16","Low Diversity"
"Eugene Goodwater","27","Medium Diversity"
"Eugene Romero","19","Low Diversity"
"Eugene Sandoval","5","Low Diversity"
"Eugene Stewart","15","Low Diversity"
"Eugene Stockton","13","Low Diversity"
"Eugene Walker","24","Medium Diversity"
"Eula Driscole","8","Low Diversity"
"Eulene Coenen","43","Medium Diversity"
"Eunice Barton","41","Medium Diversity"
"Eunice Jackson","45","Medium Diversity"
"Eunice Jones","35","Medium Diversity"
"Eunice Lunsford","54","High Diversity"
"Eunice Richendollar","26","Medium Diversity"
"Eunice Taylor","12","Low Diversity"
"Eunice Wolf","39","Medium Diversity"
"Eva Carson","9","Low Diversity"
"Eva Green","12","Low Diversity"
"Eva Hamill","21","Medium Diversity"
"Eva Towery","8","Low Diversity"
"Evalyn Gilliom","12","Low Diversity"
"Evan Haun","15","Low Diversity"
"Evart Bates","6","Low Diversity"
"Eve Bice","7","Low Diversity"
"Evelyn Bowers","15","Low Diversity"
"Evelyn Brauner","22","Medium Diversity"
"Evelyn Brown","33","Medium Diversity"
"Evelyn Burgess","5","Low Diversity"
"Evelyn Clay","42","Medium Diversity"
"Evelyn Coursey","23","Medium Diversity"
"Evelyn Delvanti","20","Medium Diversity"
"Evelyn Knoetgen","2","Low Diversity"
"Evelyn Lombardi","14","Low Diversity"
"Evelyn Lopez","13","Low Diversity"
"Evelyn McGee","16","Low Diversity"
"Evelyn Noone","5","Low Diversity"
"Evelyn Oechsle","2","Low Diversity"
"Evelyn Orazem","9","Low Diversity"
"Evelyn Tang","39","Medium Diversity"
"Evelyn Thomas","34","Medium Diversity"
"Evelyn Thompson","11","Low Diversity"
"Evelyn Wilson","21","Medium Diversity"
"Evelyn Wright","23","Medium Diversity"
"Evelyn Zilen","13","Low Diversity"
"Evelynn McNay","24","Medium Diversity"
"Everett Bontiglio","7","Low Diversity"
"Everett Putt","19","Low Diversity"
"Everett Sayre","7","Low Diversity"
"Everett Vandermey","28","Medium Diversity"
"Everett Wallace","15","Low Diversity"
"Everrett Coleman","8","Low Diversity"
"Ewing Bostick","20","Medium Diversity"
"Eyra Green","17","Low Diversity"
"Ezelle Kent","10","Low Diversity"
"Ezra Palmieri","46","Medium Diversity"
"F. Dowdy","39","Medium Diversity"
"F. Keith Steffanson","3","Low Diversity"
"F. Wes Bradley","26","Medium Diversity"
"Fabian Flagg","24","Medium Diversity"
"Fae Caprio","14","Low Diversity"
"Fahim Watson","10","Low Diversity"
"Faisad Welsh","29","Medium Diversity"
"Faith Gustafson","5","Low Diversity"
"Faith Schroeder","24","Medium Diversity"
"Faith Von Breymann","16","Low Diversity"
"Fannye Weber","8","Low Diversity"
"Farangis Golden","4","Low Diversity"
"Farrell Briar","26","Medium Diversity"
"Fatima Larsen","3","Low Diversity"
"Fawn Butterfield","11","Low Diversity"
"Fay Finke","12","Low Diversity"
"Faye Gulick","7","Low Diversity"
"Faye Vaughn","15","Low Diversity"
"Faye Wilson","17","Low Diversity"
"Felicia Bergesen","24","Medium Diversity"
"Felicia Stockman","5","Low Diversity"
"Felicidad Hart","16","Low Diversity"
"Felipe Triolo","48","Medium Diversity"
"Felix Kochle","20","Medium Diversity"
"Fern Ploeger","15","Low Diversity"
"Fernando Suresy","8","Low Diversity"
"Filemon Whitaker","18","Low Diversity"
"Filomena Visser","18","Low Diversity"
"Finis Casaus","7","Low Diversity"
"Fira Angle","28","Medium Diversity"
"Flor Tyler","6","Low Diversity"
"Flora Budd","17","Low Diversity"
"Florence Benson","16","Low Diversity"
"Florence Bowen","24","Medium Diversity"
"Florence Cooke","14","Low Diversity"
"Florence Disch","35","Medium Diversity"
"Florence Hunt","21","Medium Diversity"
"Florence Pratt","29","Medium Diversity"
"Florence Rosemont","4","Low Diversity"
"Florence Solari","16","Low Diversity"
"Florence Tabor","17","Low Diversity"
"Florence Vonholt","8","Low Diversity"
"Florence Walls","3","Low Diversity"
"Florence Wood","21","Medium Diversity"
"Florencia Scott","4","Low Diversity"
"Florentius Bass","19","Low Diversity"
"Florianne Helton","15","Low Diversity"
"Florinda Voeltz","24","Medium Diversity"
"Flossie Rosemont","31","Medium Diversity"
"Floyd Barton","5","Low Diversity"
"Floyd Mehaffy","31","Medium Diversity"
"Floyd Staples","4","Low Diversity"
"Floyd Valle","43","Medium Diversity"
"Forrest Berg","61","High Diversity"
"Foster Detwiler","19","Low Diversity"
"Fran Highfill","11","Low Diversity"
"Fran McEvilly","64","High Diversity"
"Fran Ross","20","Medium Diversity"
"Fran Terry","40","Medium Diversity"
"Frances Adams","16","Low Diversity"
"Frances Anthony","8","Low Diversity"
"Frances Aochi","9","Low Diversity"
"Frances Bennett","20","Medium Diversity"
"Frances Cordova","24","Medium Diversity"
"Frances Cox","12","Low Diversity"
"Frances Creech","7","Low Diversity"
"Frances Erickson","31","Medium Diversity"
"Frances Giglio","20","Medium Diversity"
"Frances Hansen","26","Medium Diversity"
"Frances Kelly","2","Low Diversity"
"Frances Lodowsky","2","Low Diversity"
"Frances Norquist","30","Medium Diversity"
"Frances Pritts","41","Medium Diversity"
"Frances Schultz","31","Medium Diversity"
"Frances Stovall","23","Medium Diversity"
"Frances Sturhe","10","Low Diversity"
"Frances Whilhite","27","Medium Diversity"
"Frances Whiting","25","Medium Diversity"
"Francine Brickley","2","Low Diversity"
"Francis Bradshaw","5","Low Diversity"
"Francis Brown","20","Medium Diversity"
"Francis Newcome","12","Low Diversity"
"Francis Woods","15","Low Diversity"
"Francisca Beard","34","Medium Diversity"
"Francisco Lascano","9","Low Diversity"
"Frank Abeyta","20","Medium Diversity"
"Frank Angella","33","Medium Diversity"
"Frank Attiga","2","Low Diversity"
"Frank Ayala","52","High Diversity"
"Frank Bateman","25","Medium Diversity"
"Frank Bogart","8","Low Diversity"
"Frank Bonanno","10","Low Diversity"
"Frank Bowley","16","Low Diversity"
"Frank Brink","13","Low Diversity"
"Frank Buckman","49","Medium Diversity"
"Frank Bush","58","High Diversity"
"Frank Churchfield","62","High Diversity"
"Frank Cobb","23","Medium Diversity"
"Frank Cortez","10","Low Diversity"
"Frank Darrell","69","High Diversity"
"Frank Deluca","7","Low Diversity"
"Frank Freeze","25","Medium Diversity"
"Frank Frye","29","Medium Diversity"
"Frank Ginsbach","9","Low Diversity"
"Frank Henry","17","Low Diversity"
"Frank Hughey","12","Low Diversity"
"Frank Johnson","24","Medium Diversity"
"Frank Johnston","16","Low Diversity"
"Frank Jones","14","Low Diversity"
"Frank Kessler","7","Low Diversity"
"Frank Martinez","11","Low Diversity"
"Frank May","6","Low Diversity"
"Frank Pierson","9","Low Diversity"
"Frank Pilot","7","Low Diversity"
"Frank Rivera","2","Low Diversity"
"Frank Roman","42","Medium Diversity"
"Frank Ross","11","Low Diversity"
"Frank Sanchez","24","Medium Diversity"
"Frank Slusher","7","Low Diversity"
"Frank Verdugo","19","Low Diversity"
"Frank White","20","Medium Diversity"
"Frankie Beyer","10","Low Diversity"
"Franklin Biachi","27","Medium Diversity"
"Franklin Castillo","28","Medium Diversity"
"Franklin Horner","2","Low Diversity"
"Franklin Smith","6","Low Diversity"
"Frazier Godsey","26","Medium Diversity"
"Fred Apodoca","17","Low Diversity"
"Fred Bennett","12","Low Diversity"
"Fred Bolla","12","Low Diversity"
"Fred Breuner","16","Low Diversity"
"Fred Bridgeman","22","Medium Diversity"
"Fred Burton","10","Low Diversity"
"Fred Estorgia","40","Medium Diversity"
"Fred Hopkins","24","Medium Diversity"
"Fred Kelley","14","Low Diversity"
"Fred Madlener","17","Low Diversity"
"Fred Makris","33","Medium Diversity"
"Fred Parker","7","Low Diversity"
"Fred Rodriguez","11","Low Diversity"
"Fred Seroy","26","Medium Diversity"
"Fred Smith","7","Low Diversity"
"Fred Tam","14","Low Diversity"
"Fred Tato","20","Medium Diversity"
"Fred Thoma","10","Low Diversity"
"Fred Trujillo","6","Low Diversity"
"Fred Williamson","11","Low Diversity"
"Fred Zimmerman","6","Low Diversity"
"Freda Brown","52","High Diversity"
"Freda Cope","10","Low Diversity"
"Freda Velasco","19","Low Diversity"
"Freddie Briscoe","54","High Diversity"
"Freddie Connell","16","Low Diversity"
"Freddie Farino","6","Low Diversity"
"Freddie Stephens","22","Medium Diversity"
"Freddy Quintana","10","Low Diversity"
"Frederick Ambriz","31","Medium Diversity"
"Frederick Caldara","9","Low Diversity"
"Frederick Castillo","20","Medium Diversity"
"Frederick Crosby","6","Low Diversity"
"Frederick Hall","17","Low Diversity"
"Frederick Neill","58","High Diversity"
"Frederick Pigman","46","Medium Diversity"
"Frederick Vale","3","Low Diversity"
"Frederick Whitten","37","Medium Diversity"
"Fredrick Vigil","6","Low Diversity"
"French Thurman","13","Low Diversity"
"G. Barry Cobb","2","Low Diversity"
"G. Elaine Webb","9","Low Diversity"
"G. Richard Huebner, Jr.","3","Low Diversity"
"G. Scott Mercer","41","Medium Diversity"
"Gabriel Bockenkamp","3","Low Diversity"
"Gabriel Brennan","13","Low Diversity"
"Gabriel Walton","16","Low Diversity"
"Gail Behrendt","12","Low Diversity"
"Gail Blachman","9","Low Diversity"
"Gail Cristantiello","23","Medium Diversity"
"Gail Grimmett","22","Medium Diversity"
"Gail Gutirerrez","14","Low Diversity"
"Gail Hall","19","Low Diversity"
"Gail Mcdonald","28","Medium Diversity"
"Gail Pirnie","34","Medium Diversity"
"Gail Smith","16","Low Diversity"
"Gail Tabb","4","Low Diversity"
"Gail Wallace","10","Low Diversity"
"Gail Xu","13","Low Diversity"
"Gaines Bordwell","7","Low Diversity"
"Garilyn Brown","14","Low Diversity"
"Garnetta Welch","39","Medium Diversity"
"Garnis Cooper","15","Low Diversity"
"Garrett Price","20","Medium Diversity"
"Garrett Rodrick","11","Low Diversity"
"Garrett Rose, Jr.","38","Medium Diversity"
"Garrison Aichinger","18","Low Diversity"
"Garth Wagner","9","Low Diversity"
"Gary Berglund","45","Medium Diversity"
"Gary Bonanno","21","Medium Diversity"
"Gary Buerry","20","Medium Diversity"
"Gary Cody","16","Low Diversity"
"Gary Drew","4","Low Diversity"
"Gary Drury","9","Low Diversity"
"Gary Dumin","23","Medium Diversity"
"Gary Dunlap","2","Low Diversity"
"Gary Ferrill","14","Low Diversity"
"Gary Gonzales","11","Low Diversity"
"Gary Harris","5","Low Diversity"
"Gary Leske","3","Low Diversity"
"Gary Lindsey","13","Low Diversity"
"Gary Mcclure","20","Medium Diversity"
"Gary Newcomer","17","Low Diversity"
"Gary Reimer","8","Low Diversity"
"Gary Reynolds","5","Low Diversity"
"Gary Schatz","12","Low Diversity"
"Gary Suess","6","Low Diversity"
"Gary Todd","19","Low Diversity"
"Gary Tucker","14","Low Diversity"
"Gary Unfried","23","Medium Diversity"
"Gary Valeska","12","Low Diversity"
"Gary Voss","12","Low Diversity"
"Gary Zercher","8","Low Diversity"
"Gary Zimmerman","23","Medium Diversity"
"Gautam Hathi","15","Low Diversity"
"Gavin Boje","43","Medium Diversity"
"Gavin Young","9","Low Diversity"
"Gavino Young","16","Low Diversity"
"Gayesandra Clark","17","Low Diversity"
"Gayle Banks","18","Low Diversity"
"Gayle Capella","63","High Diversity"
"Gayle Watson","21","Medium Diversity"
"Gayle Winfrey","49","Medium Diversity"
"Gaylord Carter","4","Low Diversity"
"Geetha Jones","20","Medium Diversity"
"Gen Taylor","20","Medium Diversity"
"Gene Cole","12","Low Diversity"
"Gene Jahn","4","Low Diversity"
"Gene Plaisance","14","Low Diversity"
"Gene Smith","5","Low Diversity"
"Gene Womack","51","High Diversity"
"Geneva Ace","31","Medium Diversity"
"Geneva Burkhardt","15","Low Diversity"
"Geneva Bustamante","28","Medium Diversity"
"Geneva Emmons","28","Medium Diversity"
"Geneva Hill","11","Low Diversity"
"Geneva Kouba","4","Low Diversity"
"Geneva McAden","11","Low Diversity"
"Geneva Pacheco","17","Low Diversity"
"Geneva Takemura","27","Medium Diversity"
"Geneva Thatcher","16","Low Diversity"
"Geneva Willems","6","Low Diversity"
"Genevieve Russo","9","Low Diversity"
"Geoff Merkley","19","Low Diversity"
"Geoffrey McDermitt","11","Low Diversity"
"George Armstrong","16","Low Diversity"
"George Bakkie","16","Low Diversity"
"George Barr","9","Low Diversity"
"George Beaty","34","Medium Diversity"
"George Blanchard","13","Low Diversity"
"George Cereghino","48","Medium Diversity"
"George Coffman","19","Low Diversity"
"George Collins","47","Medium Diversity"
"George Conkel","2","Low Diversity"
"George Dunlap","13","Low Diversity"
"George Gallup","72","High Diversity"
"George Gates","18","Low Diversity"
"George Heggen","11","Low Diversity"
"George Huckaby","15","Low Diversity"
"George Jans","51","High Diversity"
"George Jones","5","Low Diversity"
"George Leonard","10","Low Diversity"
"George Lucariello","19","Low Diversity"
"George Mahan","3","Low Diversity"
"George McCane","9","Low Diversity"
"George McGee","40","Medium Diversity"
"George Parker","38","Medium Diversity"
"George Quick","13","Low Diversity"
"George Reichert","35","Medium Diversity"
"George Speck","21","Medium Diversity"
"George Stenberg","12","Low Diversity"
"George Stone","20","Medium Diversity"
"George Stutzman","27","Medium Diversity"
"George Tejeda","3","Low Diversity"
"George Todero","80","High Diversity"
"George Torres","49","Medium Diversity"
"George Trujillo","43","Medium Diversity"
"George Umene","35","Medium Diversity"
"George Willmott","12","Low Diversity"
"George Zinov","36","Medium Diversity"
"Georgeane Jennings","13","Low Diversity"
"Georgia Blake","10","Low Diversity"
"Georgia Colian","6","Low Diversity"
"Georgia Dondzila","11","Low Diversity"
"Georgia King","52","High Diversity"
"Georgia Landrum","14","Low Diversity"
"Georgia Mathews","36","Medium Diversity"
"Georgia Syseskey","32","Medium Diversity"
"Georgia Thompson","14","Low Diversity"
"Gerald Austin","8","Low Diversity"
"Gerald Casey","55","High Diversity"
"Gerald Drury","10","Low Diversity"
"Gerald Hanshew","6","Low Diversity"
"Gerald Johnson","29","Medium Diversity"
"Gerald Kenney","10","Low Diversity"
"Gerald Koblinski","15","Low Diversity"
"Gerald Mewhinney","16","Low Diversity"
"Gerald Morris","25","Medium Diversity"
"Geraldine Aubrecht","44","Medium Diversity"
"Geraldine Collins","10","Low Diversity"
"Geraldine Fabec","12","Low Diversity"
"Geraldine Janson","9","Low Diversity"
"Geraldine Lewis","11","Low Diversity"
"Geraldine Molina","5","Low Diversity"
"Geraldine Rizzi","6","Low Diversity"
"Geraldine Spicer","9","Low Diversity"
"Geraldine Tammy","8","Low Diversity"
"Geraldine Tominello","21","Medium Diversity"
"Geri Farrell","6","Low Diversity"
"Geri James","51","High Diversity"
"Geri Lee","56","High Diversity"
"Gerri Norton","18","Low Diversity"
"Gerri Young","25","Medium Diversity"
"Gerry Woulfe","49","Medium Diversity"
"Gertrude Andal","2","Low Diversity"
"Gertrude Stafforini","9","Low Diversity"
"Gery Scott","17","Low Diversity"
"Gia Fries","30","Medium Diversity"
"Gilbert Amper","4","Low Diversity"
"Gilbert Cathcart","24","Medium Diversity"
"Gilbert Degroot","48","Medium Diversity"
"Gilbert Kinsner","48","Medium Diversity"
"Gina Ciochon","29","Medium Diversity"
"Gina Davis","11","Low Diversity"
"Gina Hartvickson","25","Medium Diversity"
"Gina Kerbel","64","High Diversity"
"Gina Saxton","28","Medium Diversity"
"Gina Smith","11","Low Diversity"
"Gina Wilson","28","Medium Diversity"
"Ginger Roman","31","Medium Diversity"
"Ginine Powers","6","Low Diversity"
"Ginny Hughes","2","Low Diversity"
"Gisela Larson","15","Low Diversity"
"Gladys Brown","15","Low Diversity"
"Gladys Eberle","14","Low Diversity"
"Gladys Evans","10","Low Diversity"
"Gladys Kesteman","4","Low Diversity"
"Gladys Lindenberg","32","Medium Diversity"
"Gladys Lockett","12","Low Diversity"
"Gladys Martinez","2","Low Diversity"
"Gladys Mendiola","8","Low Diversity"
"Gladys Nardini","19","Low Diversity"
"Gladys Peshut","48","Medium Diversity"
"Gladys Powell","11","Low Diversity"
"Gladys Pursley","15","Low Diversity"
"Gladys Wheelersburg","8","Low Diversity"
"Gledola Connelly","49","Medium Diversity"
"Glen Alexander","22","Medium Diversity"
"Glen Czarnecki","12","Low Diversity"
"Glen Leadingham","7","Low Diversity"
"Glen Paul","16","Low Diversity"
"Glen Roberts","7","Low Diversity"
"Glenda Bauer","2","Low Diversity"
"Glenda Brening","13","Low Diversity"
"Glenn Aguilar","7","Low Diversity"
"Glenn Carey","7","Low Diversity"
"Glenn Chenault","14","Low Diversity"
"Glenn Gordon","8","Low Diversity"
"Glenn Hahn","20","Medium Diversity"
"Glenn Olivera","10","Low Diversity"
"Glenn Purcell","16","Low Diversity"
"Glenn Sladnick","66","High Diversity"
"Glenn Walsh","42","Medium Diversity"
"Glenna Archilla","10","Low Diversity"
"Glenna Beanston","21","Medium Diversity"
"Glenys Boswell","10","Low Diversity"
"Glin Peterson","26","Medium Diversity"
"Gloria Allaire","6","Low Diversity"
"Gloria Atencio","16","Low Diversity"
"Gloria Barnum","34","Medium Diversity"
"Gloria Bertelloti","19","Low Diversity"
"Gloria Bollacker","17","Low Diversity"
"Gloria Cross","25","Medium Diversity"
"Gloria Duncan","47","Medium Diversity"
"Gloria Freiberg","4","Low Diversity"
"Gloria Greenhood","7","Low Diversity"
"Gloria Lesko","2","Low Diversity"
"Gloria Mason","21","Medium Diversity"
"Gloria Orona","36","Medium Diversity"
"Gloria Perko","26","Medium Diversity"
"Gloria Querengasser","6","Low Diversity"
"Gloria Rampa","57","High Diversity"
"Gloria Robertson","38","Medium Diversity"
"Gloria Schrech","14","Low Diversity"
"Gloria Watner","4","Low Diversity"
"Gloria Wilson","20","Medium Diversity"
"Gobel Buss","12","Low Diversity"
"Goldie Yost","6","Low Diversity"
"Gonzalo Plant","22","Medium Diversity"
"Gordon Dorenkamp","57","High Diversity"
"Gordon Kirschner","10","Low Diversity"
"Gordon Kostanick","4","Low Diversity"
"Gordon Sanfilippo","17","Low Diversity"
"Grace Alvarado","6","Low Diversity"
"Grace Bonine","24","Medium Diversity"
"Grace Carbiener","23","Medium Diversity"
"Grace Drake","9","Low Diversity"
"Grace McLaughlin","68","High Diversity"
"Grace Miller","55","High Diversity"
"Grace Smith","18","Low Diversity"
"Grace Taylor","16","Low Diversity"
"Grace Towns","46","Medium Diversity"
"Grace Vallis","45","Medium Diversity"
"Grace Wiseman","12","Low Diversity"
"Gracia Tuell","7","Low Diversity"
"Graciela Konig","2","Low Diversity"
"Grant Archuleta","20","Medium Diversity"
"Greg Amidon","2","Low Diversity"
"Greg Boyd","3","Low Diversity"
"Greg Forsyth","7","Low Diversity"
"Greg Gilliland","22","Medium Diversity"
"Greg Johnson","9","Low Diversity"
"Greg Kinnaird","45","Medium Diversity"
"Greg Morgan","73","High Diversity"
"Greg Narberes","23","Medium Diversity"
"Greg Slavin","30","Medium Diversity"
"Greg Thompson","29","Medium Diversity"
"Greg Trontell","4","Low Diversity"
"Greg Wilson","20","Medium Diversity"
"Greg Wood","20","Medium Diversity"
"Gregory Hollowell","39","Medium Diversity"
"Gregory Kahler","17","Low Diversity"
"Gregory Odenthal","50","High Diversity"
"Gregory Quinones","6","Low Diversity"
"Gregory Vanderbout","15","Low Diversity"
"Gregory Velasquez","31","Medium Diversity"
"Gregory Wademan","11","Low Diversity"
"Gregory Westall","8","Low Diversity"
"Gregory Whiting","23","Medium Diversity"
"Gregory Wise","5","Low Diversity"
"Gregory Wood","25","Medium Diversity"
"Gretchen Yeo","43","Medium Diversity"
"Gretel Whitehead","17","Low Diversity"
"Guadalupe (Lou) Trujillo","11","Low Diversity"
"Guadalupe Claggett","21","Medium Diversity"
"Guadalupe Towne","19","Low Diversity"
"Guillermo Burkhardt","15","Low Diversity"
"Guillermo Gann","37","Medium Diversity"
"Guillermo Senak","63","High Diversity"
"Guillermo Thor","27","Medium Diversity"
"Gunar Kasimir","6","Low Diversity"
"Gunda Carucio","13","Low Diversity"
"Guy Cohn","13","Low Diversity"
"Guy Smith","50","High Diversity"
"Guy Stevens","8","Low Diversity"
"Gwen Griffin","10","Low Diversity"
"Gwen White","35","Medium Diversity"
"Gwendolyn Wall","3","Low Diversity"
"Gwendolyn Woodliff","53","High Diversity"
"H. Coleman Jackson","3","Low Diversity"
"H. Jennie Stratton","24","Medium Diversity"
"H. Virginia Vandiver","12","Low Diversity"
"Hakma Williamson","16","Low Diversity"
"Hallie Robinson","14","Low Diversity"
"Hally Stephens","43","Medium Diversity"
"Hana Beyer","38","Medium Diversity"
"Hannah Arakawa","38","Medium Diversity"
"Hans Baca","14","Low Diversity"
"Hans Squires","10","Low Diversity"
"Hansraji Topliss","7","Low Diversity"
"Harland Dyer","9","Low Diversity"
"Harold Aldaridge","4","Low Diversity"
"Harold Barone","49","Medium Diversity"
"Harold Bauer","7","Low Diversity"
"Harold Bianchi","43","Medium Diversity"
"Harold Cataldo","29","Medium Diversity"
"Harold Chapman","9","Low Diversity"
"Harold Cohen","6","Low Diversity"
"Harold Cottles","23","Medium Diversity"
"Harold Erickson","17","Low Diversity"
"Harold Ernest","20","Medium Diversity"
"Harold Givens","14","Low Diversity"
"Harold Gray","27","Medium Diversity"
"Harold Montoya","25","Medium Diversity"
"Harold Powers","58","High Diversity"
"Harold Rawdon","44","Medium Diversity"
"Harold Rinks","8","Low Diversity"
"Harold Rowell","2","Low Diversity"
"Harold Shepherd","34","Medium Diversity"
"Harold Sparks","19","Low Diversity"
"Harold Spence","13","Low Diversity"
"Harold Stout","5","Low Diversity"
"Harold Troxel","9","Low Diversity"
"Harold Trujillo","16","Low Diversity"
"Harold Williams","32","Medium Diversity"
"Harriet Bezzerides","6","Low Diversity"
"Harriet Brooks","19","Low Diversity"
"Harriet Cabezzaslacayo","29","Medium Diversity"
"Harriet Collins","24","Medium Diversity"
"Harriet Davis","11","Low Diversity"
"Harriet Geer","7","Low Diversity"
"Harriet Gomez","55","High Diversity"
"Harriet Peirson","10","Low Diversity"
"Harriett Brodow","6","Low Diversity"
"Harriett Zvibleman","14","Low Diversity"
"Harry Britton","62","High Diversity"
"Harry Brown","19","Low Diversity"
"Harry Humphrey","10","Low Diversity"
"Harry Jordan","17","Low Diversity"
"Harry Rasmussen","10","Low Diversity"
"Harry Steinke","14","Low Diversity"
"Harry Torphy","67","High Diversity"
"Harvey Belleci","10","Low Diversity"
"Harvey Bradley","12","Low Diversity"
"Harvey McCollum","2","Low Diversity"
"Harvey Tikotsky","15","Low Diversity"
"Harvey Wightman","7","Low Diversity"
"Hattie Haemon","44","Medium Diversity"
"Hazel Baker","12","Low Diversity"
"Hazel Coy","17","Low Diversity"
"Hazel Dewberry","27","Medium Diversity"
"Hazel Ice","13","Low Diversity"
"Hazel Jensen","46","Medium Diversity"
"Hazel Mixon","50","High Diversity"
"Hazel Souza","44","Medium Diversity"
"Hazel Sturdevant","41","Medium Diversity"
"Hazel Terbush","15","Low Diversity"
"Hazel Torres","24","Medium Diversity"
"Hazel Walker","34","Medium Diversity"
"Heath Lopez","6","Low Diversity"
"Heath Marshall","18","Low Diversity"
"Heather Almeida","10","Low Diversity"
"Heather Anglin","11","Low Diversity"
"Heather Bachicha","56","High Diversity"
"Heather Bailey","28","Medium Diversity"
"Heather Bick","10","Low Diversity"
"Heather Blasinski","11","Low Diversity"
"Heather Bowles","13","Low Diversity"
"Heather Bowling","47","Medium Diversity"
"Heather Geiermann","28","Medium Diversity"
"Heather Lewis","36","Medium Diversity"
"Heather Ryan","3","Low Diversity"
"Heather Sanchez","2","Low Diversity"
"Heather Smith","40","Medium Diversity"
"Heather Swerdfeger","12","Low Diversity"
"Heather Tresca","34","Medium Diversity"
"Hedeliza Suttich","2","Low Diversity"
"Heidi Browne","10","Low Diversity"
"Heidi Colligan","29","Medium Diversity"
"Heidi Gabriel","16","Low Diversity"
"Heidi Weber","43","Medium Diversity"
"Heidie Whetstone","53","High Diversity"
"Helen Addington","22","Medium Diversity"
"Helen Albo","44","Medium Diversity"
"Helen Arnold","10","Low Diversity"
"Helen Austin","16","Low Diversity"
"Helen Baker","11","Low Diversity"
"Helen Bell","14","Low Diversity"
"Helen Bland","2","Low Diversity"
"Helen Bogart","52","High Diversity"
"Helen Borden","14","Low Diversity"
"Helen Broyles","15","Low Diversity"
"Helen Cambra","11","Low Diversity"
"Helen Coleman","8","Low Diversity"
"Helen Dennis","68","High Diversity"
"Helen Eades","7","Low Diversity"
"Helen Fletcher","21","Medium Diversity"
"Helen Frederick","5","Low Diversity"
"Helen Gallegos","8","Low Diversity"
"Helen Goodrich","13","Low Diversity"
"Helen Hauser","13","Low Diversity"
"Helen Hayden","11","Low Diversity"
"Helen Henry","30","Medium Diversity"
"Helen Huck","24","Medium Diversity"
"Helen Laing","60","High Diversity"
"Helen Lutes","16","Low Diversity"
"Helen Matter","31","Medium Diversity"
"Helen Meyer","16","Low Diversity"
"Helen Perrone","56","High Diversity"
"Helen Peters","33","Medium Diversity"
"Helen Plum","16","Low Diversity"
"Helen Schacter","15","Low Diversity"
"Helen Smith","23","Medium Diversity"
"Helen Sorenson","7","Low Diversity"
"Helen Stanifer","19","Low Diversity"
"Helen Tanner","63","High Diversity"
"Helen Tapia","11","Low Diversity"
"Helen Toyota","6","Low Diversity"
"Helen Valentine","48","Medium Diversity"
"Helen Van Fleet","7","Low Diversity"
"Helen Villa","25","Medium Diversity"
"Helen Vlass","22","Medium Diversity"
"Helen Weiss","13","Low Diversity"
"Helen Wright","19","Low Diversity"
"Helen Wyatt","8","Low Diversity"
"Helena Boushey","8","Low Diversity"
"Helene Shearer","17","Low Diversity"
"Henri Pickett","2","Low Diversity"
"Henrietta Chalmers","16","Low Diversity"
"Henrietta Simmons","3","Low Diversity"
"Henry Bonal","14","Low Diversity"
"Henry Brammeier","8","Low Diversity"
"Henry Campen","32","Medium Diversity"
"Henry Dutson","3","Low Diversity"
"Henry Ferrell","22","Medium Diversity"
"Henry Fielder","8","Low Diversity"
"Henry Higginbotham","70","High Diversity"
"Henry Karle","32","Medium Diversity"
"Henry Kiser","7","Low Diversity"
"Henry Maxwell","40","Medium Diversity"
"Henry McEvoy","47","Medium Diversity"
"Henry Pusedu","51","High Diversity"
"Henry Soto","3","Low Diversity"
"Henry Whisten","29","Medium Diversity"
"Henry Young","30","Medium Diversity"
"Herb Montano","26","Medium Diversity"
"Herbert Bomar","7","Low Diversity"
"Herbert Madden","55","High Diversity"
"Herbert Stever","14","Low Diversity"
"Herbert Venegas","15","Low Diversity"
"Herbert Waggoner","11","Low Diversity"
"Herman Baldwin","3","Low Diversity"
"Herman Pack","51","High Diversity"
"Herman Roberson","25","Medium Diversity"
"Herman Webb","65","High Diversity"
"Hermina Lay","10","Low Diversity"
"Hermon Avaloz","21","Medium Diversity"
"Herold Smith","23","Medium Diversity"
"Hershel Cerino","18","Low Diversity"
"Hershel Vincent","20","Medium Diversity"
"Herve Spencer","48","Medium Diversity"
"Hewitt Yewell","7","Low Diversity"
"Heysel Stratton","2","Low Diversity"
"Hezzie Stanley","25","Medium Diversity"
"Hilario McLinskey","35","Medium Diversity"
"Hilary Kennet","33","Medium Diversity"
"Hilda Suazo","66","High Diversity"
"Hilda Visendi","13","Low Diversity"
"Hillaine Montera","15","Low Diversity"
"Hillary Trubin","10","Low Diversity"
"Hinda Phiel","12","Low Diversity"
"Hoa Rainey","3","Low Diversity"
"Hoai McCoy","9","Low Diversity"
"Holly Breder","10","Low Diversity"
"Holly Leland","13","Low Diversity"
"Holly Phariss","42","Medium Diversity"
"Holly Scott","26","Medium Diversity"
"Holly Wilson","8","Low Diversity"
"Homer Betz","14","Low Diversity"
"Homer Vaughn","8","Low Diversity"
"Homer Villa","15","Low Diversity"
"Honey Chavez","27","Medium Diversity"
"Honey Roper","21","Medium Diversity"
"Hong Flanagan","9","Low Diversity"
"Hoon Paris","36","Medium Diversity"
"Hope Hiser","3","Low Diversity"
"Hope Marino","5","Low Diversity"
"Hope Plutt","21","Medium Diversity"
"Hope Riccillo","24","Medium Diversity"
"Hope Scott","6","Low Diversity"
"Horst Kowalewski","16","Low Diversity"
"Hortencia Tarr","3","Low Diversity"
"Hour Smith","8","Low Diversity"
"Howard Bechard","17","Low Diversity"
"Howard Bostwick","17","Low Diversity"
"Howard Caywood","19","Low Diversity"
"Howard Frost","25","Medium Diversity"
"Howard King","32","Medium Diversity"
"Howard Larsen","4","Low Diversity"
"Howard Mahon","13","Low Diversity"
"Howard Reiner","14","Low Diversity"
"Howard Tallaksen","36","Medium Diversity"
"Howard Valentine","6","Low Diversity"
"Howard Yeates","13","Low Diversity"
"Hoyt Barnes","16","Low Diversity"
"Hubert Trujillo","24","Medium Diversity"
"Hudson Moore","6","Low Diversity"
"Hugh Pisciotta","13","Low Diversity"
"Huie Nook Yen Brydonejack","9","Low Diversity"
"Ian Bloomberg","20","Medium Diversity"
"Ian Schuetz","22","Medium Diversity"
"Ian Torri","2","Low Diversity"
"Ian Yuhasz","9","Low Diversity"
"Ida Cezar","25","Medium Diversity"
"Ida Dabit","14","Low Diversity"
"Ida Disipio","58","High Diversity"
"Ida Grey","15","Low Diversity"
"Ida Holmes","44","Medium Diversity"
"Ida Rodriguez","83","High Diversity"
"Ida Williams","2","Low Diversity"
"Ila Armstrong","8","Low Diversity"
"Ila Wimmer","24","Medium Diversity"
"Ina Channing","17","Low Diversity"
"Ina Hayden","21","Medium Diversity"
"Inez Carlson","30","Medium Diversity"
"Inez Martinez","53","High Diversity"
"Inge Vaughn","12","Low Diversity"
"Inger Cox","9","Low Diversity"
"Ingmar St.Clair","49","Medium Diversity"
"Ingrid Burkhardt","54","High Diversity"
"Ingrid Costa","36","Medium Diversity"
"Ingrid Stevens","23","Medium Diversity"
"Ira Trujillo","61","High Diversity"
"Ira Waskey","15","Low Diversity"
"Irene Brewer","17","Low Diversity"
"Irene Brug","21","Medium Diversity"
"Irene Carr","62","High Diversity"
"Irene Chavez","30","Medium Diversity"
"Irene Digennaro","2","Low Diversity"
"Irene Hernandez","11","Low Diversity"
"Irene Lackey","23","Medium Diversity"
"Irene Masset","19","Low Diversity"
"Irene McGee","19","Low Diversity"
"Irene Norman","2","Low Diversity"
"Irene Riggio","3","Low Diversity"
"Irene Simpson","10","Low Diversity"
"Irene Watada","33","Medium Diversity"
"Iris Smith","20","Medium Diversity"
"Irma Johnson","19","Low Diversity"
"Irma Sherwood","29","Medium Diversity"
"Irvin Setzer","59","High Diversity"
"Irving Buck","16","Low Diversity"
"Irving Serna","19","Low Diversity"
"Isabel Barrington","27","Medium Diversity"
"Isabel Haas","12","Low Diversity"
"Isabel Smith","17","Low Diversity"
"Isabell Carterbury","3","Low Diversity"
"Isabella Farley","32","Medium Diversity"
"Isabella Meyer","5","Low Diversity"
"Isaiah Heymsfield","69","High Diversity"
"Israel Corbin","11","Low Diversity"
"Ivan Mauro","3","Low Diversity"
"Iwona Turner","43","Medium Diversity"
"J. Boyle","33","Medium Diversity"
"J. Brent Whicher","19","Low Diversity"
"J. Ewing","9","Low Diversity"
"J. Knutson","33","Medium Diversity"
"J. Michael Hughes","18","Low Diversity"
"J. Miller","47","Medium Diversity"
"J. Phillip Alexander","16","Low Diversity"
"J. Ryan Carson","6","Low Diversity"
"J. Thomas Stellini","9","Low Diversity"
"Jacinta Navarro","31","Medium Diversity"
"Jack Basham","6","Low Diversity"
"Jack Burkhart","7","Low Diversity"
"Jack Castillo","17","Low Diversity"
"Jack Clark","36","Medium Diversity"
"Jack Collins","17","Low Diversity"
"Jack Fuller","20","Medium Diversity"
"Jack Gant","26","Medium Diversity"
"Jack Krasovec","4","Low Diversity"
"Jack Miller","4","Low Diversity"
"Jack Moore","27","Medium Diversity"
"Jack Parente","62","High Diversity"
"Jack Showaker","9","Low Diversity"
"Jack Tapin","46","Medium Diversity"
"Jack Wong","6","Low Diversity"
"Jack Wood","13","Low Diversity"
"Jack Zucconi","79","High Diversity"
"Jackie Allen","55","High Diversity"
"Jackie Arellano","8","Low Diversity"
"Jackie Blackwell","20","Medium Diversity"
"Jackie Brandolino","14","Low Diversity"
"Jackie Cooke","8","Low Diversity"
"Jackie Darrow","21","Medium Diversity"
"Jackie Gilbert","20","Medium Diversity"
"Jackie Ison","14","Low Diversity"
"Jackie Kelley","11","Low Diversity"
"Jackie Longo","17","Low Diversity"
"Jackie Morgan","17","Low Diversity"
"Jackie Shepard","22","Medium Diversity"
"Jacky Camille","17","Low Diversity"
"Jacob Azzolino","17","Low Diversity"
"Jacob Case","22","Medium Diversity"
"Jacob Chumbley","27","Medium Diversity"
"Jacob Dean","25","Medium Diversity"
"Jacob Lambertsen","8","Low Diversity"
"Jacob Miller","37","Medium Diversity"
"Jacob Tomlinson","19","Low Diversity"
"Jacqeline Garnsey","16","Low Diversity"
"Jacquelin Haley","29","Medium Diversity"
"Jacqueline Bennett","6","Low Diversity"
"Jacqueline Canfield","15","Low Diversity"
"Jacqueline Cutwright","42","Medium Diversity"
"Jacqueline Martinez","8","Low Diversity"
"Jacqueline Moening","17","Low Diversity"
"Jacqueline Oliver","14","Low Diversity"
"Jacqueline Wilson","23","Medium Diversity"
"Jacqueline Wyllie","23","Medium Diversity"
"Jacquelyn Colomb","38","Medium Diversity"
"Jacquelyn Wagner","25","Medium Diversity"
"Jacques Brown","12","Low Diversity"
"Jacquie Richardson","29","Medium Diversity"
"Jacquline Mattocks","18","Low Diversity"
"Jade Brandberry","22","Medium Diversity"
"Jaime Ballard","38","Medium Diversity"
"Jake Albritton","46","Medium Diversity"
"Jake Bass","26","Medium Diversity"
"Jake Brown","33","Medium Diversity"
"Jalexis Martin","18","Low Diversity"
"Jame Krow","7","Low Diversity"
"James Adams","68","High Diversity"
"James Aguilar","36","Medium Diversity"
"James Aldridge","8","Low Diversity"
"James Allred","29","Medium Diversity"
"James Anderson","28","Medium Diversity"
"James Andrews","27","Medium Diversity"
"James Antionio","11","Low Diversity"
"James Auguscik","37","Medium Diversity"
"James Avaloz, Jr.","29","Medium Diversity"
"James Bailey","10","Low Diversity"
"James Bakeman","25","Medium Diversity"
"James Barnurn","5","Low Diversity"
"James Barrier","25","Medium Diversity"
"James Bartolomei","17","Low Diversity"
"James Begley","13","Low Diversity"
"James Bergesen","13","Low Diversity"
"James Blackburn","16","Low Diversity"
"James Boles","7","Low Diversity"
"James Bond","9","Low Diversity"
"James Bowman","8","Low Diversity"
"James Braningan","7","Low Diversity"
"James Brekke","51","High Diversity"
"James Brew","48","Medium Diversity"
"James Brooks","8","Low Diversity"
"James Burdon","34","Medium Diversity"
"James Burns","65","High Diversity"
"James Caldwell","15","Low Diversity"
"James Calouri","26","Medium Diversity"
"James Campbell","41","Medium Diversity"
"James Cardenas","19","Low Diversity"
"James Carington","5","Low Diversity"
"James Cavallo","13","Low Diversity"
"James Chandler","13","Low Diversity"
"James Chintala","20","Medium Diversity"
"James Clark","5","Low Diversity"
"James Clay","18","Low Diversity"
"James Coakley","29","Medium Diversity"
"James Compagno","28","Medium Diversity"
"James Constuble","30","Medium Diversity"
"James Cossairt","15","Low Diversity"
"James Decker","11","Low Diversity"
"James Delhay","4","Low Diversity"
"James Dennard","50","High Diversity"
"James Dietz","5","Low Diversity"
"James Dremel","58","High Diversity"
"James Dunn","15","Low Diversity"
"James Eichorn","17","Low Diversity"
"James Fellows","8","Low Diversity"
"James Frank","11","Low Diversity"
"James Gahagan","18","Low Diversity"
"James Giror","12","Low Diversity"
"James Gold","21","Medium Diversity"
"James Goodwin","28","Medium Diversity"
"James Goudreau","17","Low Diversity"
"James Hamburg","10","Low Diversity"
"James Hampton","25","Medium Diversity"
"James Hanten","47","Medium Diversity"
"James Haugh","49","Medium Diversity"
"James Hays","57","High Diversity"
"James Herrmann","11","Low Diversity"
"James Herzberger","24","Medium Diversity"
"James Hockreng","24","Medium Diversity"
"James Horvat","73","High Diversity"
"James Janda","2","Low Diversity"
"James Jones","16","Low Diversity"
"James Kenney","9","Low Diversity"
"James Knerich","49","Medium Diversity"
"James La Monica","13","Low Diversity"
"James Leatherman","16","Low Diversity"
"James Leopard","9","Low Diversity"
"James Lewis","31","Medium Diversity"
"James Lowry","7","Low Diversity"
"James Mc Coy","24","Medium Diversity"
"James McCoy","4","Low Diversity"
"James Milusnic","42","Medium Diversity"
"James Moyal","15","Low Diversity"
"James Myers","27","Medium Diversity"
"James Neibaur","4","Low Diversity"
"James New","14","Low Diversity"
"James Oakley","13","Low Diversity"
"James Perry","7","Low Diversity"
"James Rajasekhar","44","Medium Diversity"
"James Ray","8","Low Diversity"
"James Ready","10","Low Diversity"
"James Remley","8","Low Diversity"
"James Robinson","3","Low Diversity"
"James Roman","11","Low Diversity"
"James Roybal","68","High Diversity"
"James Rozmiarek","6","Low Diversity"
"James Scott","43","Medium Diversity"
"James Senter","15","Low Diversity"
"James Short","64","High Diversity"
"James Singh","22","Medium Diversity"
"James Small","4","Low Diversity"
"James Smith","10","Low Diversity"
"James Solano","19","Low Diversity"
"James Sorenson","3","Low Diversity"
"James Sosa","4","Low Diversity"
"James Sparacino","9","Low Diversity"
"James Sparks","6","Low Diversity"
"James Stevens","67","High Diversity"
"James Straub","23","Medium Diversity"
"James Strauch","9","Low Diversity"
"James Stricklin","22","Medium Diversity"
"James Struck","30","Medium Diversity"
"James Tate","14","Low Diversity"
"James Taylor","42","Medium Diversity"
"James Thomas","29","Medium Diversity"
"James Thompson","22","Medium Diversity"
"James Tieman","15","Low Diversity"
"James Tran","13","Low Diversity"
"James Trubow","16","Low Diversity"
"James Trujillo","15","Low Diversity"
"James Tye","2","Low Diversity"
"James Ure","7","Low Diversity"
"James Vance","20","Medium Diversity"
"James Vatnsdal","9","Low Diversity"
"James Velasquez","11","Low Diversity"
"James Viggiano","18","Low Diversity"
"James Walsh","10","Low Diversity"
"James Watson","6","Low Diversity"
"James Williams","26","Medium Diversity"
"James Wolf","16","Low Diversity"
"James Woolsey","19","Low Diversity"
"James Wright","15","Low Diversity"
"James Zanet","24","Medium Diversity"
"Jamie Agnew","20","Medium Diversity"
"Jamie Ann Stam","7","Low Diversity"
"Jamie Cisneros","10","Low Diversity"
"Jamie Kennedy","24","Medium Diversity"
"Jamie Merritt","31","Medium Diversity"
"Jamie Shaddy","15","Low Diversity"
"Jamie Vana","34","Medium Diversity"
"Jamie Wright","7","Low Diversity"
"Jan Heinze","13","Low Diversity"
"Jan Ireland","23","Medium Diversity"
"Jan Nelsen","6","Low Diversity"
"Jane Cardoso","17","Low Diversity"
"Jane Carmichael","47","Medium Diversity"
"Jane Evola","21","Medium Diversity"
"Jane Filler","23","Medium Diversity"
"Jane Gonzalez","10","Low Diversity"
"Jane Greer","43","Medium Diversity"
"Jane King","5","Low Diversity"
"Jane McCarty","16","Low Diversity"
"Jane Puckett","37","Medium Diversity"
"Jane Rogers","3","Low Diversity"
"Jane Small","3","Low Diversity"
"Jane Smith","34","Medium Diversity"
"Jane Wilson","14","Low Diversity"
"Janeen Broxton","50","High Diversity"
"Janel Smith","12","Low Diversity"
"Janell Cordova","61","High Diversity"
"Janelle Nzwonkwelle","2","Low Diversity"
"Janelle Sloan","5","Low Diversity"
"Janet Bell","28","Medium Diversity"
"Janet Bogosian","4","Low Diversity"
"Janet Budlong","30","Medium Diversity"
"Janet Bury","33","Medium Diversity"
"Janet Byrnes","41","Medium Diversity"
"Janet Carl","13","Low Diversity"
"Janet Davis","17","Low Diversity"
"Janet Gates","18","Low Diversity"
"Janet Gilliat","25","Medium Diversity"
"Janet Hartman","12","Low Diversity"
"Janet Holland","19","Low Diversity"
"Janet Iudice","14","Low Diversity"
"Janet Jacobs","19","Low Diversity"
"Janet Lancaster","22","Medium Diversity"
"Janet Mohr","37","Medium Diversity"
"Janet Naylor","44","Medium Diversity"
"Janet Schenkenberger","8","Low Diversity"
"Janet Smarr","3","Low Diversity"
"Janet Smith","28","Medium Diversity"
"Janet Thomas","50","High Diversity"
"Janet Vigil","18","Low Diversity"
"Janet Walker","11","Low Diversity"
"Janet Zane","7","Low Diversity"
"Janette Toevs","27","Medium Diversity"
"Janice Allacher","9","Low Diversity"
"Janice Barlow","22","Medium Diversity"
"Janice Belleci","60","High Diversity"
"Janice Bryant","5","Low Diversity"
"Janice Jenks","24","Medium Diversity"
"Janice King","15","Low Diversity"
"Janice Lenstrom","21","Medium Diversity"
"Janice Lewis","31","Medium Diversity"
"Janice Lipscomb","19","Low Diversity"
"Janice Monitor","4","Low Diversity"
"Janice Nelson","11","Low Diversity"
"Janice Porter","2","Low Diversity"
"Janice Rueda","35","Medium Diversity"
"Janice Sondag","22","Medium Diversity"
"Janice Vrins","21","Medium Diversity"
"Janice Walker","18","Low Diversity"
"Janice Weakley","20","Medium Diversity"
"Janice White","6","Low Diversity"
"Janice Widman","31","Medium Diversity"
"Janice Wong","27","Medium Diversity"
"Janice Yates","12","Low Diversity"
"Janice Zane","21","Medium Diversity"
"Janie Snell","4","Low Diversity"
"Janie Waskey","18","Low Diversity"
"Janine Bieri","35","Medium Diversity"
"Janine Clare","13","Low Diversity"
"Janine Davis","33","Medium Diversity"
"Janis Arnone","2","Low Diversity"
"Janis Chapman","61","High Diversity"
"Janis Miller","22","Medium Diversity"
"Janis Otis","21","Medium Diversity"
"Janis Strunk","35","Medium Diversity"
"Jared Adams","27","Medium Diversity"
"Jared Bustamante","7","Low Diversity"
"Jared Kidd","8","Low Diversity"
"Jared Tooley","38","Medium Diversity"
"Jarod Barlier","12","Low Diversity"
"Jarrell Benton","18","Low Diversity"
"Jason Becker","39","Medium Diversity"
"Jason Borjesson","61","High Diversity"
"Jason Bullock","18","Low Diversity"
"Jason Cabling","19","Low Diversity"
"Jason Cammarota","45","Medium Diversity"
"Jason Covel","9","Low Diversity"
"Jason Dille","8","Low Diversity"
"Jason Germ","17","Low Diversity"
"Jason Henderson","16","Low Diversity"
"Jason Kile","13","Low Diversity"
"Jason Ladd","25","Medium Diversity"
"Jason Livingston","17","Low Diversity"
"Jason McDaniel","2","Low Diversity"
"Jason Messicci","5","Low Diversity"
"Jason Ryan Bozeman","9","Low Diversity"
"Jason VanHarn","37","Medium Diversity"
"Jason Wallace","47","Medium Diversity"
"Jauire Ahmadzai","17","Low Diversity"
"Jauna Elson","10","Low Diversity"
"Jaunita Homax","22","Medium Diversity"
"Javier Bauer","6","Low Diversity"
"Jay Bauer","35","Medium Diversity"
"Jay Belinge","13","Low Diversity"
"Jay Jones","17","Low Diversity"
"Jay Moore","20","Medium Diversity"
"Jay Saxema Wilkie","6","Low Diversity"
"Jay Singleton","40","Medium Diversity"
"Jay Topping","11","Low Diversity"
"Jayne Chandler","47","Medium Diversity"
"Je Hoffman","6","Low Diversity"
"Jean Barr","2","Low Diversity"
"Jean Bell","12","Low Diversity"
"Jean Bennett","14","Low Diversity"
"Jean Boone","20","Medium Diversity"
"Jean Brasselero","16","Low Diversity"
"Jean Cooper","65","High Diversity"
"Jean Coy","18","Low Diversity"
"Jean Dickerson","16","Low Diversity"
"Jean Everett","40","Medium Diversity"
"Jean Fernandez","9","Low Diversity"
"Jean Fitzgerald","11","Low Diversity"
"Jean Gradishar","9","Low Diversity"
"Jean Handley","13","Low Diversity"
"Jean Hankal","12","Low Diversity"
"Jean Hill","3","Low Diversity"
"Jean Hoessel","17","Low Diversity"
"Jean Holcomb","8","Low Diversity"
"Jean Holloway","23","Medium Diversity"
"Jean Holmes","28","Medium Diversity"
"Jean Jersin","8","Low Diversity"
"Jean Manzon","2","Low Diversity"
"Jean Martinez","43","Medium Diversity"
"Jean McGuin","40","Medium Diversity"
"Jean Myles","33","Medium Diversity"
"Jean Potter","3","Low Diversity"
"Jean St. Peter","5","Low Diversity"
"Jean Steffen","17","Low Diversity"
"Jean Stratton","15","Low Diversity"
"Jean Thorpe","46","Medium Diversity"
"Jean Wilson","30","Medium Diversity"
"Jean Wong","12","Low Diversity"
"Jean Zimmerman","12","Low Diversity"
"Jeane Hanratty","5","Low Diversity"
"Jeanelle Vigil","11","Low Diversity"
"Jeanene Chalmers","12","Low Diversity"
"Jeanette Bittenbender","32","Medium Diversity"
"Jeanette Campbell","15","Low Diversity"
"Jeanette Dismuke","11","Low Diversity"
"Jeanette Foster","40","Medium Diversity"
"Jeanie Orton","19","Low Diversity"
"Jeanine Baca","10","Low Diversity"
"Jeanine Finnell","10","Low Diversity"
"Jeanine Sanchez","56","High Diversity"
"Jeanine Warren","16","Low Diversity"
"Jeanne Bohrnstedt","14","Low Diversity"
"Jeanne Corsentino","57","High Diversity"
"Jeanne Derry","23","Medium Diversity"
"Jeanne Ibarra","29","Medium Diversity"
"Jeanne McDill","26","Medium Diversity"
"Jeanne Turner","20","Medium Diversity"
"Jeanne Wentz","49","Medium Diversity"
"Jeanne Whitaker","34","Medium Diversity"
"Jeanne Zysko","21","Medium Diversity"
"Jeannette Bura","42","Medium Diversity"
"Jeannette Eldridge","12","Low Diversity"
"Jeanni Espinoza","17","Low Diversity"
"Jeannie Diehl","10","Low Diversity"
"Jeannie Ross","3","Low Diversity"
"Jeannine Arabian","35","Medium Diversity"
"Jeannine Markwith","58","High Diversity"
"Jed Piquette","50","High Diversity"
"Jeff Baros","16","Low Diversity"
"Jeff Bowlen","19","Low Diversity"
"Jeff England","55","High Diversity"
"Jeff Hampton","5","Low Diversity"
"Jeff Hartman","14","Low Diversity"
"Jeff Kincaid","5","Low Diversity"
"Jeff Mastreno","12","Low Diversity"
"Jeff Mickelsen","12","Low Diversity"
"Jeff Quinn","15","Low Diversity"
"Jeff Spero","31","Medium Diversity"
"Jeff Toyne","13","Low Diversity"
"Jeff Visperas","6","Low Diversity"
"Jeff Wakefield","17","Low Diversity"
"Jeff Winter","17","Low Diversity"
"Jeffery Hernandez","11","Low Diversity"
"Jeffrey Adis","14","Low Diversity"
"Jeffrey Baker","38","Medium Diversity"
"Jeffrey Bonneville","8","Low Diversity"
"Jeffrey Boswell","20","Medium Diversity"
"Jeffrey Campbell","15","Low Diversity"
"Jeffrey Clark","74","High Diversity"
"Jeffrey Clemens","43","Medium Diversity"
"Jeffrey Curtis","18","Low Diversity"
"Jeffrey Drewke","7","Low Diversity"
"Jeffrey Evoy","22","Medium Diversity"
"Jeffrey Ferguson","11","Low Diversity"
"Jeffrey Hahn","6","Low Diversity"
"Jeffrey Hutchinson","21","Medium Diversity"
"Jeffrey Kung","7","Low Diversity"
"Jeffrey Marsac","7","Low Diversity"
"Jeffrey Myers","18","Low Diversity"
"Jeffrey Nabholz","6","Low Diversity"
"Jeffrey Siegman","29","Medium Diversity"
"Jeffrey Strauch","35","Medium Diversity"
"Jeffrey Whitehead","12","Low Diversity"
"Jeffry Rosa","24","Medium Diversity"
"Jenaro Sandoval","9","Low Diversity"
"Jenelle Williams","2","Low Diversity"
"Jenetta Wiley","30","Medium Diversity"
"Jenna Thys","15","Low Diversity"
"Jenni Montgomery","7","Low Diversity"
"Jennie Benjoseph","41","Medium Diversity"
"Jennie Ciruli","3","Low Diversity"
"Jennie Reeves","23","Medium Diversity"
"Jennie Smith","26","Medium Diversity"
"Jennie Woodson","8","Low Diversity"
"Jennifer Armstrong","59","High Diversity"
"Jennifer Bales","33","Medium Diversity"
"Jennifer Basile","32","Medium Diversity"
"Jennifer Belinge","7","Low Diversity"
"Jennifer Berry","15","Low Diversity"
"Jennifer Brummett","14","Low Diversity"
"Jennifer Casaus","24","Medium Diversity"
"Jennifer Chapman","8","Low Diversity"
"Jennifer Confetti","21","Medium Diversity"
"Jennifer Devlin","21","Medium Diversity"
"Jennifer Harrison","13","Low Diversity"
"Jennifer Kiley","30","Medium Diversity"
"Jennifer Kinnan","11","Low Diversity"
"Jennifer Mansfield","15","Low Diversity"
"Jennifer Maxham","12","Low Diversity"
"Jennifer McDermott","24","Medium Diversity"
"Jennifer McMasters","4","Low Diversity"
"Jennifer Meyer","14","Low Diversity"
"Jennifer Noar","8","Low Diversity"
"Jennifer Norick","4","Low Diversity"
"Jennifer OGrady","13","Low Diversity"
"Jennifer Pinter","44","Medium Diversity"
"Jennifer Rehrer","13","Low Diversity"
"Jennifer Ridley","20","Medium Diversity"
"Jennifer Rocconi","25","Medium Diversity"
"Jennifer Spars","51","High Diversity"
"Jennifer Spindler","38","Medium Diversity"
"Jennifer Stein","29","Medium Diversity"
"Jennifer Stiles","5","Low Diversity"
"Jennifer Sweet","32","Medium Diversity"
"Jennifer Tran","21","Medium Diversity"
"Jennifer Trance","9","Low Diversity"
"Jennifer Weber","39","Medium Diversity"
"Jennifer Wright","29","Medium Diversity"
"Jennifer Wynn","7","Low Diversity"
"Jennifer Young","16","Low Diversity"
"Jennings Smith","18","Low Diversity"
"Jenny Sammons","6","Low Diversity"
"Jens Braun","8","Low Diversity"
"Jeremy Alexander","11","Low Diversity"
"Jeremy Angella","9","Low Diversity"
"Jeremy Baker","48","Medium Diversity"
"Jeremy Hoffman","7","Low Diversity"
"Jeremy Ingram","56","High Diversity"
"Jeremy Kelly","19","Low Diversity"
"Jeremy Pawloski","16","Low Diversity"
"Jeremy Styers","59","High Diversity"
"Jeremy Vanbuskirk","38","Medium Diversity"
"Jeremy Villanueva","13","Low Diversity"
"Jeri Sullivan","5","Low Diversity"
"Jerilyn Bertucci","24","Medium Diversity"
"Jeroen Myers","6","Low Diversity"
"Jerome Calkins","3","Low Diversity"
"Jerome Clyne","58","High Diversity"
"Jerome Lane","18","Low Diversity"
"Jerome Walcott","5","Low Diversity"
"Jerrie Trent","6","Low Diversity"
"Jerry Ashbrook","13","Low Diversity"
"Jerry Ballard","15","Low Diversity"
"Jerry Boren","18","Low Diversity"
"Jerry Bowie","16","Low Diversity"
"Jerry Brock","17","Low Diversity"
"Jerry Christiansen","73","High Diversity"
"Jerry Cook","13","Low Diversity"
"Jerry Ingram","17","Low Diversity"
"Jerry Kolosso","11","Low Diversity"
"Jerry Lile","49","Medium Diversity"
"Jerry Marthay","12","Low Diversity"
"Jerry Megel","17","Low Diversity"
"Jerry Mercado","22","Medium Diversity"
"Jerry Mills","17","Low Diversity"
"Jerry Parker","15","Low Diversity"
"Jerry Rembold","11","Low Diversity"
"Jerry Steffen","32","Medium Diversity"
"Jerry Sutton","32","Medium Diversity"
"Jerry Vinson","23","Medium Diversity"
"Jerry Wan","12","Low Diversity"
"Jerry Williams","17","Low Diversity"
"Jerry Zermach","50","High Diversity"
"Jess Stewart","16","Low Diversity"
"Jessamyn Carter","20","Medium Diversity"
"Jessamyn Stern","22","Medium Diversity"
"Jesse Borowsky","5","Low Diversity"
"Jesse Carpio","3","Low Diversity"
"Jesse Johnson","7","Low Diversity"
"Jesse Paulson","10","Low Diversity"
"Jesse Phelps","6","Low Diversity"
"Jesse Stolz","8","Low Diversity"
"Jesse Strou","38","Medium Diversity"
"Jessela Gallegos","12","Low Diversity"
"Jessica Borden","2","Low Diversity"
"Jessica Calkum","24","Medium Diversity"
"Jessica Davis","12","Low Diversity"
"Jessica Dugan","52","High Diversity"
"Jessica Farley","18","Low Diversity"
"Jessica Harris","12","Low Diversity"
"Jessica Kessler","55","High Diversity"
"Jessica Olguin","35","Medium Diversity"
"Jessica Ortega","14","Low Diversity"
"Jessica Rowland","5","Low Diversity"
"Jessica Stortstrom","11","Low Diversity"
"Jessie Davis","2","Low Diversity"
"Jessie Stapleton","26","Medium Diversity"
"Jessie Von Lindern","36","Medium Diversity"
"Jewel Creek","2","Low Diversity"
"Jewell Colandrea","14","Low Diversity"
"Jewell Hurtig","11","Low Diversity"
"Jewell Tainter","35","Medium Diversity"
"Jhanadu Krah","5","Low Diversity"
"Jill Bonham","27","Medium Diversity"
"Jill Brown","25","Medium Diversity"
"Jill Christie","32","Medium Diversity"
"Jill Clifton","16","Low Diversity"
"Jill Garner","63","High Diversity"
"Jill Haseman","8","Low Diversity"
"Jill Hazlett","17","Low Diversity"
"Jill Santistevan","64","High Diversity"
"Jill Shopneck","14","Low Diversity"
"Jill Wilson","6","Low Diversity"
"Jill Zeid","9","Low Diversity"
"Jilleane White","29","Medium Diversity"
"Jillian Autobee","19","Low Diversity"
"Jillian Reyno","44","Medium Diversity"
"Jim Black","38","Medium Diversity"
"Jim Chartier","37","Medium Diversity"
"Jim Howard","16","Low Diversity"
"Jim Hunt","7","Low Diversity"
"Jim Jones","9","Low Diversity"
"Jim Morris","11","Low Diversity"
"Jim Pitson","6","Low Diversity"
"Jim Pope","4","Low Diversity"
"Jim Praete","17","Low Diversity"
"Jim Snow","8","Low Diversity"
"Jim Taylor","17","Low Diversity"
"Jim Velasquez","36","Medium Diversity"
"Jimmie Oswald","24","Medium Diversity"
"Jimmie Roldan","7","Low Diversity"
"Jimmy Claypole","9","Low Diversity"
"Jimmy King","22","Medium Diversity"
"Jimmy Rodriguez","9","Low Diversity"
"Jimmy Strain","15","Low Diversity"
"Jimmy Warren","16","Low Diversity"
"Jinous Gonzales","10","Low Diversity"
"Jo-Ann Vialpaude","33","Medium Diversity"
"Jo Ellen Espinoza","45","Medium Diversity"
"Jo Lane","18","Low Diversity"
"Jo Weber","66","High Diversity"
"Jo Zgeirmann","7","Low Diversity"
"Joan Anderson","6","Low Diversity"
"Joan Archibald","24","Medium Diversity"
"Joan Bermudez","12","Low Diversity"
"Joan Blair","12","Low Diversity"
"Joan Bond","10","Low Diversity"
"Joan Bostwick","6","Low Diversity"
"Joan Brett","68","High Diversity"
"Joan Burton","5","Low Diversity"
"Joan Busch","20","Medium Diversity"
"Joan Chilimidos","14","Low Diversity"
"Joan Duran","18","Low Diversity"
"Joan Eberhart","11","Low Diversity"
"Joan Faucette","4","Low Diversity"
"Joan Galli","21","Medium Diversity"
"Joan Johnson","26","Medium Diversity"
"Joan Kotai","3","Low Diversity"
"Joan Mathew","52","High Diversity"
"Joan Maye","13","Low Diversity"
"Joan Peal","23","Medium Diversity"
"Joan Pilkenton","6","Low Diversity"
"Joan Poole","7","Low Diversity"
"Joan Rummell","21","Medium Diversity"
"Joan Setter","17","Low Diversity"
"Joan Staley","19","Low Diversity"
"Joan Steele","20","Medium Diversity"
"Joan Terry","12","Low Diversity"
"Joan Thomson","26","Medium Diversity"
"Joan Waddle","7","Low Diversity"
"Joan Waterman","32","Medium Diversity"
"Joan Weaver","3","Low Diversity"
"Joan Wood","23","Medium Diversity"
"Joann Bowers","17","Low Diversity"
"Joann Hanas","16","Low Diversity"
"Joann Lowe","5","Low Diversity"
"Joann Moore","20","Medium Diversity"
"Joann Mramor","66","High Diversity"
"Joann Reed","3","Low Diversity"
"Joann Sparvoli","51","High Diversity"
"Joann Starick","31","Medium Diversity"
"Joann Wagner","21","Medium Diversity"
"Joann Wolfe","39","Medium Diversity"
"Joanna Burchett","16","Low Diversity"
"Joanna Hanold","15","Low Diversity"
"Joanna Ottersberg","14","Low Diversity"
"Joanna Stratton","20","Medium Diversity"
"Joanna Wall","39","Medium Diversity"
"Joanne Berens","5","Low Diversity"
"Joanne Bettinger","26","Medium Diversity"
"Joanne Camp","14","Low Diversity"
"Joanne Franklin","12","Low Diversity"
"Joanne Gomez","16","Low Diversity"
"Joanne Klein","12","Low Diversity"
"Joanne McClanahan","16","Low Diversity"
"Joanne Modecker","2","Low Diversity"
"Joanne Pershing","5","Low Diversity"
"JoAnne Riley","43","Medium Diversity"
"Joanne Skuderna","59","High Diversity"
"Joanne Talley","59","High Diversity"
"Joanne Williams","5","Low Diversity"
"Joanne Woodruff","41","Medium Diversity"
"Joaquin Kaye","10","Low Diversity"
"Joaquin Stanley","34","Medium Diversity"
"Jobe Lewis","23","Medium Diversity"
"Jodan Jacobson","11","Low Diversity"
"Jodi Smith","4","Low Diversity"
"Jodi Willis","7","Low Diversity"
"Jodie Brigandi","14","Low Diversity"
"Jody Craft","10","Low Diversity"
"Jody May","11","Low Diversity"
"Jody Parker","8","Low Diversity"
"Jody Pryor","19","Low Diversity"
"Joe Bricker","6","Low Diversity"
"Joe Bublich","25","Medium Diversity"
"Joe Chuakay","39","Medium Diversity"
"Joe Conroy","25","Medium Diversity"
"Joe Elson","10","Low Diversity"
"Joe Haney","32","Medium Diversity"
"Joe Longo","33","Medium Diversity"
"Joe Rebhun","26","Medium Diversity"
"Joe Sandoval, Jr.","21","Medium Diversity"
"Joe Smith","13","Low Diversity"
"Joe Stafford","5","Low Diversity"
"Joe Steele","17","Low Diversity"
"Joe Townes","21","Medium Diversity"
"Joe Tran","19","Low Diversity"
"Joe Wiesner","9","Low Diversity"
"Joe. Burnett","20","Medium Diversity"
"Joel Carroll","32","Medium Diversity"
"Joel Zugelder","44","Medium Diversity"
"Joey Knuckles","59","High Diversity"
"Joey Mahlon","18","Low Diversity"
"Joey Von Waldegg","14","Low Diversity"
"Johann Winternitz","21","Medium Diversity"
"Johanna Nash","14","Low Diversity"
"Johanna Strickland","17","Low Diversity"
"John (Jack) Williams","21","Medium Diversity"
"John Abalos","12","Low Diversity"
"John Ace","33","Medium Diversity"
"John Adams","5","Low Diversity"
"John Agnew","11","Low Diversity"
"John Aguilar","37","Medium Diversity"
"John Aiello","7","Low Diversity"
"John Allen","34","Medium Diversity"
"John Anderson","7","Low Diversity"
"John Andrade","32","Medium Diversity"
"John Ault","11","Low Diversity"
"John Aylor","22","Medium Diversity"
"John Bagwell","13","Low Diversity"
"John Baker","31","Medium Diversity"
"John Banks","6","Low Diversity"
"John Barnes","6","Low Diversity"
"John Bates","20","Medium Diversity"
"John Batouche","10","Low Diversity"
"John Beaudoin","30","Medium Diversity"
"John Beaver","7","Low Diversity"
"John Beresford","18","Low Diversity"
"John Beret","13","Low Diversity"
"John Black","12","Low Diversity"
"John Bonilla","32","Medium Diversity"
"John Bowles","13","Low Diversity"
"John Brady","23","Medium Diversity"
"John Breuker","52","High Diversity"
"John Brewer","13","Low Diversity"
"John Brickell","6","Low Diversity"
"John Brooks","7","Low Diversity"
"John Brunton","11","Low Diversity"
"John Buchan","59","High Diversity"
"John Burns","5","Low Diversity"
"John Butler","12","Low Diversity"
"John Cammack","8","Low Diversity"
"John Campbell","40","Medium Diversity"
"John Carlozzi","32","Medium Diversity"
"John Carson","15","Low Diversity"
"John Cartwright","27","Medium Diversity"
"John Chase","11","Low Diversity"
"John Clark Kesse","12","Low Diversity"
"John Collier","14","Low Diversity"
"John Colon","11","Low Diversity"
"John Connor","6","Low Diversity"
"John Cooper","16","Low Diversity"
"John David","10","Low Diversity"
"John Davis","15","Low Diversity"
"John Deacon","11","Low Diversity"
"John Dephillipo","17","Low Diversity"
"John Donnelly","25","Medium Diversity"
"John Donovan","33","Medium Diversity"
"John Elliott","14","Low Diversity"
"John Fetterman","29","Medium Diversity"
"John Finnell","51","High Diversity"
"John Gallegos","18","Low Diversity"
"John Gannon","17","Low Diversity"
"John Garcia","41","Medium Diversity"
"John Gersick","14","Low Diversity"
"John Guzzetti","65","High Diversity"
"John Harrington","31","Medium Diversity"
"John Hart","8","Low Diversity"
"John Hayes","30","Medium Diversity"
"John Herrington","15","Low Diversity"
"John Himes","30","Medium Diversity"
"John Idelson","4","Low Diversity"
"John Johnson","21","Medium Diversity"
"John Judiscak","20","Medium Diversity"
"John Karp","12","Low Diversity"
"John Kelham","7","Low Diversity"
"John Kennedy","13","Low Diversity"
"John Koshis","6","Low Diversity"
"John Kranz","49","Medium Diversity"
"John Lamberth","38","Medium Diversity"
"John Larkins","16","Low Diversity"
"John Lee","5","Low Diversity"
"John Lenorovitz","61","High Diversity"
"John Leonard","25","Medium Diversity"
"John Lindsay","9","Low Diversity"
"John Long","27","Medium Diversity"
"John Lund","24","Medium Diversity"
"John Magliocchetti","6","Low Diversity"
"John Mahan","3","Low Diversity"
"John Malmgren","21","Medium Diversity"
"John Martinez","6","Low Diversity"
"John Mc Clane","27","Medium Diversity"
"John McGhee","37","Medium Diversity"
"John Mieras","17","Low Diversity"
"John Milenic","44","Medium Diversity"
"John Minker","8","Low Diversity"
"John Monteith","39","Medium Diversity"
"John Moody","7","Low Diversity"
"John Nova","6","Low Diversity"
"John Ortiz","13","Low Diversity"
"John Owen","39","Medium Diversity"
"John Panepinto","25","Medium Diversity"
"John Pardee","24","Medium Diversity"
"John Parrish","13","Low Diversity"
"John Pearson","30","Medium Diversity"
"John Plutt","16","Low Diversity"
"John Prescott","11","Low Diversity"
"John Quinones","26","Medium Diversity"
"John Racette","25","Medium Diversity"
"John Reed","20","Medium Diversity"
"John Ridgway","25","Medium Diversity"
"John Roberts","14","Low Diversity"
"John Robey","7","Low Diversity"
"John Royal","16","Low Diversity"
"John Ryan","7","Low Diversity"
"John Sandoval","36","Medium Diversity"
"John Schubitzke","3","Low Diversity"
"John Shaw","20","Medium Diversity"
"John Sherfy","30","Medium Diversity"
"John Sherman","3","Low Diversity"
"John Shipman","6","Low Diversity"
"John Slezak","11","Low Diversity"
"John Smith","18","Low Diversity"
"John Sobotka","17","Low Diversity"
"John Sparkman","19","Low Diversity"
"John Speaks","5","Low Diversity"
"John Spence","2","Low Diversity"
"John Spinks","36","Medium Diversity"
"John Steinberg","43","Medium Diversity"
"John Stewart","13","Low Diversity"
"John Stone","10","Low Diversity"
"John Strausheim","13","Low Diversity"
"John Stuart","32","Medium Diversity"
"John Styles","7","Low Diversity"
"John Sweet","68","High Diversity"
"John Thistleton","17","Low Diversity"
"John Tommerup","22","Medium Diversity"
"John Torres","7","Low Diversity"
"John Trembath","13","Low Diversity"
"John Truszkowski","26","Medium Diversity"
"John Tysor","67","High Diversity"
"John Valdez","16","Low Diversity"
"John Valles","30","Medium Diversity"
"John Van Valin","9","Low Diversity"
"John Vanzwol","37","Medium Diversity"
"John Vice","34","Medium Diversity"
"John Walker","29","Medium Diversity"
"John Wallin","16","Low Diversity"
"John Watson","36","Medium Diversity"
"John Weaver","12","Low Diversity"
"John Weibert","8","Low Diversity"
"John Welsh","16","Low Diversity"
"John Wenzel","53","High Diversity"
"John Whistle","10","Low Diversity"
"John Wieser","21","Medium Diversity"
"John Williamson","7","Low Diversity"
"John Wilson","18","Low Diversity"
"John Winslow","16","Low Diversity"
"John Woods","22","Medium Diversity"
"John Yemple","50","High Diversity"
"John Young","19","Low Diversity"
"John Yturralde","24","Medium Diversity"
"John Zocchi","14","Low Diversity"
"Johnetta Bogaert","52","High Diversity"
"Johnny Aldridge","23","Medium Diversity"
"Johnny Anaya","37","Medium Diversity"
"Johnny Caprio","13","Low Diversity"
"Johnny Jones","32","Medium Diversity"
"Johnny Kentz","18","Low Diversity"
"Johnny Stratton","19","Low Diversity"
"Johnny Whitten","17","Low Diversity"
"Jolene Sukh","37","Medium Diversity"
"Jon Antonucci","7","Low Diversity"
"Jon Hernandez","59","High Diversity"
"Jon Scarbrough","24","Medium Diversity"
"Jon Temple","21","Medium Diversity"
"Jon Walter","19","Low Diversity"
"Jonathan Adams","3","Low Diversity"
"Jonathan Bowers","15","Low Diversity"
"Jonathan Hayes","29","Medium Diversity"
"Jonathan Murraiin","7","Low Diversity"
"Jonathan Netz","16","Low Diversity"
"Jonathan Saeedi","22","Medium Diversity"
"Jorge Boettjer","14","Low Diversity"
"Jorge Phillips","16","Low Diversity"
"Jorge Taylor","18","Low Diversity"
"Jorge Wolfe","12","Low Diversity"
"Jose Bernard","14","Low Diversity"
"Jose Carbajel, Jr.","39","Medium Diversity"
"Jose Clementi","62","High Diversity"
"Jose Curry","38","Medium Diversity"
"Jose Manchester","27","Medium Diversity"
"Jose Sproul","16","Low Diversity"
"Jose Thiessen","18","Low Diversity"
"Jose Thompson","13","Low Diversity"
"Josef Gentile","15","Low Diversity"
"Josef Harrison","16","Low Diversity"
"Joseph Abrahamian","34","Medium Diversity"
"Joseph Anderson","5","Low Diversity"
"Joseph Bagley","12","Low Diversity"
"Joseph Bible","21","Medium Diversity"
"Joseph Block","66","High Diversity"
"Joseph Brady, Jr.","5","Low Diversity"
"Joseph Brazelton","11","Low Diversity"
"Joseph Browne","14","Low Diversity"
"Joseph Cantoni","39","Medium Diversity"
"Joseph Carroll","10","Low Diversity"
"Joseph Castellucio","31","Medium Diversity"
"Joseph Chambers","4","Low Diversity"
"Joseph Chavez","41","Medium Diversity"
"Joseph Conti","55","High Diversity"
"Joseph Cook","11","Low Diversity"
"Joseph Diehl, Jr.","4","Low Diversity"
"Joseph Feeney","20","Medium Diversity"
"Joseph Fernandez","10","Low Diversity"
"Joseph Gallagher","29","Medium Diversity"
"Joseph Goddard","7","Low Diversity"
"Joseph Harding","5","Low Diversity"
"Joseph Hayner","3","Low Diversity"
"Joseph Henderson","22","Medium Diversity"
"Joseph Jacobson","6","Low Diversity"
"Joseph Kettenring","4","Low Diversity"
"Joseph Kropff","5","Low Diversity"
"Joseph Lombardi","5","Low Diversity"
"Joseph Martinez","8","Low Diversity"
"Joseph Mitzner","36","Medium Diversity"
"Joseph Morrow","47","Medium Diversity"
"Joseph Schofield","25","Medium Diversity"
"Joseph Skaggs","5","Low Diversity"
"Joseph Slavin","33","Medium Diversity"
"Joseph Stewart","31","Medium Diversity"
"Joseph Tuczai","25","Medium Diversity"
"Joseph Valderrama","12","Low Diversity"
"Joseph Velasquez","19","Low Diversity"
"Joseph Viars","6","Low Diversity"
"Joseph Warner","3","Low Diversity"
"Joseph Waterhouse","19","Low Diversity"
"Joseph Weger","13","Low Diversity"
"Joseph Wright III","21","Medium Diversity"
"Joseph Yanoff","16","Low Diversity"
"Josephine Allen","11","Low Diversity"
"Josephine Caudill","55","High Diversity"
"Josephine Conner","13","Low Diversity"
"Josephine Fair","13","Low Diversity"
"Josephine Grass","22","Medium Diversity"
"Josephine Joanne A Potter","23","Medium Diversity"
"Josephine Krug","62","High Diversity"
"Josephine Landauer","51","High Diversity"
"Josephine Rebholz","20","Medium Diversity"
"Josephine Rodriguez","11","Low Diversity"
"Josephine Schwartz","9","Low Diversity"
"Josephine Scott","28","Medium Diversity"
"Josephine Underwood","13","Low Diversity"
"Josh Ceballos","6","Low Diversity"
"Josh Mullins","17","Low Diversity"
"Joshua Anderson","13","Low Diversity"
"Joshua Ardell","8","Low Diversity"
"Joshua Branson","13","Low Diversity"
"Joshua Clark","24","Medium Diversity"
"Joshua Huff","32","Medium Diversity"
"Joshua Pierce","18","Low Diversity"
"Joshua Small","4","Low Diversity"
"Joshua Stratton","11","Low Diversity"
"Joshua Strongman","26","Medium Diversity"
"Joshua Trujillo","23","Medium Diversity"
"Josie Kersten","37","Medium Diversity"
"Josie Mazza","14","Low Diversity"
"Josie Underwood","12","Low Diversity"
"Joy Fritz","20","Medium Diversity"
"Joy Gay","19","Low Diversity"
"Joy Joseph","63","High Diversity"
"Joy Koski","42","Medium Diversity"
"Joy McCormick","44","Medium Diversity"
"Joy Morris","22","Medium Diversity"
"Joy Rivkin","11","Low Diversity"
"Joy Romig","18","Low Diversity"
"Joy Sincich","14","Low Diversity"
"Joy Turner","14","Low Diversity"
"Joyce Affleck","15","Low Diversity"
"Joyce Bentley","19","Low Diversity"
"Joyce Broderick","29","Medium Diversity"
"Joyce Cornwell","28","Medium Diversity"
"Joyce Formanek","18","Low Diversity"
"Joyce Furrer","55","High Diversity"
"Joyce Heth","14","Low Diversity"
"Joyce Hijar","66","High Diversity"
"Joyce Lapierre","31","Medium Diversity"
"Joyce Marez","60","High Diversity"
"Joyce Martinez","3","Low Diversity"
"Joyce Mccarty","66","High Diversity"
"Joyce McNabb","39","Medium Diversity"
"Joyce Minjarez","34","Medium Diversity"
"Joyce Minsky","32","Medium Diversity"
"Joyce Moore","11","Low Diversity"
"Joyce Moreno","19","Low Diversity"
"Joyce Moschelli","10","Low Diversity"
"Joyce Posa","19","Low Diversity"
"Joyce Salkind","6","Low Diversity"
"Joyce Snyder","19","Low Diversity"
"Joyce Steffen","12","Low Diversity"
"Joyce Stephens","46","Medium Diversity"
"Joyce Zak","67","High Diversity"
"Joyce Zuniga","7","Low Diversity"
"Juan Atencio","7","Low Diversity"
"Juan Bradley","12","Low Diversity"
"Juan McIntyre","21","Medium Diversity"
"Juan McLaughlin","13","Low Diversity"
"Juaneta Shriner","5","Low Diversity"
"Juanita Aiello","24","Medium Diversity"
"Juanita Bonal","10","Low Diversity"
"Juanita Collier","48","Medium Diversity"
"Juanita Daly","4","Low Diversity"
"Juanita Ibazeta","11","Low Diversity"
"Juanita Lewis","25","Medium Diversity"
"Juanita Ovington","12","Low Diversity"
"Juanita Paepke","7","Low Diversity"
"Juanita Rael","10","Low Diversity"
"Juanita Sharp","20","Medium Diversity"
"Juanita Sparks","15","Low Diversity"
"Juanita Zanzi","16","Low Diversity"
"Juanita Zocchi","40","Medium Diversity"
"Judi Barroso","36","Medium Diversity"
"Judith Adams","16","Low Diversity"
"Judith Brookshire","36","Medium Diversity"
"Judith Farbo","28","Medium Diversity"
"Judith Karavites","11","Low Diversity"
"Judith Kent","42","Medium Diversity"
"Judith Lovell","17","Low Diversity"
"Judith Martinez","15","Low Diversity"
"Judith McDowell","3","Low Diversity"
"Judith Menaseo","5","Low Diversity"
"Judith Morris","23","Medium Diversity"
"Judith Resse","11","Low Diversity"
"Judith Roy","16","Low Diversity"
"Judith Smith","46","Medium Diversity"
"Judith Stein","49","Medium Diversity"
"Judith Vislosky","20","Medium Diversity"
"Judith Wilson","26","Medium Diversity"
"Judy Adams","6","Low Diversity"
"Judy Anderson","45","Medium Diversity"
"Judy Bahr","14","Low Diversity"
"Judy Brescia","15","Low Diversity"
"Judy Curd","13","Low Diversity"
"Judy De Jong","13","Low Diversity"
"Judy Doolittle","26","Medium Diversity"
"Judy Janusiewicz","5","Low Diversity"
"Judy Koseck","13","Low Diversity"
"Judy Lundahl","20","Medium Diversity"
"Judy Owens","13","Low Diversity"
"Judy Randell","20","Medium Diversity"
"Judy Schultheis","11","Low Diversity"
"Judy Storjohann","18","Low Diversity"
"Judy Thames","20","Medium Diversity"
"Judy Weverstad","23","Medium Diversity"
"Judy Whitesides","6","Low Diversity"
"Judy Whitney","60","High Diversity"
"Judy Wingeier","23","Medium Diversity"
"Judy Wood","21","Medium Diversity"
"Judy Zugelder","54","High Diversity"
"Jules Deskus","25","Medium Diversity"
"Jules Van Gemeren","18","Low Diversity"
"Julia Baxamusa","7","Low Diversity"
"Julia Cahling","17","Low Diversity"
"Julia Carver","16","Low Diversity"
"Julia Clark","6","Low Diversity"
"Julia Clem","5","Low Diversity"
"Julia Harding","13","Low Diversity"
"Julia Hutchings","17","Low Diversity"
"Julia Ketterman","28","Medium Diversity"
"Julia Phillips","18","Low Diversity"
"Julia Stewart","44","Medium Diversity"
"Julia Vaughn","9","Low Diversity"
"Julia Wilson","11","Low Diversity"
"Julia Zugelder","28","Medium Diversity"
"Julian Jones","32","Medium Diversity"
"Julian Milheiser","21","Medium Diversity"
"Juliana Contrerar","13","Low Diversity"
"Julianna Kochan","11","Low Diversity"
"Julie Archuleta","29","Medium Diversity"
"Julie Baskin","15","Low Diversity"
"Julie Beinfest","45","Medium Diversity"
"Julie Boersen","19","Low Diversity"
"Julie Boone","4","Low Diversity"
"Julie Bowers","20","Medium Diversity"
"Julie Clark","40","Medium Diversity"
"Julie Dunn","21","Medium Diversity"
"Julie Estes","20","Medium Diversity"
"Julie Gillean","6","Low Diversity"
"Julie Jackson","45","Medium Diversity"
"Julie Jones","16","Low Diversity"
"Julie Liliestedt","28","Medium Diversity"
"Julie McAdams","5","Low Diversity"
"Julie Novak","45","Medium Diversity"
"Julie Pilgreen","18","Low Diversity"
"Julie Pokorney","16","Low Diversity"
"Julie Seals","6","Low Diversity"
"Julie St. Aubyn","5","Low Diversity"
"Julie Stroh","9","Low Diversity"
"Julie Tackett","29","Medium Diversity"
"Julie Tomlin","4","Low Diversity"
"Julie Vij","54","High Diversity"
"Julie Waldo","6","Low Diversity"
"Julie Walker","19","Low Diversity"
"Julie Welch","15","Low Diversity"
"Julie Womack","14","Low Diversity"
"Julieanna Zwier","24","Medium Diversity"
"Juliet Crisp","15","Low Diversity"
"Juliette Greathouse","4","Low Diversity"
"Julio Collins","27","Medium Diversity"
"Julius Riddle","21","Medium Diversity"
"June Brunner","14","Low Diversity"
"June Conness","5","Low Diversity"
"June Corsentino","23","Medium Diversity"
"June Doran","14","Low Diversity"
"June Green","22","Medium Diversity"
"June Hacking","53","High Diversity"
"June Ladd","46","Medium Diversity"
"June Payne","47","Medium Diversity"
"June Torre","17","Low Diversity"
"June Villalon","5","Low Diversity"
"June Williams","48","Medium Diversity"
"Junior Liverman","17","Low Diversity"
"Justin Bunce","30","Medium Diversity"
"Justin Emrick","36","Medium Diversity"
"Justin McCance","11","Low Diversity"
"Justin Mulder","48","Medium Diversity"
"Justin Soler","46","Medium Diversity"
"Justin Tofield","26","Medium Diversity"
"Justin Watson","11","Low Diversity"
"Justin Wilkerson","13","Low Diversity"
"Justin Woodward","15","Low Diversity"
"Justine Ryan","17","Low Diversity"
"Kadija Proctor","13","Low Diversity"
"Kali Vigil","7","Low Diversity"
"Kamal Hathi","17","Low Diversity"
"Kamal Pansa","22","Medium Diversity"
"Kamela Contreras","45","Medium Diversity"
"Kameron Montano","28","Medium Diversity"
"Kandi Mcauliffe","16","Low Diversity"
"Kapri Emerson","11","Low Diversity"
"Kara Bryon","46","Medium Diversity"
"Kara Vanderlinden","4","Low Diversity"
"Karel Bates","4","Low Diversity"
"Karel Cefalu","7","Low Diversity"
"Karen Adler","8","Low Diversity"
"Karen Ansaldo","14","Low Diversity"
"Karen Atkins","18","Low Diversity"
"Karen Baker","6","Low Diversity"
"Karen Bakkie","49","Medium Diversity"
"Karen Bass","19","Low Diversity"
"Karen Beltrame","23","Medium Diversity"
"Karen Boles","3","Low Diversity"
"Karen Brock","10","Low Diversity"
"Karen Brown","66","High Diversity"
"Karen Bustamante","11","Low Diversity"
"Karen Caldoron","38","Medium Diversity"
"Karen Caluori","21","Medium Diversity"
"Karen Carr","27","Medium Diversity"
"Karen Chace","15","Low Diversity"
"Karen Chessman","19","Low Diversity"
"Karen Dahlberg","20","Medium Diversity"
"Karen Dean","15","Low Diversity"
"Karen Demmitt","16","Low Diversity"
"Karen Dutton","21","Medium Diversity"
"Karen Faulkner","12","Low Diversity"
"Karen Grant","2","Low Diversity"
"Karen Hall","11","Low Diversity"
"Karen Hobier","14","Low Diversity"
"Karen Holliday","20","Medium Diversity"
"Karen Horan","8","Low Diversity"
"Karen Jones","34","Medium Diversity"
"Karen June","8","Low Diversity"
"Karen Koman","10","Low Diversity"
"Karen Kroll","68","High Diversity"
"Karen Lujan","6","Low Diversity"
"Karen Mancini","12","Low Diversity"
"Karen Mellema","8","Low Diversity"
"Karen Moreland","6","Low Diversity"
"Karen Pacheco","30","Medium Diversity"
"Karen Perko","7","Low Diversity"
"Karen Romers","29","Medium Diversity"
"Karen Roybal","64","High Diversity"
"Karen Rutledge","47","Medium Diversity"
"Karen Ryden","22","Medium Diversity"
"Karen Schultz","7","Low Diversity"
"Karen Smith","19","Low Diversity"
"Karen Snyder","8","Low Diversity"
"Karen Spevack","28","Medium Diversity"
"Karen Spiegel","10","Low Diversity"
"Karen Stanfield","16","Low Diversity"
"Karen Tefs","21","Medium Diversity"
"Karen Terry","4","Low Diversity"
"Karen Theisen","22","Medium Diversity"
"Karen Theriault","14","Low Diversity"
"Karen Thurlow","4","Low Diversity"
"Karen Uzarski","20","Medium Diversity"
"Karen Villani","17","Low Diversity"
"Karen Walhe","6","Low Diversity"
"Karen Walker","6","Low Diversity"
"Karen Waters","22","Medium Diversity"
"Kari Amerson","3","Low Diversity"
"Kari Consers","33","Medium Diversity"
"Kari Vermette","19","Low Diversity"
"Karie Taylor","32","Medium Diversity"
"Karin Baca","4","Low Diversity"
"Karin Blair","72","High Diversity"
"Karissa Faust","19","Low Diversity"
"Karl Charlesworth","4","Low Diversity"
"Karla Mickelsen","31","Medium Diversity"
"Karla Rothwell","18","Low Diversity"
"Karla Von Waldegg","36","Medium Diversity"
"Karlee Campbell","7","Low Diversity"
"Karlyn Burtis","4","Low Diversity"
"Karma Sharp","11","Low Diversity"
"Karren Burkhardt","40","Medium Diversity"
"Karyn Bobrosky","16","Low Diversity"
"Kasandra Anderson","6","Low Diversity"
"Kassandra Fehrle","3","Low Diversity"
"Kate Maestas","8","Low Diversity"
"Kate Montano","11","Low Diversity"
"Kately York","24","Medium Diversity"
"Katerina Oneill","22","Medium Diversity"
"Kathaleen Cohen","11","Low Diversity"
"Katharine Bond","15","Low Diversity"
"Katherine Cecchini","2","Low Diversity"
"Katherine Cervi","11","Low Diversity"
"Katherine Cholewa","6","Low Diversity"
"Katherine Hester","11","Low Diversity"
"Katherine Hilen","10","Low Diversity"
"Katherine Monaghan","44","Medium Diversity"
"Katherine Spear","21","Medium Diversity"
"Katherine Wallin","20","Medium Diversity"
"Katherine Worlay","30","Medium Diversity"
"Katherine York","8","Low Diversity"
"Kathi McManus","69","High Diversity"
"Kathi Medina","22","Medium Diversity"
"Kathi Turnbell","15","Low Diversity"
"Kathie Austin","10","Low Diversity"
"Kathie Matuga","18","Low Diversity"
"Kathleen (Kay) Close","19","Low Diversity"
"Kathleen Aiell","3","Low Diversity"
"Kathleen Alley","16","Low Diversity"
"Kathleen Bahl","20","Medium Diversity"
"Kathleen Blakely","24","Medium Diversity"
"Kathleen Bowen","14","Low Diversity"
"Kathleen Cameron","10","Low Diversity"
"Kathleen Cantu","27","Medium Diversity"
"Kathleen Clark","21","Medium Diversity"
"Kathleen Cobb","18","Low Diversity"
"Kathleen Coil","6","Low Diversity"
"Kathleen Dwier","3","Low Diversity"
"Kathleen Garza","41","Medium Diversity"
"Kathleen Henderson","2","Low Diversity"
"Kathleen Huber","6","Low Diversity"
"Kathleen Jarrell","21","Medium Diversity"
"Kathleen Jones","39","Medium Diversity"
"Kathleen Kompus","7","Low Diversity"
"Kathleen Lindsey","18","Low Diversity"
"Kathleen Miller","20","Medium Diversity"
"Kathleen Morales","6","Low Diversity"
"Kathleen Oliver","7","Low Diversity"
"Kathleen Ortega","21","Medium Diversity"
"Kathleen Otey","11","Low Diversity"
"Kathleen Pacheco","25","Medium Diversity"
"Kathleen Phillips","54","High Diversity"
"Kathleen Rogers","9","Low Diversity"
"Kathleen Sgambati","30","Medium Diversity"
"Kathleen Smith","7","Low Diversity"
"Kathleen Thomson","19","Low Diversity"
"Kathleen Toma","5","Low Diversity"
"Kathleen Torentini","9","Low Diversity"
"Kathleen Vert","17","Low Diversity"
"Kathleen Whitaker","15","Low Diversity"
"Kathleen Winter","11","Low Diversity"
"Kathryn (Katie) E Sanchez","7","Low Diversity"
"Kathryn Agard","6","Low Diversity"
"Kathryn Anaya","10","Low Diversity"
"Kathryn Baczynski","5","Low Diversity"
"Kathryn Benton","12","Low Diversity"
"Kathryn Bradley","12","Low Diversity"
"Kathryn Chamberlin","47","Medium Diversity"
"Kathryn Chitwood","24","Medium Diversity"
"Kathryn Clayton","17","Low Diversity"
"Kathryn Glass","58","High Diversity"
"Kathryn Goff","6","Low Diversity"
"Kathryn Hard","19","Low Diversity"
"Kathryn Mitchell","3","Low Diversity"
"Kathryn Roberson","12","Low Diversity"
"Kathryn Rowlez","10","Low Diversity"
"Kathryn Sabosky","8","Low Diversity"
"Kathryn Secrest","2","Low Diversity"
"Kathryn Stewart","34","Medium Diversity"
"Kathryn Vervalin","34","Medium Diversity"
"Kathryn Walters","27","Medium Diversity"
"Kathryn West","66","High Diversity"
"Kathy Amaro","4","Low Diversity"
"Kathy Ashton","33","Medium Diversity"
"Kathy Atkins","17","Low Diversity"
"Kathy Atteberry","8","Low Diversity"
"Kathy Bee","23","Medium Diversity"
"Kathy Benight","22","Medium Diversity"
"Kathy Callahan","3","Low Diversity"
"Kathy Harvey","9","Low Diversity"
"Kathy Hughes","13","Low Diversity"
"Kathy Larkin","19","Low Diversity"
"Kathy Loeffelbein","11","Low Diversity"
"Kathy Lopez","15","Low Diversity"
"Kathy Loyer","9","Low Diversity"
"Kathy Mack","65","High Diversity"
"Kathy Marcovecchio","7","Low Diversity"
"Kathy Mausner","17","Low Diversity"
"Kathy McClease","41","Medium Diversity"
"Kathy Nolen","24","Medium Diversity"
"Kathy Reynolds","18","Low Diversity"
"Kathy Rogge","7","Low Diversity"
"Kathy Sandblom","14","Low Diversity"
"Kathy Schook","20","Medium Diversity"
"Kathy Tran","15","Low Diversity"
"Kathy Vigil","2","Low Diversity"
"Katie Krow","7","Low Diversity"
"Katie Puckett","13","Low Diversity"
"Katrin Smith","20","Medium Diversity"
"Katrina Isham","35","Medium Diversity"
"Katrina Williams","26","Medium Diversity"
"Katy Thomason","51","High Diversity"
"Katy Van Winckel","55","High Diversity"
"Kay Burch","6","Low Diversity"
"Kay Jones","13","Low Diversity"
"Kay Kartz","25","Medium Diversity"
"Kay Keller","45","Medium Diversity"
"Kay Smith","19","Low Diversity"
"Kay Tipton","4","Low Diversity"
"Kayla Stotler","7","Low Diversity"
"Keith Arizaga","24","Medium Diversity"
"Keith Clyne","18","Low Diversity"
"Keith Fisher","4","Low Diversity"
"Keith Koukis","42","Medium Diversity"
"Keith Lambuth","14","Low Diversity"
"Keith Parker","13","Low Diversity"
"Keith Pearl","17","Low Diversity"
"Keith Virden","28","Medium Diversity"
"Keith Walsh","26","Medium Diversity"
"Kelley Stone","6","Low Diversity"
"Kellie Belcher","23","Medium Diversity"
"Kelly Ambrosine","10","Low Diversity"
"Kelly Bowen","50","High Diversity"
"Kelly Bufmack","34","Medium Diversity"
"Kelly Buford","15","Low Diversity"
"Kelly Burks","50","High Diversity"
"Kelly Davis","4","Low Diversity"
"Kelly Deyne","23","Medium Diversity"
"Kelly Hayne","41","Medium Diversity"
"Kelly Jensen","10","Low Diversity"
"Kelly Scott","22","Medium Diversity"
"Kelly Statton","7","Low Diversity"
"Kelly Turley","8","Low Diversity"
"Kelly Whitworth","19","Low Diversity"
"Kelly Wilkinson","16","Low Diversity"
"Kelly Wimer","9","Low Diversity"
"Kelvin McCarron","6","Low Diversity"
"Ken Cox","19","Low Diversity"
"Ken Ducat","7","Low Diversity"
"Ken Hedrick","41","Medium Diversity"
"Ken Messenger","14","Low Diversity"
"Ken Rosemont","49","Medium Diversity"
"Ken Ross","26","Medium Diversity"
"Ken Sparkman","11","Low Diversity"
"Ken White","18","Low Diversity"
"Ken Yaklich","14","Low Diversity"
"Kendra Poirier","10","Low Diversity"
"Kendra Thompson","46","Medium Diversity"
"Kendrick Stephens","68","High Diversity"
"Kenis West","25","Medium Diversity"
"Kenneth Abidor","6","Low Diversity"
"Kenneth Adams","49","Medium Diversity"
"Kenneth Bolles","3","Low Diversity"
"Kenneth Bongon","8","Low Diversity"
"Kenneth Fink","13","Low Diversity"
"Kenneth Hall","25","Medium Diversity"
"Kenneth Henson","3","Low Diversity"
"Kenneth Higinbotham","3","Low Diversity"
"Kenneth Hughs","42","Medium Diversity"
"Kenneth Kalman","40","Medium Diversity"
"Kenneth Love","10","Low Diversity"
"Kenneth Monninger","30","Medium Diversity"
"Kenneth Musungu","30","Medium Diversity"
"Kenneth Ramsey","16","Low Diversity"
"Kenneth Rothstein","40","Medium Diversity"
"Kenneth Thomas","26","Medium Diversity"
"Kenneth Turner","14","Low Diversity"
"Kenneth Whittington","24","Medium Diversity"
"Kent Brant","3","Low Diversity"
"Kent Miller","17","Low Diversity"
"Kenton Forham","21","Medium Diversity"
"Kenton Orner","24","Medium Diversity"
"Kenyatta Warren","6","Low Diversity"
"Keren Butler","7","Low Diversity"
"Kerri Casolari","7","Low Diversity"
"Kerri Swinhart","13","Low Diversity"
"Kerry Fitzgerald","23","Medium Diversity"
"Kerry Price","20","Medium Diversity"
"Kerry Westgaard","49","Medium Diversity"
"Kevin Adeyanju","17","Low Diversity"
"Kevin Barrera","33","Medium Diversity"
"Kevin Blackwell","16","Low Diversity"
"Kevin Bogott","14","Low Diversity"
"Kevin Christensen","22","Medium Diversity"
"Kevin Chrisulis","6","Low Diversity"
"Kevin Genara","13","Low Diversity"
"Kevin Godoy","11","Low Diversity"
"Kevin James","10","Low Diversity"
"Kevin Jirsa","45","Medium Diversity"
"Kevin Miller","48","Medium Diversity"
"Kevin Mlincek","7","Low Diversity"
"Kevin Napier","11","Low Diversity"
"Kevin Parkison","13","Low Diversity"
"Kevin Powers","8","Low Diversity"
"Kevin Rivera","15","Low Diversity"
"Kevin Templeton","10","Low Diversity"
"Kevin Yeager","21","Medium Diversity"
"Kevin Zorovich","24","Medium Diversity"
"Kevin Zubal","3","Low Diversity"
"Khristy Richardson","4","Low Diversity"
"Kiel Truscott","38","Medium Diversity"
"Kiesha Ayala","4","Low Diversity"
"Kiki Rebrovic","49","Medium Diversity"
"Kim Azari","41","Medium Diversity"
"Kim Brunner","27","Medium Diversity"
"Kim Chan","14","Low Diversity"
"Kim Clifford","15","Low Diversity"
"Kim Harrison","30","Medium Diversity"
"Kim Miller","7","Low Diversity"
"Kim Plambeck","36","Medium Diversity"
"Kimball Asuncion","61","High Diversity"
"Kimberlee Blake","23","Medium Diversity"
"Kimberlee Cattelona","23","Medium Diversity"
"Kimberlee Demott","73","High Diversity"
"Kimberlee Long","40","Medium Diversity"
"Kimberley Abo","35","Medium Diversity"
"Kimberley Clark","36","Medium Diversity"
"Kimberly Bederman","23","Medium Diversity"
"Kimberly Bergethon","39","Medium Diversity"
"Kimberly Carter","44","Medium Diversity"
"Kimberly Cashon","14","Low Diversity"
"Kimberly Kelley","20","Medium Diversity"
"Kimberly Ketchum","26","Medium Diversity"
"Kimberly Lundy","10","Low Diversity"
"Kimberly Oliver","21","Medium Diversity"
"Kimberly Primack","69","High Diversity"
"Kimberly Squires","34","Medium Diversity"
"Kimberly Starick","62","High Diversity"
"Kimberly Stives","22","Medium Diversity"
"Kimberly Wells","55","High Diversity"
"Kindra Vernon","13","Low Diversity"
"Kirk Keyser","4","Low Diversity"
"Kirk Steppler","18","Low Diversity"
"Kirk Valencia","55","High Diversity"
"Kirk Yowell","15","Low Diversity"
"Kit Austen","48","Medium Diversity"
"Kit Tarleton","26","Medium Diversity"
"Kit Taylor","9","Low Diversity"
"Kit Zimmerman","10","Low Diversity"
"Kittie Butler","10","Low Diversity"
"Kittie Mills","7","Low Diversity"
"Kiyo Fien","44","Medium Diversity"
"Klara Nilson","4","Low Diversity"
"Kolleen Thomas","10","Low Diversity"
"Konie James","31","Medium Diversity"
"Korri Shipley","22","Medium Diversity"
"Kortney Irving","22","Medium Diversity"
"Kris Bergin","21","Medium Diversity"
"Kris Stand","12","Low Diversity"
"Kristen Chaze","29","Medium Diversity"
"Kristen Hemmings","33","Medium Diversity"
"Kristen Kastner","62","High Diversity"
"Kristil Boone","3","Low Diversity"
"Kristin Allen","11","Low Diversity"
"Kristin Arnold","2","Low Diversity"
"Kristin Brinkman","7","Low Diversity"
"Kristin Cohen","14","Low Diversity"
"Kristin Comden","9","Low Diversity"
"Kristin Miller","76","High Diversity"
"Kristin Singh","3","Low Diversity"
"Kristin Spivey","17","Low Diversity"
"Kristin Thomas","17","Low Diversity"
"Kristina Benigar","28","Medium Diversity"
"Kristine Aldred","9","Low Diversity"
"Kristine Cleary","19","Low Diversity"
"Kristine Dichey","10","Low Diversity"
"Kristine Wikey","6","Low Diversity"
"Kristy Gordon","17","Low Diversity"
"Kristy Maloney","19","Low Diversity"
"Kristy Seward","23","Medium Diversity"
"Kristy Toevs","19","Low Diversity"
"Krystle Bachman","65","High Diversity"
"Kurt Singh","18","Low Diversity"
"Kurt Suggs","21","Medium Diversity"
"Kurt Swindler","19","Low Diversity"
"Kurtis Trosper","70","High Diversity"
"Kyle Alarid","57","High Diversity"
"Kyle Bailey","40","Medium Diversity"
"Kyle Hansen","7","Low Diversity"
"Kyle Morris","7","Low Diversity"
"Kyley Arbelaez","21","Medium Diversity"
"Kym Hickey","31","Medium Diversity"
"Kyndra Wilkinson","13","Low Diversity"
"Kyrstin Chipman","38","Medium Diversity"
"L. Albert Cox","48","Medium Diversity"
"L. Albert Wall","48","Medium Diversity"
"L. Jane Conant","21","Medium Diversity"
"L. Marilyn Powers","16","Low Diversity"
"L. Paul Esquibel","13","Low Diversity"
"L. Troy Barnes","20","Medium Diversity"
"La Wanda Grenemyer","5","Low Diversity"
"Lacey Heisz","16","Low Diversity"
"Lacey Lopez","20","Medium Diversity"
"Lady-bird Trujillo","19","Low Diversity"
"Lainie Cochran","11","Low Diversity"
"Lamar Delgado","11","Low Diversity"
"Lamont Van Katwyk","11","Low Diversity"
"Lana Cook","42","Medium Diversity"
"Lana Kreutzer","12","Low Diversity"
"Lana Owen","9","Low Diversity"
"Lana Weis","23","Medium Diversity"
"Lance Bartles","10","Low Diversity"
"Lance Dillion","17","Low Diversity"
"Lane McKenna","33","Medium Diversity"
"Lanette Carrillo","37","Medium Diversity"
"Lanna Slaven","3","Low Diversity"
"Larisa Almond","9","Low Diversity"
"Larrie Moskal","11","Low Diversity"
"Larry Abdulla","11","Low Diversity"
"Larry Augusts","3","Low Diversity"
"Larry Carrington","27","Medium Diversity"
"Larry Chambers","7","Low Diversity"
"Larry Chappell","30","Medium Diversity"
"Larry Clementi","7","Low Diversity"
"Larry Collier","26","Medium Diversity"
"Larry Cooley","18","Low Diversity"
"Larry Goldberg","26","Medium Diversity"
"Larry Gregory","7","Low Diversity"
"Larry Hilterbran","8","Low Diversity"
"Larry McDonald","4","Low Diversity"
"Larry Meek","20","Medium Diversity"
"Larry Rote","37","Medium Diversity"
"Larry Schnurr","35","Medium Diversity"
"Larry Shaffer","46","Medium Diversity"
"Larry Sisson","39","Medium Diversity"
"Larry Slone","3","Low Diversity"
"Larry Smith","24","Medium Diversity"
"Larry Spence","5","Low Diversity"
"Larry Wagner","54","High Diversity"
"Larry Weeks","54","High Diversity"
"Larry West","17","Low Diversity"
"Lateefah Morales","7","Low Diversity"
"Latoya Johnson","26","Medium Diversity"
"Lauern Stedman","15","Low Diversity"
"Laura Archuleta","14","Low Diversity"
"Laura Avakian","29","Medium Diversity"
"Laura Bartlow","30","Medium Diversity"
"Laura Bradley","54","High Diversity"
"Laura Bray","14","Low Diversity"
"Laura Collins","56","High Diversity"
"Laura Else","17","Low Diversity"
"Laura Fritz","41","Medium Diversity"
"Laura Gutierrez","9","Low Diversity"
"Laura Izumi","5","Low Diversity"
"Laura Martinez","14","Low Diversity"
"Laura Oswald","10","Low Diversity"
"Laura Rhoads","5","Low Diversity"
"Laura Tracy","8","Low Diversity"
"Laura Walters","2","Low Diversity"
"Laura Welden","34","Medium Diversity"
"Laurel Stevens","28","Medium Diversity"
"Lauren Anton","6","Low Diversity"
"Lauren Brandolino","2","Low Diversity"
"Lauretta De Carlo","4","Low Diversity"
"Lauri Butler","8","Low Diversity"
"Lauri Stubbs","17","Low Diversity"
"Laurie Ayers","51","High Diversity"
"Laurie Campbell","54","High Diversity"
"Laurie Faucette","45","Medium Diversity"
"Laurie Sweet","25","Medium Diversity"
"Laurona Sousa","19","Low Diversity"
"Lavar Schott","3","Low Diversity"
"Lavaughn Graham","6","Low Diversity"
"LaVon Kolosso","39","Medium Diversity"
"Lavona Corcoran","56","High Diversity"
"Lavonne Walker","11","Low Diversity"
"Lawrence Bacon","46","Medium Diversity"
"Lawrence Badger","20","Medium Diversity"
"Lawrence Bollin","10","Low Diversity"
"Lawrence Hale","15","Low Diversity"
"Lawrence Hurkett","11","Low Diversity"
"Lawrence Lechter","10","Low Diversity"
"Lawrence Roskey","39","Medium Diversity"
"Lawrence Tarvin","5","Low Diversity"
"Lawrence Villamar","19","Low Diversity"
"Lawrence Zavala","20","Medium Diversity"
"Layla Tourte","56","High Diversity"
"Lea Allen","19","Low Diversity"
"Lea Ann Johnson","24","Medium Diversity"
"Lea Johnson","3","Low Diversity"
"Lea Nelson","23","Medium Diversity"
"Leah Hyatt","7","Low Diversity"
"Leah Jarnagin","14","Low Diversity"
"Leah Stephanos","13","Low Diversity"
"Leanne Ward","7","Low Diversity"
"Leda Witte","25","Medium Diversity"
"Lee Barrientos","27","Medium Diversity"
"Lee Chapla","18","Low Diversity"
"Lee Dawson","7","Low Diversity"
"Lee Givens","16","Low Diversity"
"Lee Millet","10","Low Diversity"
"Lee Olguin","16","Low Diversity"
"Lee Smith","6","Low Diversity"
"Lee Whitcomb","7","Low Diversity"
"Lee Wilks","9","Low Diversity"
"Lee Winter","15","Low Diversity"
"Leeann Murray","12","Low Diversity"
"LeeAnn Otte","45","Medium Diversity"
"Leila Bennett","5","Low Diversity"
"Leila Carlisle","6","Low Diversity"
"Leila Gutierrez","19","Low Diversity"
"Lejeana Alm","12","Low Diversity"
"Lela Ard","6","Low Diversity"
"Leland Bohrer","57","High Diversity"
"Leland Thomas","17","Low Diversity"
"Lelia Jackson","20","Medium Diversity"
"Leman Booms","6","Low Diversity"
"Lena Davis","16","Low Diversity"
"Lena Newman","5","Low Diversity"
"Lenora Cortessis","34","Medium Diversity"
"Lenore McNichols","35","Medium Diversity"
"Leo Cook","22","Medium Diversity"
"Leo Jones","11","Low Diversity"
"Leon Bobik","41","Medium Diversity"
"Leon Webb","7","Low Diversity"
"Leona Bourret","38","Medium Diversity"
"Leonard Alfiank","39","Medium Diversity"
"Leonard Burnett","2","Low Diversity"
"Leonard Carlock","35","Medium Diversity"
"Leonard Childs","2","Low Diversity"
"Leonard Moorehead","6","Low Diversity"
"Leonard Smith","8","Low Diversity"
"Leonardo Roberts","9","Low Diversity"
"Leoncio Herring","8","Low Diversity"
"Leonor Blalock","19","Low Diversity"
"Leonor Cirafice","42","Medium Diversity"
"Leopoldo Renfro","8","Low Diversity"
"Leota Cramer","34","Medium Diversity"
"Leota Roberts","8","Low Diversity"
"Leroy Kunofsky","43","Medium Diversity"
"Leshu Hall","4","Low Diversity"
"Leslie Appelhans","14","Low Diversity"
"Leslie Bohannan","13","Low Diversity"
"Leslie Cain","28","Medium Diversity"
"Leslie Coffey","6","Low Diversity"
"Leslie Estes","9","Low Diversity"
"Leslie Glasier","2","Low Diversity"
"Leslie Grauert","10","Low Diversity"
"Leslie Leonard","16","Low Diversity"
"Leslie McClelland","26","Medium Diversity"
"Leslie Rainosek","57","High Diversity"
"Leslie Raphael","24","Medium Diversity"
"Leslie Ritchey","10","Low Diversity"
"Leslie Stewart","17","Low Diversity"
"Leslie Teague","9","Low Diversity"
"Leslie Urias","10","Low Diversity"
"Lester Bowman","5","Low Diversity"
"Lester Dooley","18","Low Diversity"
"Leticia Tetzloff","20","Medium Diversity"
"Lewis Betsekas","9","Low Diversity"
"Lewis Deborde","12","Low Diversity"
"Liam Friedland","22","Medium Diversity"
"Liane Reynolds","8","Low Diversity"
"Lianna Zamora","12","Low Diversity"
"Libby Allen","18","Low Diversity"
"Lila Mandell","20","Medium Diversity"
"Lila Mynoio","14","Low Diversity"
"Lili Alameda","18","Low Diversity"
"Lili Masinton","20","Medium Diversity"
"Liliana Mitchell","6","Low Diversity"
"Liliette Brewster","13","Low Diversity"
"Lille Spencer","18","Low Diversity"
"Lillian Ayeni","33","Medium Diversity"
"Lillian Burns","17","Low Diversity"
"Lillian Caldwell","16","Low Diversity"
"Lillian Chandler","46","Medium Diversity"
"Lillian Gillis","2","Low Diversity"
"Lillian Heckman","28","Medium Diversity"
"Lillian Maes","11","Low Diversity"
"Lillian Martensen","16","Low Diversity"
"Lillian Martinez","10","Low Diversity"
"Lillian McCormick","43","Medium Diversity"
"Lillian Miller","5","Low Diversity"
"Lillian Smith","19","Low Diversity"
"Lillian White","41","Medium Diversity"
"Lillie Brown","2","Low Diversity"
"Lillie Rachak","27","Medium Diversity"
"Lillie Woodside","47","Medium Diversity"
"Lilly Williams","9","Low Diversity"
"Lily Bassett","11","Low Diversity"
"Lily Espinoza","11","Low Diversity"
"Lin Conley","6","Low Diversity"
"Linda Alexander","11","Low Diversity"
"Linda Amaya","53","High Diversity"
"Linda Bagno","11","Low Diversity"
"Linda Bailey","6","Low Diversity"
"Linda Basile","52","High Diversity"
"Linda Beaubien","15","Low Diversity"
"Linda Bettinger","9","Low Diversity"
"Linda Brooks","13","Low Diversity"
"Linda Brown","61","High Diversity"
"Linda Browne","22","Medium Diversity"
"Linda Bryant","14","Low Diversity"
"Linda Cabarrubias","6","Low Diversity"
"Linda Carter","51","High Diversity"
"Linda Chavira","20","Medium Diversity"
"Linda Chuakay","13","Low Diversity"
"Linda Combs","73","High Diversity"
"Linda Davidson","17","Low Diversity"
"Linda Faulk","10","Low Diversity"
"Linda Fike","19","Low Diversity"
"Linda Flores","6","Low Diversity"
"Linda Fugere","35","Medium Diversity"
"Linda Gonzales","7","Low Diversity"
"Linda Hall","35","Medium Diversity"
"Linda Herrera","16","Low Diversity"
"Linda Heth","27","Medium Diversity"
"Linda Hibbits","5","Low Diversity"
"Linda Hoaglund","42","Medium Diversity"
"Linda Horton","44","Medium Diversity"
"Linda Huddleston","8","Low Diversity"
"Linda Irick","18","Low Diversity"
"Linda Kaplan","3","Low Diversity"
"Linda Larson","22","Medium Diversity"
"Linda Macias","5","Low Diversity"
"Linda Martinez","8","Low Diversity"
"Linda McCormick","8","Low Diversity"
"Linda McMurray","7","Low Diversity"
"Linda Meadows","3","Low Diversity"
"Linda Mohs","10","Low Diversity"
"Linda Moreno","7","Low Diversity"
"Linda Nolan","11","Low Diversity"
"Linda Petrick","34","Medium Diversity"
"Linda Potter","6","Low Diversity"
"Linda Raberg","9","Low Diversity"
"Linda Reed","19","Low Diversity"
"Linda Rousey","6","Low Diversity"
"Linda Ruybol","21","Medium Diversity"
"Linda Scharf","26","Medium Diversity"
"Linda Shifflet","23","Medium Diversity"
"Linda Skapinok","10","Low Diversity"
"Linda Sparks","12","Low Diversity"
"Linda Stam","48","Medium Diversity"
"Linda Stidham","45","Medium Diversity"
"Linda Strambi","48","Medium Diversity"
"Linda Suniga","16","Low Diversity"
"Linda Symons","42","Medium Diversity"
"Linda Terhorst","4","Low Diversity"
"Linda Thomas","2","Low Diversity"
"Linda Troike","50","High Diversity"
"Linda Trujillo","24","Medium Diversity"
"Linda Tubis","30","Medium Diversity"
"Linda Van Pelt","7","Low Diversity"
"Linda Vance","15","Low Diversity"
"Linda Vasquez","13","Low Diversity"
"Linda Velasquez","33","Medium Diversity"
"Linda Ventura","10","Low Diversity"
"Linda Weller","35","Medium Diversity"
"Linda Whitten","64","High Diversity"
"Linda Williams","43","Medium Diversity"
"Linda Young","11","Low Diversity"
"Lindley Riley","11","Low Diversity"
"Lindsay Alvarado","13","Low Diversity"
"Lindsey Camacho","7","Low Diversity"
"Lindsey Cruya","16","Low Diversity"
"Lindy Chuakay","8","Low Diversity"
"Lino Celosse","22","Medium Diversity"
"Linton Davis","39","Medium Diversity"
"Liora Vaught","41","Medium Diversity"
"Lisa Anderson","21","Medium Diversity"
"Lisa Baldridge","28","Medium Diversity"
"Lisa Berggren","35","Medium Diversity"
"Lisa Bito","6","Low Diversity"
"Lisa Bowman","8","Low Diversity"
"Lisa Conrad","6","Low Diversity"
"Lisa Cowen","6","Low Diversity"
"Lisa Gerber","28","Medium Diversity"
"Lisa Gill","6","Low Diversity"
"Lisa Lima","20","Medium Diversity"
"Lisa Margison","9","Low Diversity"
"Lisa Mayber","22","Medium Diversity"
"Lisa Murphy","5","Low Diversity"
"Lisa Randall","46","Medium Diversity"
"Lisa Risner","22","Medium Diversity"
"Lisa Ross","66","High Diversity"
"Lisa Roy","18","Low Diversity"
"Lisa Salazar","57","High Diversity"
"Lisa Salka","15","Low Diversity"
"Lisa Smith","2","Low Diversity"
"Lisa Stallings","18","Low Diversity"
"Lisa Vigil","23","Medium Diversity"
"Lisa Walker","22","Medium Diversity"
"Lisa Wardle","42","Medium Diversity"
"Lisa Williams","16","Low Diversity"
"Lisa Wills","14","Low Diversity"
"Lisa Yoes","10","Low Diversity"
"Lita Brown","14","Low Diversity"
"Lita Szasz","50","High Diversity"
"Livia Wright","24","Medium Diversity"
"Liza Marie Stevens","21","Medium Diversity"
"Lizette Tennis","18","Low Diversity"
"Lizzie Ranniger","9","Low Diversity"
"Lloyd Ball","19","Low Diversity"
"Lloyd Saunders","2","Low Diversity"
"Lloyd Simpson","9","Low Diversity"
"Lloyd Ysmael","23","Medium Diversity"
"Lois Anderson","57","High Diversity"
"Lois Barnes","3","Low Diversity"
"Lois Byrne","25","Medium Diversity"
"Lois Conneally","26","Medium Diversity"
"Lois Ellis","11","Low Diversity"
"Lois Griffin","12","Low Diversity"
"Lois Leong","40","Medium Diversity"
"Lois OConner","4","Low Diversity"
"Lois Wood","19","Low Diversity"
"Lola Ferris","20","Medium Diversity"
"Lola McCarthy","2","Low Diversity"
"Lola Myers","12","Low Diversity"
"Lola Stange","27","Medium Diversity"
"Lon Maxwell","6","Low Diversity"
"Lona Beard","45","Medium Diversity"
"Lona Kahawai","8","Low Diversity"
"Long Byrge","16","Low Diversity"
"Loni Sosa","8","Low Diversity"
"Lonnie Aguilar","15","Low Diversity"
"Lonnie Carvajal","14","Low Diversity"
"Lonnie Cummings","48","Medium Diversity"
"Lonnie Delarber","5","Low Diversity"
"Lonnie Forsythe","25","Medium Diversity"
"Lonnie Lund","15","Low Diversity"
"Lonnie Quigley","10","Low Diversity"
"Lonnie Wenzel","13","Low Diversity"
"Lonnie Woodyard","11","Low Diversity"
"Lora Garcia","11","Low Diversity"
"Lora Silvester","48","Medium Diversity"
"Lorayne Soiland","18","Low Diversity"
"Lorelei Burnett","9","Low Diversity"
"Loren Allen","2","Low Diversity"
"Lorena Spaulding","11","Low Diversity"
"Lorena Weiss","40","Medium Diversity"
"Lorence Zastpil","8","Low Diversity"
"Lorene Drury","25","Medium Diversity"
"Lorene White","22","Medium Diversity"
"Lorenzo Dr. Eugene Burbige","11","Low Diversity"
"Loretta Allen","23","Medium Diversity"
"Loretta Brasiel","9","Low Diversity"
"Loretta Maez","32","Medium Diversity"
"Lori Anderson","14","Low Diversity"
"Lori Bellando","44","Medium Diversity"
"Lori Bethune","14","Low Diversity"
"Lori Breeze","23","Medium Diversity"
"Lori Bryington","54","High Diversity"
"Lori Carara","21","Medium Diversity"
"Lori Cochran","12","Low Diversity"
"Lori Cutler","34","Medium Diversity"
"Lori Earl","17","Low Diversity"
"Lori Fenster","15","Low Diversity"
"Lori Folga","20","Medium Diversity"
"Lori Gigandet","7","Low Diversity"
"Lori Green","6","Low Diversity"
"Lori Lightfoot","23","Medium Diversity"
"Lori Lipp","7","Low Diversity"
"Lori Merrill","44","Medium Diversity"
"Lori Mitchell","10","Low Diversity"
"Lori Rogers","5","Low Diversity"
"Lori Standafer","21","Medium Diversity"
"Lori Sutton","3","Low Diversity"
"Lori Thayer","20","Medium Diversity"
"Lorna Jesser","8","Low Diversity"
"Lorna Lowery","11","Low Diversity"
"Lorraine Aplanalp","6","Low Diversity"
"Lorraine Ardell","41","Medium Diversity"
"Lorraine Ayers","5","Low Diversity"
"Lorraine Dills","8","Low Diversity"
"Lorraine Mays","20","Medium Diversity"
"Lorraine Michler","12","Low Diversity"
"Lorraine Peterson","2","Low Diversity"
"Lorraine Tellez","2","Low Diversity"
"Lorraine Todd","50","High Diversity"
"Lorraine Turcios","35","Medium Diversity"
"Lorraine Villenas","20","Medium Diversity"
"Lorraine Yee","12","Low Diversity"
"Lorri Bustillos","33","Medium Diversity"
"Lorriene Weathers","69","High Diversity"
"Lou Scroggins","12","Low Diversity"
"Louanna Brown","6","Low Diversity"
"Louella Blakely","12","Low Diversity"
"Louella Wheat","8","Low Diversity"
"Louie Kruse","53","High Diversity"
"Louis Allegra","19","Low Diversity"
"Louis Boydstun","29","Medium Diversity"
"Louis Dalton","52","High Diversity"
"Louis Dawson","5","Low Diversity"
"Louis Gonzales","8","Low Diversity"
"Louis Jackson","20","Medium Diversity"
"Louis Lewis","11","Low Diversity"
"Louis Martinez","59","High Diversity"
"Louis McGrath","21","Medium Diversity"
"Louis Phillips","2","Low Diversity"
"Louis Reynolds","15","Low Diversity"
"Louis Stoal","10","Low Diversity"
"Louis Stone","60","High Diversity"
"Louis Stotka","29","Medium Diversity"
"Louis Taylor","13","Low Diversity"
"Louis Walter","45","Medium Diversity"
"Louis Wilmoth","28","Medium Diversity"
"Louis Yellman","5","Low Diversity"
"Louisa Springer","3","Low Diversity"
"Louise Ayotte","7","Low Diversity"
"Louise Bennett","12","Low Diversity"
"Louise Bird","45","Medium Diversity"
"Louise Carothers","13","Low Diversity"
"Louise Cassidy","12","Low Diversity"
"Louise Cole","29","Medium Diversity"
"Louise Garcia","6","Low Diversity"
"Louise Klunder","17","Low Diversity"
"Louise Lindsey","12","Low Diversity"
"Louise Moore","9","Low Diversity"
"Louise Pittman","8","Low Diversity"
"Louise Ramirez","6","Low Diversity"
"Louise Starr","21","Medium Diversity"
"Louise Taylor","18","Low Diversity"
"Louise Wakefield","9","Low Diversity"
"Louise Weisser","8","Low Diversity"
"Louise Wright","26","Medium Diversity"
"Lourdes Salas","24","Medium Diversity"
"Lourette Hanks","20","Medium Diversity"
"Lowell Whitehouse","12","Low Diversity"
"Loy Caro","24","Medium Diversity"
"Loyd Vicknair","16","Low Diversity"
"Luann Crawford","74","High Diversity"
"Luanne Marcen","43","Medium Diversity"
"Luca Barnett","15","Low Diversity"
"Lucia Colvin","23","Medium Diversity"
"Lucia Cook","24","Medium Diversity"
"Lucia Slater","10","Low Diversity"
"Lucia Snow","5","Low Diversity"
"Lucile McGaughey","61","High Diversity"
"Lucille Beaty","16","Low Diversity"
"Lucille Burus","20","Medium Diversity"
"Lucille Chellew","30","Medium Diversity"
"Lucille Edwards","11","Low Diversity"
"Lucille Mastin","16","Low Diversity"
"Lucille Rhea","14","Low Diversity"
"Lucille Silsby","11","Low Diversity"
"Lucille Smith","8","Low Diversity"
"Lucille Spangenberg","25","Medium Diversity"
"Lucille Zimmerman","36","Medium Diversity"
"Lucy Bewley","44","Medium Diversity"
"Lucy Flowers","72","High Diversity"
"Lucy Montez","26","Medium Diversity"
"Lucy Rickert","44","Medium Diversity"
"Luis Clay","9","Low Diversity"
"Luisa Dehaas","16","Low Diversity"
"Luke Barnickel","25","Medium Diversity"
"Luke Roy","14","Low Diversity"
"Luke Templeton","13","Low Diversity"
"Lupe Blackburn","42","Medium Diversity"
"Lupe Buclatin","38","Medium Diversity"
"Lupe Martin","21","Medium Diversity"
"Lupe Swartwood","22","Medium Diversity"
"Lutgardis Harp","3","Low Diversity"
"Luther Flanigan","12","Low Diversity"
"Luther Moran","63","High Diversity"
"Luther Ulibarri","6","Low Diversity"
"Luz Engstrom","6","Low Diversity"
"Luz Whalen","10","Low Diversity"
"Lyalia Howard","10","Low Diversity"
"Lyall Baughman","31","Medium Diversity"
"Lydia Garcia","37","Medium Diversity"
"Lydia Morus","16","Low Diversity"
"Lydia Pool","8","Low Diversity"
"Lyla Walker","27","Medium Diversity"
"Lynda Browning","10","Low Diversity"
"Lynda Conway","46","Medium Diversity"
"Lynda Swift","11","Low Diversity"
"Lynda Tomacino","21","Medium Diversity"
"Lynette Bundtzen","12","Low Diversity"
"Lynette Spellman","17","Low Diversity"
"Lynn Azar","56","High Diversity"
"Lynn Bradley","10","Low Diversity"
"Lynn Campbell","16","Low Diversity"
"Lynn Cornett","19","Low Diversity"
"Lynn Gilliam","10","Low Diversity"
"Lynn Gonzales","27","Medium Diversity"
"Lynn Kwiatkowski","15","Low Diversity"
"Lynn Manley","9","Low Diversity"
"Lynn Montelongo","9","Low Diversity"
"Lynn Norris","22","Medium Diversity"
"Lynn ODonahue","5","Low Diversity"
"Lynn Pierotti","52","High Diversity"
"Lynn Seamans","53","High Diversity"
"Lynn Stam","13","Low Diversity"
"Lynn Williams","50","High Diversity"
"Lynne Comer","9","Low Diversity"
"M. Cappa","16","Low Diversity"
"M. Carol Carter","14","Low Diversity"
"M. Diann Ward","7","Low Diversity"
"M. Doyle Butler, Jr.","21","Medium Diversity"
"M. E. Joseph Lique","15","Low Diversity"
"M. Gamblin","6","Low Diversity"
"M. Jennifer Ujdur","51","High Diversity"
"M. Patricia Campbell","16","Low Diversity"
"M. Robin Morgan","34","Medium Diversity"
"M. Sikes","12","Low Diversity"
"M. Stephen Knox","7","Low Diversity"
"Mabel Gwartney","35","Medium Diversity"
"Mabel McCullough","36","Medium Diversity"
"Mabel Miller","14","Low Diversity"
"Mabel Oreskovich","13","Low Diversity"
"Macario Robinson","20","Medium Diversity"
"Mack Britton","2","Low Diversity"
"Mack Hammerland","23","Medium Diversity"
"Madalena Sanchez","22","Medium Diversity"
"Madeline Banich","2","Low Diversity"
"Madeline Bonenberger","19","Low Diversity"
"Madeline Holloway","18","Low Diversity"
"Madeline Murphy","16","Low Diversity"
"Madge Falsetta","13","Low Diversity"
"Mae Anderson","25","Medium Diversity"
"Mae Threet","8","Low Diversity"
"Mae Winder","50","High Diversity"
"Maeve Wall","10","Low Diversity"
"Magdalena Stine","4","Low Diversity"
"Magdalena Weidlich","12","Low Diversity"
"Maggie Wilks","36","Medium Diversity"
"Mahasti Grant","19","Low Diversity"
"Mahtouz Burke","42","Medium Diversity"
"Mai Reed","8","Low Diversity"
"Maila Shobe","13","Low Diversity"
"Maisy Waldrop","25","Medium Diversity"
"Makiko Testa","13","Low Diversity"
"Malia Coter","26","Medium Diversity"
"Mallie Tribble","18","Low Diversity"
"Mandi Meyer","18","Low Diversity"
"Mandy Finken","44","Medium Diversity"
"Manu Maybrier","13","Low Diversity"
"Manuel Aichinger","17","Low Diversity"
"Manuel Clark","25","Medium Diversity"
"Manuel Haskin","32","Medium Diversity"
"Manuel Havens","14","Low Diversity"
"Manuel Irelan","6","Low Diversity"
"Manuel Quesada","4","Low Diversity"
"Manuelita Pope","29","Medium Diversity"
"Mara Boreni","3","Low Diversity"
"Marc Somers","7","Low Diversity"
"Marc Trager","29","Medium Diversity"
"Marceline Vialpando","19","Low Diversity"
"Marcella Barnes","10","Low Diversity"
"Marcella Isaacs","6","Low Diversity"
"Marcella Peters","4","Low Diversity"
"Marchie Williams","13","Low Diversity"
"Marci Salazar","5","Low Diversity"
"Marcia Barbarino","3","Low Diversity"
"Marcia ONeill","41","Medium Diversity"
"Marcia Pugh","8","Low Diversity"
"Marcia Walker","15","Low Diversity"
"Marcia Whiston","6","Low Diversity"
"Marcial Adamski","14","Low Diversity"
"Marcus Reardon","16","Low Diversity"
"Marcus Tilly","11","Low Diversity"
"Marechal Koloss","22","Medium Diversity"
"Margaret Adler","10","Low Diversity"
"Margaret Ahmadzai","32","Medium Diversity"
"Margaret Allison","6","Low Diversity"
"Margaret Arnold","15","Low Diversity"
"Margaret Bean","21","Medium Diversity"
"Margaret Bloch","9","Low Diversity"
"Margaret Browning","22","Medium Diversity"
"Margaret Bushman","11","Low Diversity"
"Margaret Carrillo","38","Medium Diversity"
"Margaret Cheney","25","Medium Diversity"
"Margaret Clendenen","7","Low Diversity"
"Margaret Davelis","15","Low Diversity"
"Margaret Davis","16","Low Diversity"
"Margaret Earley","8","Low Diversity"
"Margaret Garbiso","11","Low Diversity"
"Margaret Harbison","33","Medium Diversity"
"Margaret Hayntin","24","Medium Diversity"
"Margaret Hazlip","32","Medium Diversity"
"Margaret Head","8","Low Diversity"
"Margaret Hernandez","18","Low Diversity"
"Margaret Hill","15","Low Diversity"
"Margaret Jobe","22","Medium Diversity"
"Margaret Krieger","15","Low Diversity"
"Margaret Krupka","9","Low Diversity"
"Margaret Lewis","9","Low Diversity"
"Margaret Lowery","62","High Diversity"
"Margaret Lyons","9","Low Diversity"
"Margaret Martucci","26","Medium Diversity"
"Margaret McCarthy","11","Low Diversity"
"Margaret Padzensky","7","Low Diversity"
"Margaret Potter","61","High Diversity"
"Margaret Prutch","26","Medium Diversity"
"Margaret Reed","8","Low Diversity"
"Margaret Stephens","49","Medium Diversity"
"Margaret Terry","57","High Diversity"
"Margaret Triner","8","Low Diversity"
"Margaret Trujillo","42","Medium Diversity"
"Margaret Turnure","27","Medium Diversity"
"Margaret Vanderkamp","4","Low Diversity"
"Margaret Viramontes","27","Medium Diversity"
"Margaret Ward","30","Medium Diversity"
"Margaret Willich","11","Low Diversity"
"Margaret Winslow","11","Low Diversity"
"Margaret Wolcott","8","Low Diversity"
"Margaret Young","62","High Diversity"
"Margareta Meadows","10","Low Diversity"
"Margarita Starr","28","Medium Diversity"
"Marge Buck","33","Medium Diversity"
"Margie Bayci","10","Low Diversity"
"Margie Bogaert","11","Low Diversity"
"Margie Davis","44","Medium Diversity"
"Margie Nichols","11","Low Diversity"
"Margie Simoni","12","Low Diversity"
"Margie Warfield","4","Low Diversity"
"Margo Woodbury","4","Low Diversity"
"Margorie Butcher","12","Low Diversity"
"Margot Freeman","22","Medium Diversity"
"Margret Perez","19","Low Diversity"
"Marguerite Hunt","13","Low Diversity"
"Marguerite Pacheco","3","Low Diversity"
"Marguerite Saxena","4","Low Diversity"
"Marguerite Tagashira","15","Low Diversity"
"Margurite Bonilla","27","Medium Diversity"
"Mari Caldwell","29","Medium Diversity"
"Mari Lane","8","Low Diversity"
"Mari Merkling","3","Low Diversity"
"Mari Paulsen","4","Low Diversity"
"Mari Small","17","Low Diversity"
"Maria Avis","29","Medium Diversity"
"Maria Bade","18","Low Diversity"
"Maria Belcher","7","Low Diversity"
"Maria Brandt","5","Low Diversity"
"Maria Bridges","14","Low Diversity"
"Maria Briganti","55","High Diversity"
"Maria Darrow","14","Low Diversity"
"Maria Davis","23","Medium Diversity"
"Maria Draper","16","Low Diversity"
"Maria Duran","25","Medium Diversity"
"Maria Gray","7","Low Diversity"
"Maria Green","2","Low Diversity"
"Maria Hamilton","12","Low Diversity"
"Maria Holman","13","Low Diversity"
"Maria Kountz","68","High Diversity"
"Maria Marsden","5","Low Diversity"
"Maria McGill","25","Medium Diversity"
"Maria McNamee","37","Medium Diversity"
"Maria Price","28","Medium Diversity"
"Maria Rottmann","4","Low Diversity"
"Maria Sanchez","14","Low Diversity"
"Maria Schloss","13","Low Diversity"
"Maria Stansfield","19","Low Diversity"
"Maria Sylva","14","Low Diversity"
"Maria Taylor","8","Low Diversity"
"Maria Terry","6","Low Diversity"
"Maria Urrutia","32","Medium Diversity"
"Maria Wheeler","4","Low Diversity"
"Mariam Carey","22","Medium Diversity"
"Marian Berch","14","Low Diversity"
"Marian Campanelli","39","Medium Diversity"
"Marian Sall","7","Low Diversity"
"Mariann Garcia","16","Low Diversity"
"Marianne Ammann","26","Medium Diversity"
"Marianne Cooper","11","Low Diversity"
"Mariano Walker","6","Low Diversity"
"Marie Alexander","26","Medium Diversity"
"Marie Bellamy","8","Low Diversity"
"Marie Carlson","23","Medium Diversity"
"Marie Filson","28","Medium Diversity"
"Marie Hackworth","15","Low Diversity"
"Marie Hardin","34","Medium Diversity"
"Marie Leadingham","18","Low Diversity"
"Marie Little","19","Low Diversity"
"Marie Lucero","26","Medium Diversity"
"Marie Mann","4","Low Diversity"
"Marie Mileski","12","Low Diversity"
"Marie Moya","13","Low Diversity"
"Marie Pennington","8","Low Diversity"
"Marie Quintanilla","25","Medium Diversity"
"Marie Richards","5","Low Diversity"
"Marie Richmeier","21","Medium Diversity"
"Marie Rose","38","Medium Diversity"
"Marie Ross","17","Low Diversity"
"Marie Scott","47","Medium Diversity"
"Marie Thomas","56","High Diversity"
"Marie Umali","11","Low Diversity"
"Marie Veistracten","8","Low Diversity"
"Marie Velasco","10","Low Diversity"
"Marilee Thurman","2","Low Diversity"
"Marillyn Cox","23","Medium Diversity"
"Marilyn Aguilliar","9","Low Diversity"
"Marilyn Bowman","6","Low Diversity"
"Marilyn Brandenburg","28","Medium Diversity"
"Marilyn Brooks","10","Low Diversity"
"Marilyn Cetnar","29","Medium Diversity"
"Marilyn Cosgrove","9","Low Diversity"
"Marilyn Cravens","24","Medium Diversity"
"Marilyn Durante","2","Low Diversity"
"Marilyn Dye","23","Medium Diversity"
"Marilyn Edelman","52","High Diversity"
"Marilyn Gunn","23","Medium Diversity"
"Marilyn Hansen","12","Low Diversity"
"Marilyn Jarratt","48","Medium Diversity"
"Marilyn Jasper","12","Low Diversity"
"Marilyn Lazo","29","Medium Diversity"
"Marilyn Lorenzo","17","Low Diversity"
"Marilyn Medina","21","Medium Diversity"
"Marilyn Paulson","3","Low Diversity"
"Marilyn Raigoza","10","Low Diversity"
"Marilyn Schaidt","26","Medium Diversity"
"Marilyn Short","6","Low Diversity"
"Marilyn Smith","13","Low Diversity"
"Marilyn Stroup","9","Low Diversity"
"Marilyn Uy","13","Low Diversity"
"Marilynn Williams","16","Low Diversity"
"Marin Bezic","18","Low Diversity"
"Marina Brawner","26","Medium Diversity"
"Marina Carlson","12","Low Diversity"
"Marina Erwin","52","High Diversity"
"Marina Villalobos","48","Medium Diversity"
"Mario Benedetti","5","Low Diversity"
"Mario Coleman","14","Low Diversity"
"Mario Crittenden","8","Low Diversity"
"Marion Brink","33","Medium Diversity"
"Marion Bruno","29","Medium Diversity"
"Marion Gerard","6","Low Diversity"
"Marion Jones","15","Low Diversity"
"Marion Melton","14","Low Diversity"
"Marion Scott","6","Low Diversity"
"Marion Sheeley","2","Low Diversity"
"Marion Smith","21","Medium Diversity"
"Marjorie Amador","5","Low Diversity"
"Marjorie Barton","11","Low Diversity"
"Marjorie Burke","2","Low Diversity"
"Marjorie Callahan","5","Low Diversity"
"Marjorie Chapham","41","Medium Diversity"
"Marjorie Clark","8","Low Diversity"
"Marjorie Lee","14","Low Diversity"
"Marjorie Leonard","15","Low Diversity"
"Marjorie Marlowe","11","Low Diversity"
"Marjorie Spivey","32","Medium Diversity"
"Marjory Mcgee","30","Medium Diversity"
"Mark Abram","5","Low Diversity"
"Mark Almeida","6","Low Diversity"
"Mark Antonio","6","Low Diversity"
"Mark Avrin","3","Low Diversity"
"Mark Babbel","4","Low Diversity"
"Mark Banuelos","11","Low Diversity"
"Mark Barr","17","Low Diversity"
"Mark Blackburn","41","Medium Diversity"
"Mark Blatt","39","Medium Diversity"
"Mark Borders","27","Medium Diversity"
"Mark Boutte","14","Low Diversity"
"Mark Bravo","13","Low Diversity"
"Mark Burris","15","Low Diversity"
"Mark Burton","7","Low Diversity"
"Mark Caldwell","17","Low Diversity"
"Mark Chandler","19","Low Diversity"
"Mark Connors","10","Low Diversity"
"Mark Delong","5","Low Diversity"
"Mark Dwier","10","Low Diversity"
"Mark Fowler","3","Low Diversity"
"Mark Glavaris","7","Low Diversity"
"Mark Hart","35","Medium Diversity"
"Mark Jenkins","14","Low Diversity"
"Mark Kinney","17","Low Diversity"
"Mark Lorenzo","16","Low Diversity"
"Mark Manakoff","33","Medium Diversity"
"Mark Marchese","21","Medium Diversity"
"Mark Milheiser","27","Medium Diversity"
"Mark Moore","16","Low Diversity"
"Mark Mullins","10","Low Diversity"
"Mark Rampa","68","High Diversity"
"Mark Stewart","19","Low Diversity"
"Mark Tilford","3","Low Diversity"
"Mark Torosian","8","Low Diversity"
"Mark Turner","19","Low Diversity"
"Mark Vannest","14","Low Diversity"
"Mark Varney","3","Low Diversity"
"Mark Velasquez","19","Low Diversity"
"Mark Watson","4","Low Diversity"
"Mark Wilson","47","Medium Diversity"
"Mark Wintermantel","20","Medium Diversity"
"Mark Wortman","44","Medium Diversity"
"Mark Zywicki","21","Medium Diversity"
"Marla Bell","51","High Diversity"
"Marlee Hubersberger","18","Low Diversity"
"Marlene Bolden","43","Medium Diversity"
"Marlene Chase","16","Low Diversity"
"Marlene Haugland","72","High Diversity"
"Marlene Ludvigsen","6","Low Diversity"
"Marlene Tsujimoto","24","Medium Diversity"
"Marlene Welz","10","Low Diversity"
"Marlies Zeckzer","17","Low Diversity"
"Marlin Coriell","15","Low Diversity"
"Marlin Leang","21","Medium Diversity"
"Marliss McCalla","41","Medium Diversity"
"Marliyn Hinkle","5","Low Diversity"
"Marloe Higgs","8","Low Diversity"
"Marlow Norman","7","Low Diversity"
"Marlowe Jauregui","17","Low Diversity"
"Marlys Chand","44","Medium Diversity"
"Marsha Buck","17","Low Diversity"
"Marsha Clinard","32","Medium Diversity"
"Marsha Perse","21","Medium Diversity"
"Marsha Valenzuela","15","Low Diversity"
"Marsha Woodward","4","Low Diversity"
"Martha (Kay) Moore","14","Low Diversity"
"Martha Benefiel","46","Medium Diversity"
"Martha Brooks","5","Low Diversity"
"Martha Bunch","7","Low Diversity"
"Martha Clark","37","Medium Diversity"
"Martha Clifton","50","High Diversity"
"Martha Cozart","16","Low Diversity"
"Martha Espinoza","24","Medium Diversity"
"Martha Griego","72","High Diversity"
"Martha Hill","32","Medium Diversity"
"Martha Kinney","20","Medium Diversity"
"Martha Mapes","5","Low Diversity"
"Martha Marple","34","Medium Diversity"
"Martha Mitchell","43","Medium Diversity"
"Martha Moore","45","Medium Diversity"
"Martha Parker","33","Medium Diversity"
"Martha Stranik","8","Low Diversity"
"Martha Toomey","18","Low Diversity"
"Martha Valdez","23","Medium Diversity"
"Martha Wilson","32","Medium Diversity"
"Martha Yowell","42","Medium Diversity"
"Martin Austin","34","Medium Diversity"
"Martin Cameron","7","Low Diversity"
"Martin Carlston","14","Low Diversity"
"Martin Continente","9","Low Diversity"
"Martin Johnson","3","Low Diversity"
"Martin Schwalm","2","Low Diversity"
"Martin Steel","11","Low Diversity"
"Martin Stimmel","40","Medium Diversity"
"Martin Svoboda","2","Low Diversity"
"Marty Adkins","8","Low Diversity"
"Marty Carmona","8","Low Diversity"
"Marty Hollingsworth","19","Low Diversity"
"Marvin Benzakry","7","Low Diversity"
"Marvin Carter","12","Low Diversity"
"Marvin Confetti","9","Low Diversity"
"Marvin Mcgrath","22","Medium Diversity"
"Marvin Neely","9","Low Diversity"
"Marvin Spencer","16","Low Diversity"
"Marvin Wheeler","38","Medium Diversity"
"Marwan Gieger","21","Medium Diversity"
"Mary Aigaki","29","Medium Diversity"
"Mary Alexander","31","Medium Diversity"
"Mary Allen","5","Low Diversity"
"Mary Aluyen","18","Low Diversity"
"Mary Angypas","6","Low Diversity"
"Mary Ann Davis","22","Medium Diversity"
"Mary Ann Orozco","37","Medium Diversity"
"Mary Anne Watts","10","Low Diversity"
"Mary Annunciation","6","Low Diversity"
"Mary Antypas","10","Low Diversity"
"Mary Auer","17","Low Diversity"
"Mary Aulick","11","Low Diversity"
"Mary Bakhtyari","28","Medium Diversity"
"Mary Ballantine","29","Medium Diversity"
"Mary Bean","51","High Diversity"
"Mary Becker","44","Medium Diversity"
"Mary Beers","6","Low Diversity"
"Mary Bental","5","Low Diversity"
"Mary Beth Rohlf","14","Low Diversity"
"Mary Bianco","11","Low Diversity"
"Mary Billstrom","7","Low Diversity"
"Mary Biondo","4","Low Diversity"
"Mary Borden","8","Low Diversity"
"Mary Borom","12","Low Diversity"
"Mary Bottarini","17","Low Diversity"
"Mary Bowen","16","Low Diversity"
"Mary Boyd","5","Low Diversity"
"Mary Brooks","12","Low Diversity"
"Mary Brown","16","Low Diversity"
"Mary Browne","14","Low Diversity"
"Mary Browning","11","Low Diversity"
"Mary Bruzzone","8","Low Diversity"
"Mary Burmeister","9","Low Diversity"
"Mary Campbell","53","High Diversity"
"Mary Carrillo","2","Low Diversity"
"Mary Carroll","11","Low Diversity"
"Mary Carson","26","Medium Diversity"
"Mary Case","15","Low Diversity"
"Mary Coleman","2","Low Diversity"
"Mary Colvin","41","Medium Diversity"
"Mary Conyers","19","Low Diversity"
"Mary Cooper","28","Medium Diversity"
"Mary Corsi","28","Medium Diversity"
"Mary Craig","42","Medium Diversity"
"Mary Cramer","9","Low Diversity"
"Mary Crookshanks","25","Medium Diversity"
"Mary Cuccia","12","Low Diversity"
"Mary Davidson","34","Medium Diversity"
"Mary Deeds","18","Low Diversity"
"Mary Dinna Novak","3","Low Diversity"
"Mary Dotson","2","Low Diversity"
"Mary Elyse Bagley","18","Low Diversity"
"Mary Fidler","24","Medium Diversity"
"Mary Fields","47","Medium Diversity"
"Mary Flynn","65","High Diversity"
"Mary Frances Christian","21","Medium Diversity"
"Mary Francis Benigar","79","High Diversity"
"Mary Gancel","10","Low Diversity"
"Mary Gimmi","32","Medium Diversity"
"Mary Gonzales","7","Low Diversity"
"Mary Gray","13","Low Diversity"
"Mary Greer","41","Medium Diversity"
"Mary Hall","30","Medium Diversity"
"Mary Hayes","13","Low Diversity"
"Mary Helen","22","Medium Diversity"
"Mary Henry","24","Medium Diversity"
"Mary Hirschboeck","37","Medium Diversity"
"Mary Horine","15","Low Diversity"
"Mary Hurley","60","High Diversity"
"Mary Hustead","21","Medium Diversity"
"Mary Ingram","37","Medium Diversity"
"Mary Irwin","16","Low Diversity"
"Mary Jane Clark","12","Low Diversity"
"Mary Jane Razo","24","Medium Diversity"
"Mary Jane Schnell","31","Medium Diversity"
"Mary Jane Trouse","7","Low Diversity"
"Mary Jean Cochran","25","Medium Diversity"
"Mary Jo Fitzgerald","9","Low Diversity"
"Mary Jo Gradishar","2","Low Diversity"
"Mary Jo Park","34","Medium Diversity"
"Mary Johnson","17","Low Diversity"
"Mary Jorgensen","2","Low Diversity"
"Mary Kesslep","17","Low Diversity"
"Mary Ketchum","39","Medium Diversity"
"Mary Kraich","43","Medium Diversity"
"Mary Lafayette","2","Low Diversity"
"Mary Lee","7","Low Diversity"
"Mary Logan","18","Low Diversity"
"Mary Lou Ballard","31","Medium Diversity"
"Mary Mahana","4","Low Diversity"
"Mary Mallory","5","Low Diversity"
"Mary McCormick","8","Low Diversity"
"Mary McCuiston","26","Medium Diversity"
"Mary Miller","10","Low Diversity"
"Mary Monarco","15","Low Diversity"
"Mary Mora","39","Medium Diversity"
"Mary Noguera","10","Low Diversity"
"Mary Norlin","11","Low Diversity"
"Mary Novak","5","Low Diversity"
"Mary Pierson","23","Medium Diversity"
"Mary Porter","4","Low Diversity"
"Mary Radacy","19","Low Diversity"
"Mary Rankin","66","High Diversity"
"Mary Retske","13","Low Diversity"
"Mary Ross","28","Medium Diversity"
"Mary Ruth Pina","25","Medium Diversity"
"Mary Sauder","5","Low Diversity"
"Mary Seelye","27","Medium Diversity"
"Mary Sloan","25","Medium Diversity"
"Mary Smith","71","High Diversity"
"Mary Sorci","4","Low Diversity"
"Mary Steele","3","Low Diversity"
"Mary Steen","60","High Diversity"
"Mary Stesney","9","Low Diversity"
"Mary Sullivan","50","High Diversity"
"Mary Tate","9","Low Diversity"
"Mary Taylor","2","Low Diversity"
"Mary Thomas","15","Low Diversity"
"Mary Thornton","2","Low Diversity"
"Mary Treadwell","10","Low Diversity"
"Mary Trent","10","Low Diversity"
"Mary Trujillo","4","Low Diversity"
"Mary Tullao","13","Low Diversity"
"Mary Waddle","19","Low Diversity"
"Mary Wang","30","Medium Diversity"
"Mary Welch","7","Low Diversity"
"Mary Wells","10","Low Diversity"
"Mary Welton","11","Low Diversity"
"Mary Wiggins","34","Medium Diversity"
"Mary Williams","48","Medium Diversity"
"Mary Wittels","8","Low Diversity"
"Mary Woodson","4","Low Diversity"
"Mary Wysocki","9","Low Diversity"
"Maryann Backlin","17","Low Diversity"
"Maryann Begley","14","Low Diversity"
"Maryann Blake","2","Low Diversity"
"Maryann Braunlich","45","Medium Diversity"
"Maryann Clark","17","Low Diversity"
"Maryann Rivera","4","Low Diversity"
"Maryann Soderholm","3","Low Diversity"
"Maryann Whiting","31","Medium Diversity"
"Maryanne Cook","14","Low Diversity"
"Marybeth Morgan","16","Low Diversity"
"Maryjane Marcotte","16","Low Diversity"
"Maryjo Budig","16","Low Diversity"
"Marylee Lawless","16","Low Diversity"
"Marylou Burkett","46","Medium Diversity"
"Marylou Valladao","18","Low Diversity"
"Masako King","25","Medium Diversity"
"Masao David","14","Low Diversity"
"Mathew Heth","5","Low Diversity"
"Mats Ramsey","13","Low Diversity"
"Matt Bellah","65","High Diversity"
"Matt Carroll","3","Low Diversity"
"Matt Oneal","22","Medium Diversity"
"Matt Otter","9","Low Diversity"
"Matt Taraska","5","Low Diversity"
"Matt Wright","36","Medium Diversity"
"Matthew Andis","38","Medium Diversity"
"Matthew Applehans","9","Low Diversity"
"Matthew Barry","6","Low Diversity"
"Matthew Basham","25","Medium Diversity"
"Matthew Castro","50","High Diversity"
"Matthew Durocher","8","Low Diversity"
"Matthew Hagemann","7","Low Diversity"
"Matthew Hatter","8","Low Diversity"
"Matthew Hunter","40","Medium Diversity"
"Matthew Kuhlman","25","Medium Diversity"
"Matthew Liven","6","Low Diversity"
"Matthew Lough","24","Medium Diversity"
"Matthew Mack","6","Low Diversity"
"Matthew Miller","26","Medium Diversity"
"Matthew Phillips","20","Medium Diversity"
"Matthew Pryer Smith","9","Low Diversity"
"Matthew Seiler","17","Low Diversity"
"Matthew Smith","46","Medium Diversity"
"Matthew Strobel","7","Low Diversity"
"Matthew Threats","15","Low Diversity"
"Matthew Wallace","27","Medium Diversity"
"Mattie Baxamusa","38","Medium Diversity"
"Mattie Rasberry","2","Low Diversity"
"Maudie Walker","30","Medium Diversity"
"Maudlyn Bergman","16","Low Diversity"
"Maureen Arquello","42","Medium Diversity"
"Maureen Block","14","Low Diversity"
"Maureen Childers","17","Low Diversity"
"Maureen Doose","24","Medium Diversity"
"Maureen Ibsen","13","Low Diversity"
"Maureen Okane","11","Low Diversity"
"Maureen Overholser","41","Medium Diversity"
"Maureen Turnbloom","12","Low Diversity"
"Maurice Carothers","33","Medium Diversity"
"Maurice Mauriscio","28","Medium Diversity"
"Maurice Ryan","22","Medium Diversity"
"Mavis Geanetta","17","Low Diversity"
"Max Lash","53","High Diversity"
"Max Luna","28","Medium Diversity"
"Max Lyons","20","Medium Diversity"
"Maxine Alexander","13","Low Diversity"
"Maxine Larkins","19","Low Diversity"
"Maxwell Amland","6","Low Diversity"
"May Hooker","20","Medium Diversity"
"May Patrick","14","Low Diversity"
"Maya Briggs","10","Low Diversity"
"Maya Holmes","17","Low Diversity"
"Maybelle Stonesifer","35","Medium Diversity"
"Mayme Carmickle","9","Low Diversity"
"Meagan Graham","7","Low Diversity"
"Medra Hill","17","Low Diversity"
"Megan Burke","10","Low Diversity"
"Megan Caise","21","Medium Diversity"
"Megan Clayton","59","High Diversity"
"Megan Davis","40","Medium Diversity"
"Megan Fike","11","Low Diversity"
"Megan Grey","10","Low Diversity"
"Megan Myers","22","Medium Diversity"
"Megan Tillman","65","High Diversity"
"Megan Vanzandt","7","Low Diversity"
"Meghan Tremmel","15","Low Diversity"
"Meghan Vanover","35","Medium Diversity"
"Mehrzad Slone","45","Medium Diversity"
"Meladie Johnson","2","Low Diversity"
"Melanie Bush","20","Medium Diversity"
"Melanie Caputo","19","Low Diversity"
"Melanie Elmer","46","Medium Diversity"
"Melanie Espinoza","55","High Diversity"
"Melanie Fischer","20","Medium Diversity"
"Melanie Snow","19","Low Diversity"
"Melba Bartley","7","Low Diversity"
"Melba Fields","20","Medium Diversity"
"Melba Fisher","23","Medium Diversity"
"Melba Wirth","16","Low Diversity"
"Melinda Belcher","52","High Diversity"
"Melinda Maltby","11","Low Diversity"
"Melissa Ames","55","High Diversity"
"Melissa Babel","10","Low Diversity"
"Melissa Colby","5","Low Diversity"
"Melissa Duran","16","Low Diversity"
"Melissa Marple","48","Medium Diversity"
"Melissa Myers","12","Low Diversity"
"Melissa Pyle","43","Medium Diversity"
"Melissa Smith","10","Low Diversity"
"Melissa Van Donkkenburg","33","Medium Diversity"
"Melissa Wheeler","7","Low Diversity"
"Melody Bancroft","68","High Diversity"
"Melody McClelland","59","High Diversity"
"Melody Walters","27","Medium Diversity"
"Melphia Borges","5","Low Diversity"
"Melvin Aitkenhead","25","Medium Diversity"
"Melvin Bukias","38","Medium Diversity"
"Melvin Campos","5","Low Diversity"
"Melvin Carreras","17","Low Diversity"
"Melvin Drake","54","High Diversity"
"Melvin Glass","20","Medium Diversity"
"Melvin Hogg","17","Low Diversity"
"Melvin Mendoza","17","Low Diversity"
"Melvin Reed","7","Low Diversity"
"Melvyn Kochevar","8","Low Diversity"
"Merav Netz","5","Low Diversity"
"Merceades Laudenslager","30","Medium Diversity"
"Merced Putinas","7","Low Diversity"
"Meredith Estep","12","Low Diversity"
"Meredith Thumann","5","Low Diversity"
"Meredith Youngblood","6","Low Diversity"
"Mereeda Azzolino","17","Low Diversity"
"Meriann Giles","8","Low Diversity"
"Meris Snodgrass","15","Low Diversity"
"Merle Stotka","47","Medium Diversity"
"Merrick McCain","20","Medium Diversity"
"Merridee Archuleta","72","High Diversity"
"Merrie Shreck","17","Low Diversity"
"Merrill Steel","7","Low Diversity"
"Merritt Barnett","11","Low Diversity"
"Michael Albright","12","Low Diversity"
"Michael Ananos","13","Low Diversity"
"Michael Baldwin","16","Low Diversity"
"Michael Bass","15","Low Diversity"
"Michael Belcher","49","Medium Diversity"
"Michael Benson","2","Low Diversity"
"Michael Bernal","11","Low Diversity"
"Michael Besse","6","Low Diversity"
"Michael Bevis","20","Medium Diversity"
"Michael Bill","27","Medium Diversity"
"Michael Bohling","36","Medium Diversity"
"Michael Briggs","27","Medium Diversity"
"Michael Brocca","6","Low Diversity"
"Michael Brooks","8","Low Diversity"
"Michael Bruha","27","Medium Diversity"
"Michael Burbridge","22","Medium Diversity"
"Michael Burgh","56","High Diversity"
"Michael Butcher","25","Medium Diversity"
"Michael Carpenter","18","Low Diversity"
"Michael Carter","42","Medium Diversity"
"Michael Caskey","10","Low Diversity"
"Michael Cavagnaro","28","Medium Diversity"
"Michael Cellini","4","Low Diversity"
"Michael Cesena","15","Low Diversity"
"Michael Chellew","6","Low Diversity"
"Michael Clark","23","Medium Diversity"
"Michael Cook","23","Medium Diversity"
"Michael Coyne","28","Medium Diversity"
"Michael Dandurand","34","Medium Diversity"
"Michael Dorrell","3","Low Diversity"
"Michael Dreiling","12","Low Diversity"
"Michael Dunlap","8","Low Diversity"
"Michael Elliott","12","Low Diversity"
"Michael Gates","51","High Diversity"
"Michael Glancy","20","Medium Diversity"
"Michael Graham","22","Medium Diversity"
"Michael Haines","31","Medium Diversity"
"Michael Handsaker","21","Medium Diversity"
"Michael Hanson","14","Low Diversity"
"Michael Hinzman","20","Medium Diversity"
"Michael Holland","47","Medium Diversity"
"Michael Holobaugh","21","Medium Diversity"
"Michael Houser","27","Medium Diversity"
"Michael John Troyer","17","Low Diversity"
"Michael Judnich","21","Medium Diversity"
"Michael Kato","8","Low Diversity"
"Michael Kouba","20","Medium Diversity"
"Michael Larson","35","Medium Diversity"
"Michael Lee","14","Low Diversity"
"Michael Lessum","20","Medium Diversity"
"Michael Maroney","10","Low Diversity"
"Michael McKinney","44","Medium Diversity"
"Michael Michaels","9","Low Diversity"
"Michael Moore","28","Medium Diversity"
"Michael Musgrove","9","Low Diversity"
"Michael Napier","37","Medium Diversity"
"Michael Neely","33","Medium Diversity"
"Michael Odor","18","Low Diversity"
"Michael Olbright","19","Low Diversity"
"Michael Owen","22","Medium Diversity"
"Michael Palermo","42","Medium Diversity"
"Michael Pfeifer","28","Medium Diversity"
"Michael Prater","20","Medium Diversity"
"Michael Quintana","23","Medium Diversity"
"Michael Ritchie","11","Low Diversity"
"Michael Roberts","2","Low Diversity"
"Michael Sample","33","Medium Diversity"
"Michael Schoolcraft","30","Medium Diversity"
"Michael Skaggs","14","Low Diversity"
"Michael Sowa","34","Medium Diversity"
"Michael St. Peter","6","Low Diversity"
"Michael Stamison","22","Medium Diversity"
"Michael Steichen","27","Medium Diversity"
"Michael Stohon","9","Low Diversity"
"Michael Suggs","8","Low Diversity"
"Michael Swartwood","51","High Diversity"
"Michael Swenson","5","Low Diversity"
"Michael Takaki","24","Medium Diversity"
"Michael This","17","Low Diversity"
"Michael Todd","64","High Diversity"
"Michael Torres","36","Medium Diversity"
"Michael Trujillo","20","Medium Diversity"
"Michael Wagner","3","Low Diversity"
"Michael Wall","17","Low Diversity"
"Michael Warfield","29","Medium Diversity"
"Michael Warner","12","Low Diversity"
"Michael Washington","35","Medium Diversity"
"Michael Weintraub","26","Medium Diversity"
"Michael Wheat","2","Low Diversity"
"Michael Wilson","15","Low Diversity"
"Michael Winningham","11","Low Diversity"
"Michael Wise","13","Low Diversity"
"Michael Wood","20","Medium Diversity"
"Michael Wright","8","Low Diversity"
"Michael Wynn","16","Low Diversity"
"Michael Yalotz","9","Low Diversity"
"Michael Zenker","48","Medium Diversity"
"Michele Harris","8","Low Diversity"
"Michele Stultz","10","Low Diversity"
"Michele Tran","4","Low Diversity"
"Micheline Brasselero","47","Medium Diversity"
"Michelle Adams","16","Low Diversity"
"Michelle Allenbach","6","Low Diversity"
"Michelle Bach","7","Low Diversity"
"Michelle Bailey","17","Low Diversity"
"Michelle Beavers","14","Low Diversity"
"Michelle Bollin","10","Low Diversity"
"Michelle Brinton","10","Low Diversity"
"Michelle Cambra","2","Low Diversity"
"Michelle Casaus","63","High Diversity"
"Michelle Colvin","10","Low Diversity"
"Michelle Gottier","51","High Diversity"
"Michelle Lane","47","Medium Diversity"
"Michelle Leasman","6","Low Diversity"
"Michelle McCarty","16","Low Diversity"
"Michelle Neri","55","High Diversity"
"Michelle Noble","5","Low Diversity"
"Michelle Penington","6","Low Diversity"
"Michelle Pobrislo","48","Medium Diversity"
"Michelle Rector","13","Low Diversity"
"Michelle Tolentino","35","Medium Diversity"
"Michelle Turner","9","Low Diversity"
"Michelle Udovich","14","Low Diversity"
"Michelle Vankleef","20","Medium Diversity"
"Michelle Watkins","15","Low Diversity"
"Michelle Wills","23","Medium Diversity"
"Mickey Ames","9","Low Diversity"
"Miguel Jackson","4","Low Diversity"
"Mike Bauer","12","Low Diversity"
"Mike Berdahl","6","Low Diversity"
"Mike Bledsoe","11","Low Diversity"
"Mike Brown","25","Medium Diversity"
"Mike Cardosa","7","Low Diversity"
"Mike Carr","9","Low Diversity"
"Mike Clark","10","Low Diversity"
"Mike Cole","4","Low Diversity"
"Mike Fernandez","13","Low Diversity"
"Mike Gonzales","9","Low Diversity"
"Mike Herman","45","Medium Diversity"
"Mike Horton","48","Medium Diversity"
"Mike Madrid","59","High Diversity"
"Mike Melillo","15","Low Diversity"
"Mike Olivares","3","Low Diversity"
"Mike Ramer","5","Low Diversity"
"Mike Snider","5","Low Diversity"
"Mike Sommese","15","Low Diversity"
"Mike Stone","7","Low Diversity"
"Mike Tafoya","6","Low Diversity"
"Mike Takaki","31","Medium Diversity"
"Mike Taylor","32","Medium Diversity"
"Mike Thomas","3","Low Diversity"
"Mike Ward","27","Medium Diversity"
"Mike White","15","Low Diversity"
"Mikhail McClung","14","Low Diversity"
"Mila Lyttle","9","Low Diversity"
"Mildred Adams","7","Low Diversity"
"Mildred Baca","5","Low Diversity"
"Mildred Bartz","5","Low Diversity"
"Mildred Bryson","10","Low Diversity"
"Mildred Bush","4","Low Diversity"
"Mildred Caporaletti","15","Low Diversity"
"Mildred House","11","Low Diversity"
"Mildred Klein","21","Medium Diversity"
"Mildred Morrow","24","Medium Diversity"
"Mildred Robinson","17","Low Diversity"
"Mildred Russo","7","Low Diversity"
"Mildred Shryock","27","Medium Diversity"
"Mildred Valentine","9","Low Diversity"
"Mildred Wall","11","Low Diversity"
"Mildred Whitson","6","Low Diversity"
"Miles Wheeler","13","Low Diversity"
"Millard Heintz","47","Medium Diversity"
"Millard Koeber","4","Low Diversity"
"Milton Collopy","11","Low Diversity"
"Milton Ives","26","Medium Diversity"
"Milton Morrow","12","Low Diversity"
"Mimi Springer","50","High Diversity"
"Mimi Worsham","3","Low Diversity"
"Mina Gillespie","6","Low Diversity"
"Minerva Marshall","45","Medium Diversity"
"Minerva Poindexter","27","Medium Diversity"
"Minette Davis","8","Low Diversity"
"Minnie Roth","13","Low Diversity"
"Mira Bove","8","Low Diversity"
"Miranda Zimmerman","14","Low Diversity"
"Miriam Lovato","2","Low Diversity"
"Misty Busby","2","Low Diversity"
"Misty Maria","48","Medium Diversity"
"Mitch Anderson","16","Low Diversity"
"Mitch Meece","11","Low Diversity"
"Mitchell Munoz","19","Low Diversity"
"Mitra Farsai","37","Medium Diversity"
"Modesto Wikberg","17","Low Diversity"
"Mohammad Caldwell","12","Low Diversity"
"Mollie Bradford","37","Medium Diversity"
"Mollie Colone","25","Medium Diversity"
"Molly Musso","36","Medium Diversity"
"Mona Jaramillo","18","Low Diversity"
"Mona Vietor","20","Medium Diversity"
"Mona Vigil","77","High Diversity"
"Monica Aggson","11","Low Diversity"
"Monica Ardon","22","Medium Diversity"
"Monica Beeler","23","Medium Diversity"
"Monica Boshnack","8","Low Diversity"
"Monica Kinney","51","High Diversity"
"Monica Peterson","3","Low Diversity"
"Monica Quintana","16","Low Diversity"
"Monica Stivers","8","Low Diversity"
"Monika Elliott","32","Medium Diversity"
"Monique Caprio","10","Low Diversity"
"Monique Lambert","4","Low Diversity"
"Monique Ryan","21","Medium Diversity"
"Monk Skonnard","8","Low Diversity"
"Monte Vieregg","24","Medium Diversity"
"Monteze Bailey","30","Medium Diversity"
"Morgan Cronin","18","Low Diversity"
"Morgan Fultone","12","Low Diversity"
"Morris Caffano","14","Low Diversity"
"Morten Colombini","10","Low Diversity"
"Morton Steffen","16","Low Diversity"
"Mosha Pasumansky","4","Low Diversity"
"Mouloud Pancoast","38","Medium Diversity"
"Moyie Cortese","32","Medium Diversity"
"Muffy Abbruzzese","59","High Diversity"
"Muriel Record","32","Medium Diversity"
"Muriel Sumner","17","Low Diversity"
"Murray Van Hoboken","13","Low Diversity"
"Mustafa Daly","49","Medium Diversity"
"Myka Chen","16","Low Diversity"
"Mylene Taylor","26","Medium Diversity"
"Myra Cartmell","24","Medium Diversity"
"Myra Van Antwerp","5","Low Diversity"
"Myra Williams","10","Low Diversity"
"Myreda Calahoo","23","Medium Diversity"
"Myriam Nichols","13","Low Diversity"
"Myrna Brauer","8","Low Diversity"
"Myrna Rose","4","Low Diversity"
"Myron Fallsetta","9","Low Diversity"
"Myron Hand","6","Low Diversity"
"Myron Tucker","9","Low Diversity"
"Myrtle Cardinal","6","Low Diversity"
"Myrtle Jean","11","Low Diversity"
"Myrtle Maggard","16","Low Diversity"
"Nadene Boyle","18","Low Diversity"
"Nadine Atencio","4","Low Diversity"
"Nadine Brehm","22","Medium Diversity"
"Nadine Cook","12","Low Diversity"
"Nadine Lujan","21","Medium Diversity"
"Nadine Moon","14","Low Diversity"
"Nadine Smith","6","Low Diversity"
"Nadine Woodford","19","Low Diversity"
"Nadya Borg","76","High Diversity"
"Naida Stilfield","15","Low Diversity"
"Naldo Pyles","54","High Diversity"
"Nanalee Yellman","24","Medium Diversity"
"Nancy Adams","30","Medium Diversity"
"Nancy Alencastre","15","Low Diversity"
"Nancy Alumbaugh","20","Medium Diversity"
"Nancy Barlow","22","Medium Diversity"
"Nancy Beatty","8","Low Diversity"
"Nancy Bratset","32","Medium Diversity"
"Nancy Burnett","26","Medium Diversity"
"Nancy Camplese","40","Medium Diversity"
"Nancy Cole","13","Low Diversity"
"Nancy Cordova","12","Low Diversity"
"Nancy Cunningham","11","Low Diversity"
"Nancy Eggleston","6","Low Diversity"
"Nancy Fisher","11","Low Diversity"
"Nancy Frost","3","Low Diversity"
"Nancy Goldsmith","17","Low Diversity"
"Nancy Graves","14","Low Diversity"
"Nancy Henry","30","Medium Diversity"
"Nancy LaPorte","21","Medium Diversity"
"Nancy LaTulippe","30","Medium Diversity"
"Nancy Logan","46","Medium Diversity"
"Nancy McPhearson","13","Low Diversity"
"Nancy Michalski","10","Low Diversity"
"Nancy Moreno","44","Medium Diversity"
"Nancy Moyer","3","Low Diversity"
"Nancy Myers","15","Low Diversity"
"Nancy Peacock","11","Low Diversity"
"Nancy Pietrs","19","Low Diversity"
"Nancy Platt","13","Low Diversity"
"Nancy Roberson","21","Medium Diversity"
"Nancy Serina","12","Low Diversity"
"Nancy Smith","31","Medium Diversity"
"Nancy Smrha","6","Low Diversity"
"Nancy Tebo","15","Low Diversity"
"Nancy Vallard","16","Low Diversity"
"Nancy Waterhouse","14","Low Diversity"
"Nancy Yen","11","Low Diversity"
"Nanette Richards","35","Medium Diversity"
"Nanette Welsh","28","Medium Diversity"
"Nannie Neloms","13","Low Diversity"
"Naoma Thiel","56","High Diversity"
"Naomi Marshall","20","Medium Diversity"
"Nasrin Hooker","13","Low Diversity"
"Natalie Barber","5","Low Diversity"
"Natalie Clado","39","Medium Diversity"
"Natalie Petrie","48","Medium Diversity"
"Natalie Waterman","22","Medium Diversity"
"Natalie Zuerner","5","Low Diversity"
"Natasha Staton","64","High Diversity"
"Nathan Barnwell","31","Medium Diversity"
"Nathan Cordova","15","Low Diversity"
"Nathan Gilbertson","6","Low Diversity"
"Nathan Muenich","16","Low Diversity"
"Nathan Randall","6","Low Diversity"
"Nathanael Metz","15","Low Diversity"
"Nattie England","29","Medium Diversity"
"Neal Fritz","15","Low Diversity"
"Neal Gramstorff","11","Low Diversity"
"Neal Hasty","8","Low Diversity"
"Neal Ingram","18","Low Diversity"
"Neal Sachanandani","21","Medium Diversity"
"Necia Polk","7","Low Diversity"
"Necia Spence","44","Medium Diversity"
"Ned Atencio","12","Low Diversity"
"Ned Tiffany","6","Low Diversity"
"Neioa Fray","45","Medium Diversity"
"Nelda Clark","27","Medium Diversity"
"Nell Cole","9","Low Diversity"
"Nell Maune","12","Low Diversity"
"Nellie Jean Davi","6","Low Diversity"
"Nellie Kuhn","25","Medium Diversity"
"Nellie Medina","4","Low Diversity"
"Nellie Orando","30","Medium Diversity"
"Nellie Tripodi","10","Low Diversity"
"Nelly Wood","6","Low Diversity"
"Nelson Foley","43","Medium Diversity"
"Nelson Zenarosa","8","Low Diversity"
"Nenita Alvarez","11","Low Diversity"
"Neoma Thomas","60","High Diversity"
"Nestor Carpoff","11","Low Diversity"
"Nettie Burch","43","Medium Diversity"
"Nettie Guagliardo","7","Low Diversity"
"Neva Mitchell","9","Low Diversity"
"Nevlyn Shaw","17","Low Diversity"
"Nic Carothers","11","Low Diversity"
"Nica Wall","5","Low Diversity"
"Nichelle Rivera","56","High Diversity"
"Nicholas Cline","29","Medium Diversity"
"Nicholas Collaro","5","Low Diversity"
"Nicholas Contreras","7","Low Diversity"
"Nicholas Johnson","20","Medium Diversity"
"Nicholas Krapfl","16","Low Diversity"
"Nicholas Martinez","14","Low Diversity"
"Nicholas Riccillo","41","Medium Diversity"
"Nicholas Smith","6","Low Diversity"
"Nicholas Takemura","56","High Diversity"
"Nicholas Vance","15","Low Diversity"
"Nicholas Wickham","35","Medium Diversity"
"Nicholas Willson","11","Low Diversity"
"Nicholas Wilson","8","Low Diversity"
"Nichole Jenkins","21","Medium Diversity"
"Nichole Rattan","23","Medium Diversity"
"Nichole Sweet","6","Low Diversity"
"Nick Richardson","2","Low Diversity"
"Nick Skapinok","25","Medium Diversity"
"Nicki Richmeier","31","Medium Diversity"
"Nicky Chesnut","19","Low Diversity"
"Nicola Anglin","2","Low Diversity"
"Nicola Cervantes","55","High Diversity"
"Nicola Tuason","32","Medium Diversity"
"Nicole Albrecht","8","Low Diversity"
"Nicole Barrera","4","Low Diversity"
"Nicole Beresford","11","Low Diversity"
"Nicole Birdsell","6","Low Diversity"
"Nicole Gibson","23","Medium Diversity"
"Nicole Holmes","50","High Diversity"
"Nicolette West","9","Low Diversity"
"Nicollete Olquin","44","Medium Diversity"
"Nieves Vargas","7","Low Diversity"
"Niki Netz","18","Low Diversity"
"Nikki Batt","9","Low Diversity"
"Nila Steinneville","47","Medium Diversity"
"Nina Hall","45","Medium Diversity"
"Nina Medina","8","Low Diversity"
"Nina Metz","17","Low Diversity"
"Nina Slaten","36","Medium Diversity"
"Nina Smith","5","Low Diversity"
"Noel Murphy","15","Low Diversity"
"Nola Blanco","53","High Diversity"
"Nola Brannon","39","Medium Diversity"
"Nona Dugan","41","Medium Diversity"
"Nona Rodacy","10","Low Diversity"
"Nora Walton","16","Low Diversity"
"Nordyn Beecher","15","Low Diversity"
"Noreen Vazquez","10","Low Diversity"
"Norene Hayes","15","Low Diversity"
"Norita Houseman","17","Low Diversity"
"Norm Mighaud","8","Low Diversity"
"Norma Avila","55","High Diversity"
"Norma Barrera","21","Medium Diversity"
"Norma Beeby","12","Low Diversity"
"Norma Campbell","22","Medium Diversity"
"Norma Chang","10","Low Diversity"
"Norma Lewis","30","Medium Diversity"
"Norma Rios","40","Medium Diversity"
"Norma Serpanchy","77","High Diversity"
"Norma Snavely","22","Medium Diversity"
"Norma Sussman","9","Low Diversity"
"Norman Arnold","30","Medium Diversity"
"Norman Gambao","22","Medium Diversity"
"Norman Oliphant","13","Low Diversity"
"Norman Ramptom","8","Low Diversity"
"Norman Smith","8","Low Diversity"
"Norman Torres","24","Medium Diversity"
"Norman Troxell","6","Low Diversity"
"Norman White","10","Low Diversity"
"Nyya Wheeler","23","Medium Diversity"
"Odin Stumpff","10","Low Diversity"
"Odonna Bernbaun","21","Medium Diversity"
"Ofelia Brown","11","Low Diversity"
"Ofelia Cochran","18","Low Diversity"
"Ofelia Trembath","24","Medium Diversity"
"Ola Jacobs","4","Low Diversity"
"Oleta Shanklin","10","Low Diversity"
"Olga Oliver","18","Low Diversity"
"Olga Plutt","3","Low Diversity"
"Olga Reinboldt","26","Medium Diversity"
"Olga Singleton","21","Medium Diversity"
"Olga Trau","9","Low Diversity"
"Olga York","29","Medium Diversity"
"Olive Magan","17","Low Diversity"
"Olivia Gardner","33","Medium Diversity"
"Omar Simpson","52","High Diversity"
"Onita Bevan","33","Medium Diversity"
"Opal Kesler","25","Medium Diversity"
"Ora Wilson","41","Medium Diversity"
"Oral Abrams","16","Low Diversity"
"Oran Hagar","13","Low Diversity"
"Ordean Braun","21","Medium Diversity"
"Orlando Gee","13","Low Diversity"
"Orville Fuchs","18","Low Diversity"
"Oscar Alpuerto","65","High Diversity"
"Oscar Carr","17","Low Diversity"
"Oscar Pastor","27","Medium Diversity"
"Oscar Quesinberry","7","Low Diversity"
"Oscar Roche","4","Low Diversity"
"Oscar Smith","10","Low Diversity"
"Oscar Wiese","5","Low Diversity"
"Otilia Spiros","4","Low Diversity"
"Otis Cowen","12","Low Diversity"
"P. Larry Spicer","25","Medium Diversity"
"Pacita Kuntz","7","Low Diversity"
"Paige Butler","13","Low Diversity"
"Paisal Smith","10","Low Diversity"
"Palmer Johnson","6","Low Diversity"
"Pam Aitken","3","Low Diversity"
"Pam Gallegos","19","Low Diversity"
"Pam Hadame","33","Medium Diversity"
"Pam Herrick","5","Low Diversity"
"Pam Mendez","11","Low Diversity"
"Pam Young","29","Medium Diversity"
"Pamala Kotc","4","Low Diversity"
"Pamela Abrams","16","Low Diversity"
"Pamela Bates","26","Medium Diversity"
"Pamela Cabrera","17","Low Diversity"
"Pamela Caldwell","16","Low Diversity"
"Pamela Cameron","17","Low Diversity"
"Pamela Castro","5","Low Diversity"
"Pamela Cox","10","Low Diversity"
"Pamela Fox","5","Low Diversity"
"Pamela Howard","57","High Diversity"
"Pamela Ivner","48","Medium Diversity"
"Pamela Krow","3","Low Diversity"
"Pamela Levine","12","Low Diversity"
"Pamela Little","24","Medium Diversity"
"Pamela Martine","12","Low Diversity"
"Pamela Messmer","43","Medium Diversity"
"Pamela Piercy","46","Medium Diversity"
"Pamela Smith","21","Medium Diversity"
"Pamela Stemple","11","Low Diversity"
"Pamela Summers","8","Low Diversity"
"Pamela Thesing","10","Low Diversity"
"Pamela Trubin","43","Medium Diversity"
"Pamela Visperas","30","Medium Diversity"
"Pamela Wade","2","Low Diversity"
"Pamela Walden","51","High Diversity"
"Pamela Wallin","18","Low Diversity"
"Pamela Williams","10","Low Diversity"
"Pamela Yates","7","Low Diversity"
"Parker Abo","14","Low Diversity"
"Particia Guray","15","Low Diversity"
"Particia Whitehead","31","Medium Diversity"
"Pas Vered","27","Medium Diversity"
"Pasquale Goldstein","16","Low Diversity"
"Pat Azari","14","Low Diversity"
"Pat Bailey","17","Low Diversity"
"Pat Butler","33","Medium Diversity"
"Pat Carey","16","Low Diversity"
"Pat Chambers","2","Low Diversity"
"Pat Chin","5","Low Diversity"
"Pat Del Carlo","48","Medium Diversity"
"Pat Hunt","7","Low Diversity"
"Pat Pinkston","51","High Diversity"
"Pat Thornlow","21","Medium Diversity"
"Patrice Kight","18","Low Diversity"
"Patricia Ahlin","9","Low Diversity"
"Patricia Aldridge","17","Low Diversity"
"Patricia Andie Wanlass","34","Medium Diversity"
"Patricia Ashcraft","14","Low Diversity"
"Patricia Belongea","21","Medium Diversity"
"Patricia Blachman","15","Low Diversity"
"Patricia Blevins","24","Medium Diversity"
"Patricia Bowie","9","Low Diversity"
"Patricia Briles","9","Low Diversity"
"Patricia Buchanan","18","Low Diversity"
"Patricia Burmeister","82","High Diversity"
"Patricia Bustamante","7","Low Diversity"
"Patricia Caldwell","12","Low Diversity"
"Patricia Campbell","29","Medium Diversity"
"Patricia Christensen","27","Medium Diversity"
"Patricia Cobbs","7","Low Diversity"
"Patricia Desai","40","Medium Diversity"
"Patricia Drennen","19","Low Diversity"
"Patricia Ewegan","11","Low Diversity"
"Patricia Gervasi","59","High Diversity"
"Patricia Gilliom","38","Medium Diversity"
"Patricia Goldberg","22","Medium Diversity"
"Patricia Gomez","36","Medium Diversity"
"Patricia Gulledge","21","Medium Diversity"
"Patricia Hasslen","13","Low Diversity"
"Patricia Joslin","11","Low Diversity"
"Patricia Ketterman","22","Medium Diversity"
"Patricia Littleton","4","Low Diversity"
"Patricia Marshall","18","Low Diversity"
"Patricia Martin","48","Medium Diversity"
"Patricia McCullough","24","Medium Diversity"
"Patricia McGuire","13","Low Diversity"
"Patricia Mrozowski","14","Low Diversity"
"Patricia Ogelb","43","Medium Diversity"
"Patricia Payne","31","Medium Diversity"
"Patricia Rhyans","29","Medium Diversity"
"Patricia Roche","4","Low Diversity"
"Patricia Rose","48","Medium Diversity"
"Patricia Schwaab","5","Low Diversity"
"Patricia Spirek","12","Low Diversity"
"Patricia Stallings","4","Low Diversity"
"Patricia Stoddard","19","Low Diversity"
"Patricia Tonti","13","Low Diversity"
"Patricia Towns","72","High Diversity"
"Patricia Turner","24","Medium Diversity"
"Patricia Vasquez","20","Medium Diversity"
"Patricia Vedar","18","Low Diversity"
"Patricia Vrins","53","High Diversity"
"Patricia Weinzimmer","8","Low Diversity"
"Patricia Zubaty","15","Low Diversity"
"Patrick Abbott","32","Medium Diversity"
"Patrick Arroyo","34","Medium Diversity"
"Patrick Brown","9","Low Diversity"
"Patrick Burris","7","Low Diversity"
"Patrick Carino","47","Medium Diversity"
"Patrick Coccimiglio","27","Medium Diversity"
"Patrick Espinoza","2","Low Diversity"
"Patrick Gabbard","22","Medium Diversity"
"Patrick Guerero","6","Low Diversity"
"Patrick Gunnison","35","Medium Diversity"
"Patrick Hallahan","2","Low Diversity"
"Patrick Hambright","15","Low Diversity"
"Patrick Holmberg","3","Low Diversity"
"Patrick Magenheimer","8","Low Diversity"
"Patrick Novelli","27","Medium Diversity"
"Patrick Price","6","Low Diversity"
"Patrick Tackett","51","High Diversity"
"Patrick Taylor","13","Low Diversity"
"Patrick Teater","63","High Diversity"
"Patrick Thomas","39","Medium Diversity"
"Patrick White","15","Low Diversity"
"Patsi Woodman","7","Low Diversity"
"Patsy Hogg","24","Medium Diversity"
"Patsy Misiaszek","16","Low Diversity"
"Patt Tiutin","24","Medium Diversity"
"Patta Swishoff","15","Low Diversity"
"Patti Ives","12","Low Diversity"
"Patti Nelly","19","Low Diversity"
"Pattie Brinton","19","Low Diversity"
"Pattie Brumfield","30","Medium Diversity"
"Patty Thompson","2","Low Diversity"
"Paul Adams","21","Medium Diversity"
"Paul Alcorn","6","Low Diversity"
"Paul Barry","6","Low Diversity"
"Paul Beatty","3","Low Diversity"
"Paul Bonicelli","8","Low Diversity"
"Paul Burmeister","5","Low Diversity"
"Paul Clark","9","Low Diversity"
"Paul Elliott","12","Low Diversity"
"Paul Fitzmorris","26","Medium Diversity"
"Paul Gardner","22","Medium Diversity"
"Paul Gibeaut","30","Medium Diversity"
"Paul Hill","36","Medium Diversity"
"Paul Lafoe","6","Low Diversity"
"Paul Lamothe","17","Low Diversity"
"Paul Leon","6","Low Diversity"
"Paul Luke","5","Low Diversity"
"Paul Marinelli","4","Low Diversity"
"Paul Medina","36","Medium Diversity"
"Paul Miller","17","Low Diversity"
"Paul Mills","17","Low Diversity"
"Paul Newkirk","16","Low Diversity"
"Paul Perez","52","High Diversity"
"Paul Provencio","17","Low Diversity"
"Paul Purcell","12","Low Diversity"
"Paul Rincon","10","Low Diversity"
"Paul Robbins","50","High Diversity"
"Paul Shane","12","Low Diversity"
"Paul Spence","33","Medium Diversity"
"Paul Spivey","23","Medium Diversity"
"Paul Stimson","9","Low Diversity"
"Paul Stolberg","20","Medium Diversity"
"Paul Takeda","18","Low Diversity"
"Paul Tato","33","Medium Diversity"
"Paul Tays","2","Low Diversity"
"Paul Thomson","32","Medium Diversity"
"Paul Turner","7","Low Diversity"
"Paul Watson","4","Low Diversity"
"Paul Wolfe","28","Medium Diversity"
"Paul Wolfson","7","Low Diversity"
"Paul Workman","8","Low Diversity"
"Paula Abels","33","Medium Diversity"
"Paula Bodnar","56","High Diversity"
"Paula Duran","18","Low Diversity"
"Paula Edwards","25","Medium Diversity"
"Paula Hayden","19","Low Diversity"
"Paula Lapierre","53","High Diversity"
"Paula Moberly","7","Low Diversity"
"Paula Munoz","21","Medium Diversity"
"Paula Nickell","6","Low Diversity"
"Paula Oliveto","12","Low Diversity"
"Paula Parsons","8","Low Diversity"
"Paula Pendleton","13","Low Diversity"
"Paula Pickford","31","Medium Diversity"
"Paula Purcell","10","Low Diversity"
"Paula Salazar","3","Low Diversity"
"Paula Stevens","34","Medium Diversity"
"Paula Taylor","7","Low Diversity"
"Paula Tomlinson","24","Medium Diversity"
"Paulette Berdan","65","High Diversity"
"Pauline Ballard","68","High Diversity"
"Pauline Cesena","5","Low Diversity"
"Pauline Doerr","14","Low Diversity"
"Pauline Dore","11","Low Diversity"
"Pauline Edinger","35","Medium Diversity"
"Pauline Gramm","3","Low Diversity"
"Pauline Kubitschek","35","Medium Diversity"
"Pauline McAnarney","22","Medium Diversity"
"Pax Marsan","5","Low Diversity"
"Payton Benson","21","Medium Diversity"
"Pearl Beitler","46","Medium Diversity"
"Pearl Erwin","10","Low Diversity"
"Pearl Rosales","5","Low Diversity"
"Pearl Stephens","19","Low Diversity"
"Pearl Strongman","27","Medium Diversity"
"Pearle Roberts","36","Medium Diversity"
"Pearlie Rusek","5","Low Diversity"
"Pedro Castillo","20","Medium Diversity"
"Peffy Byron","55","High Diversity"
"Peggy Adams","20","Medium Diversity"
"Peggy Aubrecht","7","Low Diversity"
"Peggy Baker","17","Low Diversity"
"Peggy Bermea","13","Low Diversity"
"Peggy Denton","34","Medium Diversity"
"Peggy Justice","6","Low Diversity"
"Peggy Keller","7","Low Diversity"
"Peggy Lutz","5","Low Diversity"
"Peggy Obermiller","20","Medium Diversity"
"Peggy Petty","11","Low Diversity"
"Peggy Thompson","17","Low Diversity"
"Peggy Tresso","26","Medium Diversity"
"Peggy Utne","56","High Diversity"
"Peggy Wyles","44","Medium Diversity"
"Pembra Kramp","18","Low Diversity"
"Penny Hatton","14","Low Diversity"
"Penny Ross","7","Low Diversity"
"Penny Snyder","21","Medium Diversity"
"Percy Dissette","43","Medium Diversity"
"Perfecto Wright","6","Low Diversity"
"Perinda Knippenberg","7","Low Diversity"
"Perpetua Goins","53","High Diversity"
"Perry Marshall","70","High Diversity"
"Pete Baker","11","Low Diversity"
"Pete Conley","21","Medium Diversity"
"Pete Fisher","8","Low Diversity"
"Pete Roberts","8","Low Diversity"
"Pete Stockton","43","Medium Diversity"
"Peter Adkinson","22","Medium Diversity"
"Peter Ananos","22","Medium Diversity"
"Peter Billingsley","19","Low Diversity"
"Peter Brown","51","High Diversity"
"Peter Burr","27","Medium Diversity"
"Peter Ciccone","21","Medium Diversity"
"Peter Colombo","16","Low Diversity"
"Peter Contreras","49","Medium Diversity"
"Peter Fournier","7","Low Diversity"
"Peter Fryer","40","Medium Diversity"
"Peter Hatton","8","Low Diversity"
"Peter Holland","15","Low Diversity"
"Peter Johnson","26","Medium Diversity"
"Peter Jones","2","Low Diversity"
"Peter Makinano","34","Medium Diversity"
"Peter Owen","4","Low Diversity"
"Peter Rognmoe","7","Low Diversity"
"Peter Sargent","20","Medium Diversity"
"Peter Stephenson","8","Low Diversity"
"Peter Swaim","71","High Diversity"
"Peter Tsubota","20","Medium Diversity"
"Peter Von Breymann","66","High Diversity"
"Petrina Steeley","23","Medium Diversity"
"Phil Buerger","8","Low Diversity"
"Phil Burns","7","Low Diversity"
"Phil Haynes","22","Medium Diversity"
"Phil Jeffery","22","Medium Diversity"
"Phil Munoz","18","Low Diversity"
"Phil Stanley","6","Low Diversity"
"Philas Jones","13","Low Diversity"
"Philip Adams","18","Low Diversity"
"Philip Ambrosino","33","Medium Diversity"
"Philip Castro","5","Low Diversity"
"Philip Hawley","9","Low Diversity"
"Philip McIntyre","12","Low Diversity"
"Philip Sanders","15","Low Diversity"
"Philip Shoemake","21","Medium Diversity"
"Philip Stimac","27","Medium Diversity"
"Philip White","11","Low Diversity"
"Philippa Smith","19","Low Diversity"
"Phillip Ard","20","Medium Diversity"
"Phillip Bacalzo","14","Low Diversity"
"Phillip Bouvier","37","Medium Diversity"
"Phillip Bybee","4","Low Diversity"
"Phillip Cochran","14","Low Diversity"
"Phillip Crawford","22","Medium Diversity"
"Phillip Dewell","37","Medium Diversity"
"Phillip Stanifer","8","Low Diversity"
"Phillip Travis","17","Low Diversity"
"Phillip Verhaeghe","58","High Diversity"
"Philomina Blackman","2","Low Diversity"
"Phyillis Carolin","16","Low Diversity"
"Phyllis Allen","21","Medium Diversity"
"Phyllis Ardell","13","Low Diversity"
"Phyllis Bagley","18","Low Diversity"
"Phyllis Burchett","7","Low Diversity"
"Phyllis Carter","11","Low Diversity"
"Phyllis Clark","15","Low Diversity"
"Phyllis Enlow","18","Low Diversity"
"Phyllis Golberg","17","Low Diversity"
"Phyllis Gonzales","58","High Diversity"
"Phyllis Hanlon","18","Low Diversity"
"Phyllis Huntsman","16","Low Diversity"
"Phyllis Keenan","9","Low Diversity"
"Phyllis Martinez","13","Low Diversity"
"Phyllis Miller","14","Low Diversity"
"Phyllis Morrone","8","Low Diversity"
"Phyllis Quintana","7","Low Diversity"
"Phyllis Sage","36","Medium Diversity"
"Phyllis Thomas","23","Medium Diversity"
"Phyllis Tuffield","22","Medium Diversity"
"Phyllis Wellner","14","Low Diversity"
"Phyllis White","26","Medium Diversity"
"Pierce Villa","3","Low Diversity"
"Pieter Bayat","7","Low Diversity"
"Pilar Oliphant","3","Low Diversity"
"Pilar Pontius","19","Low Diversity"
"Pilar Portus","10","Low Diversity"
"Polly Lira","17","Low Diversity"
"Poppie Desandre","11","Low Diversity"
"Portia Velasquez","11","Low Diversity"
"Preston Warrick","13","Low Diversity"
"Priscilla Bowie","8","Low Diversity"
"Priscilla Dewell","3","Low Diversity"
"Priscilla Richeson","33","Medium Diversity"
"Prudence Chavez","16","Low Diversity"
"Py Bateman","12","Low Diversity"
"R. Dorsch","3","Low Diversity"
"R. Gotfred","17","Low Diversity"
"R. Kay Vilgil","7","Low Diversity"
"R. Morgan Mendoza","3","Low Diversity"
"Rachael Wright","8","Low Diversity"
"Rachel Bardwell","16","Low Diversity"
"Rachel Bishop","23","Medium Diversity"
"Rachel Hofsetz","8","Low Diversity"
"Rachel Hope","17","Low Diversity"
"Rachel Keeter","25","Medium Diversity"
"Rachel Minarick","38","Medium Diversity"
"Rachel Stanley","41","Medium Diversity"
"Rachel Staton","10","Low Diversity"
"Rachel Tatom","7","Low Diversity"
"Rachel Zimmerman","3","Low Diversity"
"Rae Penfold","45","Medium Diversity"
"Rae Yarrington","24","Medium Diversity"
"Raeann Sugiyama","31","Medium Diversity"
"Rafael Jones","48","Medium Diversity"
"Rafael Kovalic","48","Medium Diversity"
"Rafael Wright","19","Low Diversity"
"Ragan Brammier","15","Low Diversity"
"Raj Tolson","43","Medium Diversity"
"Raja Allio","5","Low Diversity"
"Rajiv Varnet","55","High Diversity"
"Raliegh Hild","10","Low Diversity"
"Ralph Ames","13","Low Diversity"
"Ralph Borrillo","6","Low Diversity"
"Ralph Bunczewski","18","Low Diversity"
"Ralph Butler","3","Low Diversity"
"Ralph Campbell","59","High Diversity"
"Ralph Chilton","20","Medium Diversity"
"Ralph Greeley","5","Low Diversity"
"Ralph Jones","5","Low Diversity"
"Ralph Mccoy","43","Medium Diversity"
"Ralph Moore","4","Low Diversity"
"Ralph Peirano","13","Low Diversity"
"Ralph Tallman","8","Low Diversity"
"Ralph Valle","18","Low Diversity"
"Rama Hager","32","Medium Diversity"
"Rami Vasquez","17","Low Diversity"
"Ramiro Leck","24","Medium Diversity"
"Ramon Bullis","18","Low Diversity"
"Ramon Butcher","15","Low Diversity"
"Ramon Price","16","Low Diversity"
"Ramon Strain","8","Low Diversity"
"Ramona Antrim","29","Medium Diversity"
"Ramona French","8","Low Diversity"
"Ramona Galvin","8","Low Diversity"
"Ramona Lopez","12","Low Diversity"
"Ramona Zvibleman","61","High Diversity"
"Rana Tusting","3","Low Diversity"
"Randall Conyers","17","Low Diversity"
"Randall Powell","17","Low Diversity"
"Randall Stephens","2","Low Diversity"
"Randall Van Fleet","15","Low Diversity"
"Randee Simmons","65","High Diversity"
"Randel Newsome","7","Low Diversity"
"Randi Krohn","21","Medium Diversity"
"Randy Blankenship","7","Low Diversity"
"Randy Carrigan","14","Low Diversity"
"Randy Chi Yun","15","Low Diversity"
"Randy Puchalla","9","Low Diversity"
"Randy Qualieri","16","Low Diversity"
"Randy Sears","3","Low Diversity"
"Randy Suitos","17","Low Diversity"
"Raul Lewis","11","Low Diversity"
"Raul Reed","17","Low Diversity"
"Raven Moore","9","Low Diversity"
"Ray Bunch","9","Low Diversity"
"Ray Butterfield","13","Low Diversity"
"Ray Carter","16","Low Diversity"
"Ray Crump","8","Low Diversity"
"Ray Gilliom","32","Medium Diversity"
"Ray Hull","2","Low Diversity"
"Ray Marks","45","Medium Diversity"
"Ray Peters","6","Low Diversity"
"Ray Spencer","19","Low Diversity"
"Ray Townsend","12","Low Diversity"
"Rayetta Almond","11","Low Diversity"
"Raymond Anderson","23","Medium Diversity"
"Raymond Bolender","7","Low Diversity"
"Raymond Burns","44","Medium Diversity"
"Raymond Claverie","3","Low Diversity"
"Raymond Ford","21","Medium Diversity"
"Raymond Hoskins","8","Low Diversity"
"Raymond Lippman","22","Medium Diversity"
"Raymond Morris","4","Low Diversity"
"Raymond Onsby","60","High Diversity"
"Raymond Rodriguez","25","Medium Diversity"
"Raymond Sanchez","23","Medium Diversity"
"Raymond Sloper","14","Low Diversity"
"Raymond Sparks","18","Low Diversity"
"Raymond Tancredy","15","Low Diversity"
"Raymond Van Dyke","6","Low Diversity"
"Raymond Wilson","33","Medium Diversity"
"Raymond Zenker","16","Low Diversity"
"Raymonde Bradford","9","Low Diversity"
"Reba Breer","47","Medium Diversity"
"Reba Marcum","42","Medium Diversity"
"Rebbecca Smith","17","Low Diversity"
"Rebecca Alvarez","11","Low Diversity"
"Rebecca Barley","26","Medium Diversity"
"Rebecca Bozeman","36","Medium Diversity"
"Rebecca Church","2","Low Diversity"
"Rebecca Ferguson","20","Medium Diversity"
"Rebecca Lindsey","30","Medium Diversity"
"Rebecca Meyer","7","Low Diversity"
"Rebecca Robinson","14","Low Diversity"
"Rebecca Stone","16","Low Diversity"
"Rebecca Taylor","9","Low Diversity"
"Rebecca Ujdur","20","Medium Diversity"
"Rebecca Williams","2","Low Diversity"
"Rebecca Wolters","22","Medium Diversity"
"Rebekah Kerr","19","Low Diversity"
"Rebekkah Beck","22","Medium Diversity"
"Regina Albritton","15","Low Diversity"
"Regina Renner","19","Low Diversity"
"Regina Simon","26","Medium Diversity"
"Regina Sorensen","2","Low Diversity"
"Reginald Lyons","18","Low Diversity"
"Reiko Vasquez","29","Medium Diversity"
"Reina Geyer","12","Low Diversity"
"Reinhold Whitmer","20","Medium Diversity"
"Rena Klinger","8","Low Diversity"
"Rena Lubar","35","Medium Diversity"
"Rena Shaw","21","Medium Diversity"
"Rene Hernandez","59","High Diversity"
"Rene Walters","40","Medium Diversity"
"Rene Wolf","32","Medium Diversity"
"Renee Allen","15","Low Diversity"
"Renee Beret","22","Medium Diversity"
"Renee Botbol","64","High Diversity"
"Renee Castro","2","Low Diversity"
"Renee Fitts","14","Low Diversity"
"Renee Grentus","37","Medium Diversity"
"Renee Horton","10","Low Diversity"
"Renee Payne","16","Low Diversity"
"Renee Trujillo","9","Low Diversity"
"Reta Mikalas","12","Low Diversity"
"Rethel Lange","5","Low Diversity"
"Reva Cornell","20","Medium Diversity"
"Rex Meston","22","Medium Diversity"
"Reynaldo Hollas","10","Low Diversity"
"Rhoda Blackstock","15","Low Diversity"
"Rhoda Finley","11","Low Diversity"
"Rhoda Rustay","48","Medium Diversity"
"Rhonda Chambers","15","Low Diversity"
"Rhonda Graham","8","Low Diversity"
"Rhonda Mehlert","19","Low Diversity"
"Rhonda Moen","9","Low Diversity"
"Ricardo Dittemore","27","Medium Diversity"
"Ricardo Spencer","48","Medium Diversity"
"Ricardo White","32","Medium Diversity"
"Rich Carter","16","Low Diversity"
"Rich Wilson","3","Low Diversity"
"Richard (Chris) Wolski","20","Medium Diversity"
"Richard Aparisio","15","Low Diversity"
"Richard Archibold","9","Low Diversity"
"Richard Arden","13","Low Diversity"
"Richard Aubrecht","22","Medium Diversity"
"Richard Audia","11","Low Diversity"
"Richard Belding","12","Low Diversity"
"Richard Bentley","6","Low Diversity"
"Richard Blalock","5","Low Diversity"
"Richard Bonicelli","32","Medium Diversity"
"Richard Boudreaux","13","Low Diversity"
"Richard Brotherton","4","Low Diversity"
"Richard Brumfield","7","Low Diversity"
"Richard Brunton","8","Low Diversity"
"Richard Burke","36","Medium Diversity"
"Richard Butler","30","Medium Diversity"
"Richard Callahan","62","High Diversity"
"Richard Cantos","10","Low Diversity"
"Richard Carter","9","Low Diversity"
"Richard Caywood","5","Low Diversity"
"Richard Chatwin","18","Low Diversity"
"Richard Cobb","2","Low Diversity"
"Richard Cummings","54","High Diversity"
"Richard Dean","6","Low Diversity"
"Richard Deroos","10","Low Diversity"
"Richard Duncan","20","Medium Diversity"
"Richard Emerson","4","Low Diversity"
"Richard Espinosa","17","Low Diversity"
"Richard Fox","10","Low Diversity"
"Richard Gandette","10","Low Diversity"
"Richard Gann","34","Medium Diversity"
"Richard Ghee","27","Medium Diversity"
"Richard Gray","11","Low Diversity"
"Richard Hanna","15","Low Diversity"
"Richard Henderson","15","Low Diversity"
"Richard Hishmeh","13","Low Diversity"
"Richard Irwin","46","Medium Diversity"
"Richard Johnson","21","Medium Diversity"
"Richard Kraft","19","Low Diversity"
"Richard Lamoureux","14","Low Diversity"
"Richard Luth","20","Medium Diversity"
"Richard Martinez","26","Medium Diversity"
"Richard Miller","3","Low Diversity"
"Richard Morrison","14","Low Diversity"
"Richard Owens","24","Medium Diversity"
"Richard Parsley","30","Medium Diversity"
"Richard Price","14","Low Diversity"
"Richard Raftery","4","Low Diversity"
"Richard Ribal","21","Medium Diversity"
"Richard Rice","13","Low Diversity"
"Richard Rollings","11","Low Diversity"
"Richard Sawyer","15","Low Diversity"
"Richard Sheeder","4","Low Diversity"
"Richard Shekell","11","Low Diversity"
"Richard Siemer","36","Medium Diversity"
"Richard Sierra","31","Medium Diversity"
"Richard Skuce","14","Low Diversity"
"Richard Smith","30","Medium Diversity"
"Richard Sosine","14","Low Diversity"
"Richard Sousa","18","Low Diversity"
"Richard Sowers","19","Low Diversity"
"Richard Spencer","4","Low Diversity"
"Richard Stafford","25","Medium Diversity"
"Richard Stenstedt","7","Low Diversity"
"Richard Strescino","21","Medium Diversity"
"Richard Swesey","7","Low Diversity"
"Richard Tanner","14","Low Diversity"
"Richard Tibbs","38","Medium Diversity"
"Richard Titus","13","Low Diversity"
"Richard Vansdal","53","High Diversity"
"Richard Vaughn","7","Low Diversity"
"Richard Walker","3","Low Diversity"
"Richard Waters","9","Low Diversity"
"Richard Watson","12","Low Diversity"
"Richard Wauldon","2","Low Diversity"
"Richard Wegman","14","Low Diversity"
"Richard Wellington","18","Low Diversity"
"Richard Westfall","20","Medium Diversity"
"Richard Whitley","16","Low Diversity"
"Richard Williams","51","High Diversity"
"Richard Wilson","2","Low Diversity"
"Richard Winter","15","Low Diversity"
"Richard Witmer","24","Medium Diversity"
"Richard Woodruff","21","Medium Diversity"
"Richard York","17","Low Diversity"
"Richard Yoshimura","13","Low Diversity"
"Richard Young","12","Low Diversity"
"Richard Zefeldt","6","Low Diversity"
"Rick Caldwell","18","Low Diversity"
"Rick Carpenter","15","Low Diversity"
"Rick Nmi McMillan","19","Low Diversity"
"Ricki Chadwick","4","Low Diversity"
"Ricky Burnett","21","Medium Diversity"
"Ricky Jischke","22","Medium Diversity"
"Rima Desimone","24","Medium Diversity"
"Rina Pargman","32","Medium Diversity"
"Rita Baltz","42","Medium Diversity"
"Rita Bell","3","Low Diversity"
"Rita Calahoo","12","Low Diversity"
"Rita Cortese","66","High Diversity"
"Rita Davis","3","Low Diversity"
"Rita Jones","12","Low Diversity"
"Rita Love","59","High Diversity"
"Rita Miller","9","Low Diversity"
"Rita Polley","16","Low Diversity"
"Rita Romo","12","Low Diversity"
"Rita Santry","18","Low Diversity"
"Rita Tomek","27","Medium Diversity"
"Rita Vigil","24","Medium Diversity"
"RitaIva Bouton","22","Medium Diversity"
"Ritchie Beebe","10","Low Diversity"
"Ritchie Trimble","35","Medium Diversity"
"Rob Zastrow","26","Medium Diversity"
"Robbie Jordan","12","Low Diversity"
"Robert Adalat","17","Low Diversity"
"Robert Ahlering","32","Medium Diversity"
"Robert Allen","54","High Diversity"
"Robert Almond","11","Low Diversity"
"Robert Antilla","14","Low Diversity"
"Robert Bagby","11","Low Diversity"
"Robert Bailey","7","Low Diversity"
"Robert Bains","46","Medium Diversity"
"Robert Baker","7","Low Diversity"
"Robert Ball","7","Low Diversity"
"Robert Barrera","51","High Diversity"
"Robert Bartley","45","Medium Diversity"
"Robert Begley","11","Low Diversity"
"Robert Bell","58","High Diversity"
"Robert Benando","16","Low Diversity"
"Robert Bennett","27","Medium Diversity"
"Robert Bernacchi","39","Medium Diversity"
"Robert Berneman","33","Medium Diversity"
"Robert Bertolino","11","Low Diversity"
"Robert Binkley","21","Medium Diversity"
"Robert Blair","10","Low Diversity"
"Robert Boettcher","23","Medium Diversity"
"Robert Bongirno","43","Medium Diversity"
"Robert Borges","22","Medium Diversity"
"Robert Boriskin","16","Low Diversity"
"Robert Bowers","9","Low Diversity"
"Robert Brennan","18","Low Diversity"
"Robert Brink","14","Low Diversity"
"Robert Brown","12","Low Diversity"
"Robert Bublitz","28","Medium Diversity"
"Robert Buch","18","Low Diversity"
"Robert Burns","18","Low Diversity"
"Robert Buscaglia","23","Medium Diversity"
"Robert Campbell","4","Low Diversity"
"Robert Catlin","25","Medium Diversity"
"Robert Chau","8","Low Diversity"
"Robert Chew","28","Medium Diversity"
"Robert Christensen","38","Medium Diversity"
"Robert Cirrone","33","Medium Diversity"
"Robert Clark","24","Medium Diversity"
"Robert Clements","11","Low Diversity"
"Robert Cochran","2","Low Diversity"
"Robert Conrad","8","Low Diversity"
"Robert Conway","20","Medium Diversity"
"Robert Cooper","35","Medium Diversity"
"Robert Cordova","6","Low Diversity"
"Robert Dale","7","Low Diversity"
"Robert Damstra","15","Low Diversity"
"Robert Difatta","19","Low Diversity"
"Robert Dutton","3","Low Diversity"
"Robert Ellis","12","Low Diversity"
"Robert Emerson","12","Low Diversity"
"Robert Evans","12","Low Diversity"
"Robert Faricy","32","Medium Diversity"
"Robert Glennemeier","9","Low Diversity"
"Robert Grabow","11","Low Diversity"
"Robert Guardamondo","19","Low Diversity"
"Robert Hall","30","Medium Diversity"
"Robert Harberhern","8","Low Diversity"
"Robert Hatterick","18","Low Diversity"
"Robert Hayden","18","Low Diversity"
"Robert Helberg","59","High Diversity"
"Robert Hicken","28","Medium Diversity"
"Robert Hietbrink","31","Medium Diversity"
"Robert Hintz","6","Low Diversity"
"Robert Hulett","12","Low Diversity"
"Robert Irvin","19","Low Diversity"
"Robert Isaacs","4","Low Diversity"
"Robert James","18","Low Diversity"
"Robert Jasper","12","Low Diversity"
"Robert Jecman","28","Medium Diversity"
"Robert Johnston","24","Medium Diversity"
"Robert Jones","50","High Diversity"
"Robert Jouett","42","Medium Diversity"
"Robert Kellen","4","Low Diversity"
"Robert Kelly","18","Low Diversity"
"Robert Kindle","13","Low Diversity"
"Robert Kneppe","15","Low Diversity"
"Robert Kochevar","24","Medium Diversity"
"Robert Land","17","Low Diversity"
"Robert Lazo","11","Low Diversity"
"Robert Leach","14","Low Diversity"
"Robert Leon","8","Low Diversity"
"Robert Liggett","5","Low Diversity"
"Robert Lowe","24","Medium Diversity"
"Robert Macha","11","Low Diversity"
"Robert Makeba","11","Low Diversity"
"Robert McGee","17","Low Diversity"
"Robert Miller","5","Low Diversity"
"Robert Nelson","10","Low Diversity"
"Robert Nightingale","6","Low Diversity"
"Robert None","33","Medium Diversity"
"Robert Orpin","14","Low Diversity"
"Robert Parrish","17","Low Diversity"
"Robert Peck","57","High Diversity"
"Robert Pool","28","Medium Diversity"
"Robert Price","16","Low Diversity"
"Robert Purcell","9","Low Diversity"
"Robert Raney","15","Low Diversity"
"Robert Rasonina","8","Low Diversity"
"Robert Rich","9","Low Diversity"
"Robert Ross","18","Low Diversity"
"Robert Rovenza","12","Low Diversity"
"Robert Rusciano","5","Low Diversity"
"Robert Ryland","6","Low Diversity"
"Robert Sanchez","6","Low Diversity"
"Robert Schaffer","16","Low Diversity"
"Robert Schlup","6","Low Diversity"
"Robert Silber","11","Low Diversity"
"Robert Sims","51","High Diversity"
"Robert Singer","67","High Diversity"
"Robert Smith","7","Low Diversity"
"Robert Soerensen","8","Low Diversity"
"Robert Stafford","14","Low Diversity"
"Robert Stephenson","11","Low Diversity"
"Robert Stovall","7","Low Diversity"
"Robert Stuart","42","Medium Diversity"
"Robert Swagerty","31","Medium Diversity"
"Robert Tatarowicz","11","Low Diversity"
"Robert Tavis","11","Low Diversity"
"Robert Thomason","48","Medium Diversity"
"Robert Toomey","7","Low Diversity"
"Robert Trinos","7","Low Diversity"
"Robert Underwood","6","Low Diversity"
"Robert Valdez","15","Low Diversity"
"Robert Van Treeck","17","Low Diversity"
"Robert Vasilauskas","12","Low Diversity"
"Robert Vaughn","70","High Diversity"
"Robert Vessa","28","Medium Diversity"
"Robert Visperas","7","Low Diversity"
"Robert Waits","17","Low Diversity"
"Robert Walker","5","Low Diversity"
"Robert Ward","27","Medium Diversity"
"Robert Weiss","10","Low Diversity"
"Robert Wells","19","Low Diversity"
"Robert Wilkinson","14","Low Diversity"
"Robert Williams","9","Low Diversity"
"Robert Wilson","4","Low Diversity"
"Robert Wright","17","Low Diversity"
"Robert Wuertele","13","Low Diversity"
"Robert Yengich","22","Medium Diversity"
"Robert Young","54","High Diversity"
"Robert Ystrom","16","Low Diversity"
"Roberta Amidei","23","Medium Diversity"
"Roberta Blackwood","16","Low Diversity"
"Roberta Bozeman","72","High Diversity"
"Roberta Freese","3","Low Diversity"
"Roberta Maurer","2","Low Diversity"
"Roberta Robinson","3","Low Diversity"
"Roberta Sellers","6","Low Diversity"
"Roberta Sturgel","13","Low Diversity"
"Roberto Mc Keon","5","Low Diversity"
"Roberto Smith","3","Low Diversity"
"Roberto Wilcox","13","Low Diversity"
"Roberto Wise","3","Low Diversity"
"Robin Arthur","11","Low Diversity"
"Robin Barnette","9","Low Diversity"
"Robin Dominica","22","Medium Diversity"
"Robin Garcia","25","Medium Diversity"
"Robin Mc Guigan","16","Low Diversity"
"Robin Pals","14","Low Diversity"
"Robin Purcell","39","Medium Diversity"
"Robin Walker","6","Low Diversity"
"Robrt Armistead","21","Medium Diversity"
"Robyn Phillips","12","Low Diversity"
"Rochelle Cunningham","24","Medium Diversity"
"Rochelle Herman","16","Low Diversity"
"Rochelle Smith","4","Low Diversity"
"Rocky Talyat","8","Low Diversity"
"Rod Fennessey","44","Medium Diversity"
"Rod Sizemore","46","Medium Diversity"
"Rodger Hickey","17","Low Diversity"
"Rodley Blotzer","49","Medium Diversity"
"Rodney Antonioni","20","Medium Diversity"
"Rodney Bradford","40","Medium Diversity"
"Rodney Gentry","22","Medium Diversity"
"Rodney Sumdstrom","9","Low Diversity"
"Rodney Whittington","23","Medium Diversity"
"Roger Baker","2","Low Diversity"
"Roger Brantome","8","Low Diversity"
"Roger Brush","11","Low Diversity"
"Roger Middleton","21","Medium Diversity"
"Roger Mogenhan","6","Low Diversity"
"Roger Nelson","39","Medium Diversity"
"Roger Pacot","41","Medium Diversity"
"Roger Shonberg","21","Medium Diversity"
"Roger Smith","26","Medium Diversity"
"Roger Starr","57","High Diversity"
"Roger Tallant","15","Low Diversity"
"Roger Tinder","10","Low Diversity"
"Roger Ulrichsen","40","Medium Diversity"
"Roger Wilson","2","Low Diversity"
"Roland Adrian","37","Medium Diversity"
"Roland Aguilar","16","Low Diversity"
"Roland Bassette","20","Medium Diversity"
"Roland Boone","15","Low Diversity"
"Roland Flores","36","Medium Diversity"
"Roland Garcia","21","Medium Diversity"
"Roland Zumsteg","47","Medium Diversity"
"Roman Saller","5","Low Diversity"
"Romeo Clark","39","Medium Diversity"
"Romeo Kasten","22","Medium Diversity"
"Ron Anderson","21","Medium Diversity"
"Ron Bagley","6","Low Diversity"
"Ron Carbone","13","Low Diversity"
"Ron Case","23","Medium Diversity"
"Ron Clark","25","Medium Diversity"
"Ron Cleary","51","High Diversity"
"Ron Kristel","15","Low Diversity"
"Ron Montgomery","12","Low Diversity"
"Ron Rasmussen","28","Medium Diversity"
"Ron Shoob","19","Low Diversity"
"Ron Stout","30","Medium Diversity"
"Ron Templeton","18","Low Diversity"
"Ronald Adina","13","Low Diversity"
"Ronald Alpuerto","8","Low Diversity"
"Ronald Anthony","21","Medium Diversity"
"Ronald Arnold","29","Medium Diversity"
"Ronald Chapman","20","Medium Diversity"
"Ronald Evans","61","High Diversity"
"Ronald Galich","25","Medium Diversity"
"Ronald Henninger","4","Low Diversity"
"Ronald Hewton, Sr.","2","Low Diversity"
"Ronald Heymsfield","5","Low Diversity"
"Ronald Kleinfelder","21","Medium Diversity"
"Ronald Pheil","33","Medium Diversity"
"Ronald Taylor","35","Medium Diversity"
"Ronald Telleria","5","Low Diversity"
"Ronald Tkachenko","53","High Diversity"
"Ronald Trexler","52","High Diversity"
"Ronald Tucker","4","Low Diversity"
"Ronald Velez","6","Low Diversity"
"Ronald Ward","5","Low Diversity"
"Ronald Whitworth","34","Medium Diversity"
"Ronda Carlsen","30","Medium Diversity"
"Ronnie Isom","43","Medium Diversity"
"Ronny Panepinto","28","Medium Diversity"
"Rory Wren","37","Medium Diversity"
"Rosa Keller","14","Low Diversity"
"Rosa Meastas","6","Low Diversity"
"Rosalia Jamieson","27","Medium Diversity"
"Rosalie Anderson","34","Medium Diversity"
"Rosalie Craig","13","Low Diversity"
"Rosalie Verity","35","Medium Diversity"
"Rosalina Noice","10","Low Diversity"
"Rosalinda Miller","2","Low Diversity"
"Rosario Cartwright","10","Low Diversity"
"Rose-marie Kinney","5","Low Diversity"
"Rose Barrera","10","Low Diversity"
"Rose Beavers","31","Medium Diversity"
"Rose Browning","21","Medium Diversity"
"Rose Cetin","6","Low Diversity"
"Rose Condrey","41","Medium Diversity"
"Rose Dardanis","30","Medium Diversity"
"Rose Germanson","51","High Diversity"
"Rose Harshell","15","Low Diversity"
"Rose Melchior","11","Low Diversity"
"Rose Perez","21","Medium Diversity"
"Rose Proctor","14","Low Diversity"
"Rose Schaaf","6","Low Diversity"
"Rose Scott","18","Low Diversity"
"Rose Strauss","6","Low Diversity"
"Rose Vandenouer","3","Low Diversity"
"Rosealee Gore","5","Low Diversity"
"Roseanne Bliss","12","Low Diversity"
"Roseli Arko","4","Low Diversity"
"Roselie Terry","13","Low Diversity"
"Rosella Valdez","17","Low Diversity"
"Rosemarie Ulibarri","5","Low Diversity"
"Rosemarie Wang","8","Low Diversity"
"Rosemary Alstorn","17","Low Diversity"
"Rosemary Brickley","13","Low Diversity"
"Rosemary Dickson","33","Medium Diversity"
"Rosemary Salo","20","Medium Diversity"
"Rosemary Stephens","40","Medium Diversity"
"Rosemary Sutter","17","Low Diversity"
"Rosenda Borton","17","Low Diversity"
"Roshini Hoffman","24","Medium Diversity"
"Rosita Trujillo","4","Low Diversity"
"Roslyn Jasper","48","Medium Diversity"
"Rosmarie Carroll","38","Medium Diversity"
"Rosmarie Pacheco","18","Low Diversity"
"Ross Matthews","5","Low Diversity"
"Ross Smith","4","Low Diversity"
"Rossane Thoreson","4","Low Diversity"
"Roswitha Vink","24","Medium Diversity"
"Rowan Sayers","7","Low Diversity"
"Roxanne Brydum","17","Low Diversity"
"Roxanne Hughes","23","Medium Diversity"
"Roxanne Longo","37","Medium Diversity"
"Roxanne Ward","6","Low Diversity"
"Roy Baer","8","Low Diversity"
"Roy Colombana","26","Medium Diversity"
"Roy Conser","20","Medium Diversity"
"Roy Ronge","8","Low Diversity"
"Roy Settle","22","Medium Diversity"
"Roy Townsend","10","Low Diversity"
"Roy Wolf","44","Medium Diversity"
"Royanne Newby","15","Low Diversity"
"Ruben Burns","34","Medium Diversity"
"Ruben Espinosa","25","Medium Diversity"
"Rubi Torres","12","Low Diversity"
"Rubie Leona Bowers","13","Low Diversity"
"Ruby Bruneau","11","Low Diversity"
"Ruby Kaye Dulude","36","Medium Diversity"
"Ruby Perkins","13","Low Diversity"
"Ruby Romberg","8","Low Diversity"
"Ruby Stevens","27","Medium Diversity"
"Ruby Sue Styles","22","Medium Diversity"
"Ruby Tomlinson","13","Low Diversity"
"Ruby Tompkins","15","Low Diversity"
"Ruby Tran","26","Medium Diversity"
"Ruby Vaughn","11","Low Diversity"
"Ruby Velasquez","61","High Diversity"
"Ruby Williams","2","Low Diversity"
"Rudolf Wheeler","4","Low Diversity"
"Rudolph Alebord","6","Low Diversity"
"Rudolph Bueno","11","Low Diversity"
"Rudy Teranen","39","Medium Diversity"
"Rudy Vered","19","Low Diversity"
"Rudy Wiene","8","Low Diversity"
"Rufus Preffer","11","Low Diversity"
"Rupert Johnson","5","Low Diversity"
"Rush Shaha","6","Low Diversity"
"Russ Grande","14","Low Diversity"
"Russel Massey","6","Low Diversity"
"Russell Aldred","25","Medium Diversity"
"Russell Brice","7","Low Diversity"
"Russell Perrin","14","Low Diversity"
"Russell Randall","4","Low Diversity"
"Russell Reed","18","Low Diversity"
"Russell Schuh","5","Low Diversity"
"Russell Temple","31","Medium Diversity"
"Russell Weintraub","32","Medium Diversity"
"Rusty Abbey","10","Low Diversity"
"Ruth Addington","7","Low Diversity"
"Ruth Andrada","11","Low Diversity"
"Ruth Ann Trump","38","Medium Diversity"
"Ruth Baldwin","39","Medium Diversity"
"Ruth Bates","28","Medium Diversity"
"Ruth Bernal","39","Medium Diversity"
"Ruth Bobetsky","7","Low Diversity"
"Ruth Bradley","5","Low Diversity"
"Ruth Brashears","41","Medium Diversity"
"Ruth Broaddus","2","Low Diversity"
"Ruth Brown","9","Low Diversity"
"Ruth Burger","25","Medium Diversity"
"Ruth Choin","18","Low Diversity"
"Ruth Culp","31","Medium Diversity"
"Ruth Dimon","14","Low Diversity"
"Ruth Ewy","36","Medium Diversity"
"Ruth Johnson","19","Low Diversity"
"Ruth Jones","7","Low Diversity"
"Ruth Kauffman","13","Low Diversity"
"Ruth Marti","7","Low Diversity"
"Ruth Meredith","18","Low Diversity"
"Ruth Minniear","27","Medium Diversity"
"Ruth Morrow","4","Low Diversity"
"Ruth Patridge","17","Low Diversity"
"Ruth Sands","13","Low Diversity"
"Ruth Singh","48","Medium Diversity"
"Ruth Sturm","35","Medium Diversity"
"Ruth Suffin","25","Medium Diversity"
"Ruth Swenson","6","Low Diversity"
"Ruth Tate","11","Low Diversity"
"Ruth Tezak","12","Low Diversity"
"Ruth Thornlow","47","Medium Diversity"
"Ruth Trujillo","18","Low Diversity"
"Ruth Vigil","66","High Diversity"
"Ruth Wallach","11","Low Diversity"
"Ruth Warmack","13","Low Diversity"
"Ruth Webb","4","Low Diversity"
"Ruth Werner","6","Low Diversity"
"Ruth Williams","24","Medium Diversity"
"Ruth Wood","9","Low Diversity"
"Ruth Youngers","5","Low Diversity"
"Ruthe Gardner","17","Low Diversity"
"Ryan Borum","18","Low Diversity"
"Ryan Brown","13","Low Diversity"
"Ryan Castillo","57","High Diversity"
"Ryan Crouch","32","Medium Diversity"
"Ryan Jones","10","Low Diversity"
"Ryan Puckett","7","Low Diversity"
"Ryan Sednek","8","Low Diversity"
"Ryan Soto","13","Low Diversity"
"Ryan Sparks","22","Medium Diversity"
"Ryan Ward","6","Low Diversity"
"Ryan Williams","25","Medium Diversity"
"S. Gayle Keller","9","Low Diversity"
"Sabino Britton","10","Low Diversity"
"Sabria Appelbaum","2","Low Diversity"
"Sabrina Bryan","12","Low Diversity"
"Sadie Anderson","15","Low Diversity"
"Sadie Bonilla","14","Low Diversity"
"Sadie Branston","8","Low Diversity"
"Sadie Pope","8","Low Diversity"
"Safron Thurman","36","Medium Diversity"
"Saje Lewis","20","Medium Diversity"
"Salem Paige","14","Low Diversity"
"Sali Belleci","15","Low Diversity"
"Salima Hale","33","Medium Diversity"
"Sally Brunelle","37","Medium Diversity"
"Sally Carpenter","31","Medium Diversity"
"Sally Fishburn","16","Low Diversity"
"Sally Hollinshed","13","Low Diversity"
"Sally Malone","6","Low Diversity"
"Sally Mohlenbrok","16","Low Diversity"
"Sally Riccillo","10","Low Diversity"
"Sally Vasquez","2","Low Diversity"
"Salome Burke","21","Medium Diversity"
"Salvator Casson","8","Low Diversity"
"Sam Adair","8","Low Diversity"
"Sam Anderson","18","Low Diversity"
"Sam Cambra","23","Medium Diversity"
"Sam Castro","19","Low Diversity"
"Sam Forsberg","39","Medium Diversity"
"Sam Hill","33","Medium Diversity"
"Sam Roy","13","Low Diversity"
"Sam Silhanek","19","Low Diversity"
"Sam Sims","33","Medium Diversity"
"Sam Soto","9","Low Diversity"
"Sam Stevens","11","Low Diversity"
"Sam Warren","34","Medium Diversity"
"Sam Wheeler","17","Low Diversity"
"Sam Zeller","15","Low Diversity"
"Samantha Alcon","14","Low Diversity"
"Samantha Quintero","50","High Diversity"
"Samantha Swenson","21","Medium Diversity"
"Samantha Weller","30","Medium Diversity"
"Samantha Whitaker","4","Low Diversity"
"Samantha Woodering","23","Medium Diversity"
"Sammy Fink","17","Low Diversity"
"Samuel Agcaoili","53","High Diversity"
"Samuel Arden","19","Low Diversity"
"Samuel Byers","14","Low Diversity"
"Samuel Cartney","16","Low Diversity"
"Samuel Ferrill","33","Medium Diversity"
"Samuel Johnson","28","Medium Diversity"
"Samuel Nix","2","Low Diversity"
"Samuel Sanchez","24","Medium Diversity"
"Samuel Tatarowicz","25","Medium Diversity"
"Samuel Warren","14","Low Diversity"
"Samuel Zobkiro","15","Low Diversity"
"Sandi Pierce","44","Medium Diversity"
"Sandra Altamirano","16","Low Diversity"
"Sandra Antonio","17","Low Diversity"
"Sandra Bishop","45","Medium Diversity"
"Sandra Bittel","4","Low Diversity"
"Sandra Bowling","22","Medium Diversity"
"Sandra Brunner","26","Medium Diversity"
"Sandra Callaway","25","Medium Diversity"
"Sandra Carstensen","9","Low Diversity"
"Sandra Cartwright","7","Low Diversity"
"Sandra Chin","7","Low Diversity"
"Sandra Christensen","4","Low Diversity"
"Sandra Chumney","2","Low Diversity"
"Sandra Coe","12","Low Diversity"
"Sandra Conway","15","Low Diversity"
"Sandra Cook","3","Low Diversity"
"Sandra Evans","9","Low Diversity"
"Sandra Florczak","19","Low Diversity"
"Sandra Gibson","6","Low Diversity"
"Sandra Hara","20","Medium Diversity"
"Sandra Hicks","44","Medium Diversity"
"Sandra Kahl","67","High Diversity"
"Sandra Kay Rogers","9","Low Diversity"
"Sandra Lopez","12","Low Diversity"
"Sandra Maynard","12","Low Diversity"
"Sandra McKenzie","53","High Diversity"
"Sandra Merrick","44","Medium Diversity"
"Sandra Ploog","12","Low Diversity"
"Sandra Spangenberg","10","Low Diversity"
"Sandra Stephens","22","Medium Diversity"
"Sandra Ulrich","13","Low Diversity"
"Sandra Watkins","14","Low Diversity"
"Sandra Woodward","12","Low Diversity"
"Sandra Young","20","Medium Diversity"
"Sandy Bonnet","7","Low Diversity"
"Sandy Garft","8","Low Diversity"
"Sandy Joseph","26","Medium Diversity"
"Sandy Melton","4","Low Diversity"
"Sandy Otto","4","Low Diversity"
"Sandy Quillen","9","Low Diversity"
"Sandy Wright","6","Low Diversity"
"Sange Saraj","21","Medium Diversity"
"Santosh Moore","21","Medium Diversity"
"Sara Becher","11","Low Diversity"
"Sara Book","28","Medium Diversity"
"Sara Breer","9","Low Diversity"
"Sara Coffman","41","Medium Diversity"
"Sara Griffin","14","Low Diversity"
"Sara Groves","13","Low Diversity"
"Sara Jenson","4","Low Diversity"
"Sarah Akiyama","2","Low Diversity"
"Sarah Almeida","13","Low Diversity"
"Sarah Barron","3","Low Diversity"
"Sarah Bers","3","Low Diversity"
"Sarah Bihl","14","Low Diversity"
"Sarah Burriss","4","Low Diversity"
"Sarah Caudill","16","Low Diversity"
"Sarah Cooper","17","Low Diversity"
"Sarah Docktar","21","Medium Diversity"
"Sarah Estep","9","Low Diversity"
"Sarah Hicks","64","High Diversity"
"Sarah Jimenez","4","Low Diversity"
"Sarah McNamara","16","Low Diversity"
"Sarah Miller","17","Low Diversity"
"Sarah Moore","34","Medium Diversity"
"Sarah Rohrs","8","Low Diversity"
"Sarah Roundtree","54","High Diversity"
"Sarah Sizemore","5","Low Diversity"
"Sarah Smith","72","High Diversity"
"Sarah Sondag","59","High Diversity"
"Sarah Trujillo","14","Low Diversity"
"Sarah Williard","33","Medium Diversity"
"Sarah Wood","16","Low Diversity"
"Sarita Takahashi","37","Medium Diversity"
"Sasha Stulass","30","Medium Diversity"
"Saskia Teh","12","Low Diversity"
"Saundra Betsekas","6","Low Diversity"
"Scot Bent","10","Low Diversity"
"Scott Bach","38","Medium Diversity"
"Scott Baker","9","Low Diversity"
"Scott Bongirno","8","Low Diversity"
"Scott Bouchard","15","Low Diversity"
"Scott Bubb","21","Medium Diversity"
"Scott Clark","24","Medium Diversity"
"Scott Clark Jr","29","Medium Diversity"
"Scott Henrickson","5","Low Diversity"
"Scott Kaffer","41","Medium Diversity"
"Scott Leming","14","Low Diversity"
"Scott Littleford","77","High Diversity"
"Scott McCarthy","30","Medium Diversity"
"Scott Mcney","41","Medium Diversity"
"Scott Motz","17","Low Diversity"
"Scott Pavicich","29","Medium Diversity"
"Scott Raigoza","11","Low Diversity"
"Scott Rizley","26","Medium Diversity"
"Scott Rodgers","51","High Diversity"
"Scott Rodriguez","12","Low Diversity"
"Scott Swanson","16","Low Diversity"
"Scott Vallente","46","Medium Diversity"
"Scott Yandell","8","Low Diversity"
"Sean Connell","18","Low Diversity"
"Sean Hadlock","4","Low Diversity"
"Sean Hays","12","Low Diversity"
"Sean Lentz","27","Medium Diversity"
"Sean Leri","6","Low Diversity"
"Sean Levinson","14","Low Diversity"
"Sean Lunt","16","Low Diversity"
"Sean Mermis","12","Low Diversity"
"Sean Sheldon","32","Medium Diversity"
"Sean Valdez","2","Low Diversity"
"Selena Alvarado","42","Medium Diversity"
"Selena Snyder","11","Low Diversity"
"Selene Watson","14","Low Diversity"
"Selina Conca","21","Medium Diversity"
"Selina Starkey","24","Medium Diversity"
"Selma Steele","40","Medium Diversity"
"Sepideh Cruz","26","Medium Diversity"
"Shae Meuller","10","Low Diversity"
"Shaharia Cosby","7","Low Diversity"
"Shakoala Martinez","20","Medium Diversity"
"Shalatha Dowd","12","Low Diversity"
"Shanay Steelman","5","Low Diversity"
"Shandean Vangelder","50","High Diversity"
"Shandi Brooks","23","Medium Diversity"
"Shane Belli","19","Low Diversity"
"Shane Solari","7","Low Diversity"
"Shane Vacondias","31","Medium Diversity"
"Shane Vigil","17","Low Diversity"
"Shane Zhu","12","Low Diversity"
"Shanieadin Ramsey","33","Medium Diversity"
"Shannon Brooks","15","Low Diversity"
"Shannon Edwards","22","Medium Diversity"
"Shannon Elliott","31","Medium Diversity"
"Shannon Ferguson","21","Medium Diversity"
"Shannon Green","11","Low Diversity"
"Shannon Hurtig","24","Medium Diversity"
"Shannon Malmborg","20","Medium Diversity"
"Shannon Sullivan","45","Medium Diversity"
"Shannon Tolson","11","Low Diversity"
"Shannon Whitaker","26","Medium Diversity"
"Shannon Wittenberg","17","Low Diversity"
"Shany Starr","14","Low Diversity"
"Shari-Lynn Baulwin","30","Medium Diversity"
"Shari Snyder","33","Medium Diversity"
"Sharilynn Agee","9","Low Diversity"
"Sharla Soffa","7","Low Diversity"
"Sharlene Wilson","19","Low Diversity"
"Sharon Adams","4","Low Diversity"
"Sharon Balthazar","42","Medium Diversity"
"Sharon Bartolomei","66","High Diversity"
"Sharon Botelho","6","Low Diversity"
"Sharon Campers","46","Medium Diversity"
"Sharon Casey","12","Low Diversity"
"Sharon Craig","3","Low Diversity"
"Sharon Crow","27","Medium Diversity"
"Sharon Haddix","20","Medium Diversity"
"Sharon Jacobs","44","Medium Diversity"
"Sharon James","14","Low Diversity"
"Sharon Lindall","2","Low Diversity"
"Sharon Looney","16","Low Diversity"
"Sharon Lynn","18","Low Diversity"
"Sharon MacBride","9","Low Diversity"
"Sharon Martinez","44","Medium Diversity"
"Sharon Nelson","30","Medium Diversity"
"Sharon Parcher","15","Low Diversity"
"Sharon Piccola","60","High Diversity"
"Sharon Sandage","6","Low Diversity"
"Sharon Schaffer","22","Medium Diversity"
"Sharon Sinisi","38","Medium Diversity"
"Sharon Smith","25","Medium Diversity"
"Sharon Snodgrass","22","Medium Diversity"
"Sharon Stroh","44","Medium Diversity"
"Sharon Torres","19","Low Diversity"
"Sharon Tracey","31","Medium Diversity"
"Sharon Zani","16","Low Diversity"
"Sharon Zikria","14","Low Diversity"
"Sharona Svensson","21","Medium Diversity"
"Sharone Jones","19","Low Diversity"
"Sharron Mauro","26","Medium Diversity"
"Sharron Steffanson","30","Medium Diversity"
"Shaun Buenstro","58","High Diversity"
"Shaun Kreuzer","3","Low Diversity"
"Shauna Wyro","8","Low Diversity"
"Shauneen Springate","22","Medium Diversity"
"Shawn Adams","24","Medium Diversity"
"Shawn Albenberg","37","Medium Diversity"
"Shawn Bettinardi","4","Low Diversity"
"Shawn Demicell","48","Medium Diversity"
"Shawn Jiron","6","Low Diversity"
"Shawn Mccall","60","High Diversity"
"Shawn Trujillo","17","Low Diversity"
"Shawn Turner","6","Low Diversity"
"Shawn Vissers","57","High Diversity"
"Shawn Wuesthoff","6","Low Diversity"
"Shawna Saiz","40","Medium Diversity"
"Shawnda Stith","17","Low Diversity"
"Shay Kamp","7","Low Diversity"
"Shayla Vandergaag","16","Low Diversity"
"Sheila Addante","30","Medium Diversity"
"Sheila Amic","15","Low Diversity"
"Sheila Bancroft","20","Medium Diversity"
"Sheila Conyers","6","Low Diversity"
"Sheila Garcia","30","Medium Diversity"
"Sheila Hughes","20","Medium Diversity"
"Sheila Jenkins","14","Low Diversity"
"Sheila King","22","Medium Diversity"
"Sheila Lewis","13","Low Diversity"
"Sheila Linderman","22","Medium Diversity"
"Sheila Neusaenger","29","Medium Diversity"
"Sheila Rupert","16","Low Diversity"
"Sheila Tuck","48","Medium Diversity"
"Sheila Valentino","9","Low Diversity"
"Shelbi Brooks","19","Low Diversity"
"Shelby Chow-Wang","16","Low Diversity"
"Shelby Hubert","23","Medium Diversity"
"Shelby Levine","5","Low Diversity"
"Shelby Owens","34","Medium Diversity"
"Sheldon Robinson","15","Low Diversity"
"Shelia Cesario","11","Low Diversity"
"Shelia Gram","27","Medium Diversity"
"Shelia Turner","8","Low Diversity"
"Shelley Barukh","15","Low Diversity"
"Shelley Crow","15","Low Diversity"
"Shelley Melville","38","Medium Diversity"
"Shelley Stumm","4","Low Diversity"
"Shelley Tedrick","31","Medium Diversity"
"Shelley Zane","13","Low Diversity"
"Shelli Gale","6","Low Diversity"
"Shelly Arruda","15","Low Diversity"
"Shelly Bergner","23","Medium Diversity"
"Shelly Birmingham","3","Low Diversity"
"Shelly Busby","16","Low Diversity"
"Shelly Lawn","33","Medium Diversity"
"Shelly Wilson","23","Medium Diversity"
"Shenna Skonnard","27","Medium Diversity"
"Sherea Lanum","29","Medium Diversity"
"Sheri Schiel","6","Low Diversity"
"Sheri West","6","Low Diversity"
"Sherly Platt","37","Medium Diversity"
"Sherman Banks","7","Low Diversity"
"Sherman Parker","8","Low Diversity"
"Sherman Sandusky","12","Low Diversity"
"Sherri Cabling","19","Low Diversity"
"Sherri Holmes","38","Medium Diversity"
"Sherri Thomas","41","Medium Diversity"
"Sherrie Berkley","8","Low Diversity"
"Sherrie Schoedel","2","Low Diversity"
"Sherry Abbott","10","Low Diversity"
"Sherry Baugh","16","Low Diversity"
"Sherry Carlson","9","Low Diversity"
"Sherry Carter","14","Low Diversity"
"Sherry Lee Trusko","22","Medium Diversity"
"Sherry Myers","35","Medium Diversity"
"Sherry Nally","19","Low Diversity"
"Sherry Ray","7","Low Diversity"
"Sherry Smith","24","Medium Diversity"
"Sherry Sommese","14","Low Diversity"
"Sherry Wilkerson","14","Low Diversity"
"Sheryl Cook","15","Low Diversity"
"Sheryl Struckman","30","Medium Diversity"
"Sheryl Wolters","3","Low Diversity"
"Shilo Campbell","5","Low Diversity"
"Shirley Bailey","26","Medium Diversity"
"Shirley Barnes","18","Low Diversity"
"Shirley Belza","16","Low Diversity"
"Shirley Bishop","36","Medium Diversity"
"Shirley Bohn","21","Medium Diversity"
"Shirley Bowler","3","Low Diversity"
"Shirley Boyd","50","High Diversity"
"Shirley Bruner","30","Medium Diversity"
"Shirley Carter","23","Medium Diversity"
"Shirley Cavior","33","Medium Diversity"
"Shirley Ciccone","21","Medium Diversity"
"Shirley Cichon","14","Low Diversity"
"Shirley Conger","11","Low Diversity"
"Shirley Curtsinger","32","Medium Diversity"
"Shirley Dawson","27","Medium Diversity"
"Shirley Esquivel","20","Medium Diversity"
"Shirley Frasure","19","Low Diversity"
"Shirley Furst","6","Low Diversity"
"Shirley Gottbehuet","68","High Diversity"
"Shirley Hartung","23","Medium Diversity"
"Shirley Head","3","Low Diversity"
"Shirley Holmes","5","Low Diversity"
"Shirley Kuhns","10","Low Diversity"
"Shirley Lang","22","Medium Diversity"
"Shirley Laue","4","Low Diversity"
"Shirley Lease","22","Medium Diversity"
"Shirley McInerney","12","Low Diversity"
"Shirley Nichols","7","Low Diversity"
"Shirley Niedjahski","3","Low Diversity"
"Shirley Ornelas","9","Low Diversity"
"Shirley Ortiz","72","High Diversity"
"Shirley Scherer","6","Low Diversity"
"Shirley Simpkins","15","Low Diversity"
"Shirley Spencer","8","Low Diversity"
"Shirley Springer","37","Medium Diversity"
"Shirley Stewart","7","Low Diversity"
"Shirley Stolow","41","Medium Diversity"
"Shirley Strauh","21","Medium Diversity"
"Shirley Thompson","16","Low Diversity"
"Shirley Turner","9","Low Diversity"
"Shirley Vargas","18","Low Diversity"
"Shirley Wiens","8","Low Diversity"
"Shirley Winter","6","Low Diversity"
"Shirley Zuniga","5","Low Diversity"
"Shona Grimm","6","Low Diversity"
"Shyla Bettis","21","Medium Diversity"
"Sidney Broska","21","Medium Diversity"
"Sidney Martinez","27","Medium Diversity"
"Sidney Naccarato","7","Low Diversity"
"Sierra Wecker","30","Medium Diversity"
"Silas Zocchi","38","Medium Diversity"
"Silvia Walker","13","Low Diversity"
"Silvio Watkins","45","Medium Diversity"
"Simon Waling","20","Medium Diversity"
"Simona Sims","61","High Diversity"
"Simone Shoaf","54","High Diversity"
"Singh Solano","2","Low Diversity"
"Siobhan Whyte","4","Low Diversity"
"Siu Ping Barker","29","Medium Diversity"
"Soledad Steinmeyer","54","High Diversity"
"Son Vanover","13","Low Diversity"
"Sondra Kerns","28","Medium Diversity"
"Sondra Kumar","30","Medium Diversity"
"Sonia Echols","16","Low Diversity"
"Sonia Massen","34","Medium Diversity"
"Sonja Anderson","15","Low Diversity"
"Sonja Perko","13","Low Diversity"
"Sonja Sommers","74","High Diversity"
"Sonny Porter","12","Low Diversity"
"Sonya Burns","24","Medium Diversity"
"Sophia West","13","Low Diversity"
"Stacey Cereghino","6","Low Diversity"
"Stacey Gregory","3","Low Diversity"
"Stacey Rowland","8","Low Diversity"
"Stacey Sousa","20","Medium Diversity"
"Stacey Tearpak","11","Low Diversity"
"Stacey Wilkes","9","Low Diversity"
"Stacey Wilson","4","Low Diversity"
"Stacie Aguilar","10","Low Diversity"
"Stacie Boggs","10","Low Diversity"
"Stacie Burden","5","Low Diversity"
"Stacie Stowe","15","Low Diversity"
"Stacy Caulfield","28","Medium Diversity"
"Stacy Fisher","6","Low Diversity"
"Stacy Glenn","31","Medium Diversity"
"Stacy Hammond","15","Low Diversity"
"Stacy Krause","2","Low Diversity"
"Stacy McGuire","26","Medium Diversity"
"Stacy Rizzi","8","Low Diversity"
"Stacy Valentino","31","Medium Diversity"
"Stacy Williams","8","Low Diversity"
"Stan Eichelkraut","12","Low Diversity"
"Stan Klein","4","Low Diversity"
"Stan Martin","38","Medium Diversity"
"Stanley Bellifa","3","Low Diversity"
"Stanley Boston","25","Medium Diversity"
"Stanley LeMaster","67","High Diversity"
"Stanley Marks","72","High Diversity"
"Stanley Palmer","8","Low Diversity"
"Stanley Peffers","11","Low Diversity"
"Stanley Robinson","27","Medium Diversity"
"Stanley Spoonamore","21","Medium Diversity"
"Stanley Staggs","10","Low Diversity"
"Stanley West","7","Low Diversity"
"Stanley Wright","27","Medium Diversity"
"Starla Duplin","6","Low Diversity"
"Stefanie Almanzor","22","Medium Diversity"
"Stefanie Cardana","14","Low Diversity"
"Stella Kanagy","18","Low Diversity"
"Stella Poole","30","Medium Diversity"
"Stephan Bortz","19","Low Diversity"
"Stephanie Angelbeck","8","Low Diversity"
"Stephanie Beitler","61","High Diversity"
"Stephanie Borelli","10","Low Diversity"
"Stephanie Byrnes","16","Low Diversity"
"Stephanie Delao","28","Medium Diversity"
"Stephanie Jackson","16","Low Diversity"
"Stephanie Meadows","8","Low Diversity"
"Stephanie Olschefski","22","Medium Diversity"
"Stephanie Sanok","27","Medium Diversity"
"Stephanie Small","26","Medium Diversity"
"Stephanie Smith","4","Low Diversity"
"Stephanie Stein","15","Low Diversity"
"Stephanie Thomas","19","Low Diversity"
"Stephanie Williams","16","Low Diversity"
"Stephanie Wilson","4","Low Diversity"
"Stephanie Wood","14","Low Diversity"
"Stephen Acevedo","18","Low Diversity"
"Stephen Anderson","40","Medium Diversity"
"Stephen Ayers","21","Medium Diversity"
"Stephen Bremer","31","Medium Diversity"
"Stephen Brewer","15","Low Diversity"
"Stephen Burton","12","Low Diversity"
"Stephen Clevenger","9","Low Diversity"
"Stephen Fischer","33","Medium Diversity"
"Stephen Gramstorff","5","Low Diversity"
"Stephen Green","14","Low Diversity"
"Stephen Guardamondo","51","High Diversity"
"Stephen Harbut","33","Medium Diversity"
"Stephen Ogilvie","40","Medium Diversity"
"Stephen Osborn","7","Low Diversity"
"Stephen Patterson","6","Low Diversity"
"Stephen Potter","19","Low Diversity"
"Stephen Sheffield","10","Low Diversity"
"Stephen Weindel","17","Low Diversity"
"Stephen Weintraub","9","Low Diversity"
"Stephen Young","16","Low Diversity"
"Stephen Zape","18","Low Diversity"
"Sterling Crowe","61","High Diversity"
"Steve Bowler","28","Medium Diversity"
"Steve Carnes","11","Low Diversity"
"Steve Clark","18","Low Diversity"
"Steve DeBry","53","High Diversity"
"Steve Eurich","7","Low Diversity"
"Steve Gunter","27","Medium Diversity"
"Steve Montgomery","12","Low Diversity"
"Steve Ortega","30","Medium Diversity"
"Steve Reitzel","21","Medium Diversity"
"Steve Ridgeway","4","Low Diversity"
"Steve Staggs","8","Low Diversity"
"Steve Vizcarra","24","Medium Diversity"
"Steve Votta","4","Low Diversity"
"Steve White","6","Low Diversity"
"Steve Wight","19","Low Diversity"
"Steve Williams","15","Low Diversity"
"Steve Wren","6","Low Diversity"
"Steve Wright","9","Low Diversity"
"Steven Abdullah","11","Low Diversity"
"Steven Anderson","7","Low Diversity"
"Steven Baca","10","Low Diversity"
"Steven Betsekas","4","Low Diversity"
"Steven Bushon","26","Medium Diversity"
"Steven Casbon","26","Medium Diversity"
"Steven Cornelison","21","Medium Diversity"
"Steven Corum","43","Medium Diversity"
"Steven Davis","35","Medium Diversity"
"Steven Maitland","10","Low Diversity"
"Steven Marques","55","High Diversity"
"Steven Novak","21","Medium Diversity"
"Steven Sheffield","2","Low Diversity"
"Steven Vigil","23","Medium Diversity"
"Steven Wheeler","11","Low Diversity"
"Steven Whitesides","51","High Diversity"
"Steven Woods","20","Medium Diversity"
"Steven Zablah","7","Low Diversity"
"Steven Zobairi","45","Medium Diversity"
"Stuart Fingarson","13","Low Diversity"
"Stuart McClintock","38","Medium Diversity"
"Subhi Cervantes","19","Low Diversity"
"Sue Ann Walter","11","Low Diversity"
"Sue Anthony","9","Low Diversity"
"Sue Case","4","Low Diversity"
"Sue Clegg","34","Medium Diversity"
"Sue Daugherty","14","Low Diversity"
"Sue Drake","13","Low Diversity"
"Sue Higgins","10","Low Diversity"
"Sue Hofsetz","7","Low Diversity"
"Sue Kaufman","65","High Diversity"
"Sue Meyer","13","Low Diversity"
"Sue Palmer","13","Low Diversity"
"Sue Poulson","14","Low Diversity"
"Sue Sims","12","Low Diversity"
"Sue Suro","31","Medium Diversity"
"Sue Wedekind","2","Low Diversity"
"Suet-fun Hodge","5","Low Diversity"
"Sumner Howard","13","Low Diversity"
"Sunne Sanchez","17","Low Diversity"
"Surinder Vallis","11","Low Diversity"
"Susan Anderson","25","Medium Diversity"
"Susan Armendariz","4","Low Diversity"
"Susan Ashford","16","Low Diversity"
"Susan Barela","7","Low Diversity"
"Susan Belcher","16","Low Diversity"
"Susan Belfils","15","Low Diversity"
"Susan Brophy","5","Low Diversity"
"Susan Brown","15","Low Diversity"
"Susan Brush","28","Medium Diversity"
"Susan Calleja","37","Medium Diversity"
"Susan Casey","6","Low Diversity"
"Susan Chang","9","Low Diversity"
"Susan Chaw","2","Low Diversity"
"Susan Chestnut","33","Medium Diversity"
"Susan Cox","28","Medium Diversity"
"Susan Crane","61","High Diversity"
"Susan Davis","24","Medium Diversity"
"Susan Duenas","9","Low Diversity"
"Susan Felty","9","Low Diversity"
"Susan Fisher","25","Medium Diversity"
"Susan Fletcher","21","Medium Diversity"
"Susan Greene","3","Low Diversity"
"Susan Higgins","51","High Diversity"
"Susan Irwin","24","Medium Diversity"
"Susan Janik","50","High Diversity"
"Susan Jasper","10","Low Diversity"
"Susan Kesinger","21","Medium Diversity"
"Susan Lane","2","Low Diversity"
"Susan Martin","56","High Diversity"
"Susan Martinez","26","Medium Diversity"
"Susan Maynard","23","Medium Diversity"
"Susan McCarthy","16","Low Diversity"
"Susan Medina","6","Low Diversity"
"Susan Papir","18","Low Diversity"
"Susan Pomerleau","26","Medium Diversity"
"Susan Ramos","29","Medium Diversity"
"Susan Row","4","Low Diversity"
"Susan Snow","10","Low Diversity"
"Susan Southworth","18","Low Diversity"
"Susan Spaccamonti","11","Low Diversity"
"Susan Srebert","18","Low Diversity"
"Susan Staton","4","Low Diversity"
"Susan Story","3","Low Diversity"
"Susan Stovall","7","Low Diversity"
"Susan Surniak","37","Medium Diversity"
"Susan Tallmadge","16","Low Diversity"
"Susan Tkachenko","12","Low Diversity"
"Susan Toenjes","14","Low Diversity"
"Susan Torres","29","Medium Diversity"
"Susan Tracey","44","Medium Diversity"
"Susan Vecera","11","Low Diversity"
"Susan Velasquez","6","Low Diversity"
"Susan Venegas","25","Medium Diversity"
"Susan Vice","16","Low Diversity"
"Susan Vigil","22","Medium Diversity"
"Susan Whisman","12","Low Diversity"
"Susan White","16","Low Diversity"
"Susan Wilson","5","Low Diversity"
"Susan Zehner","8","Low Diversity"
"Susana Cunningham","17","Low Diversity"
"Susana Stearns","25","Medium Diversity"
"Susanna Derrington","57","High Diversity"
"Susanna French","9","Low Diversity"
"Susie Battle","7","Low Diversity"
"Susie Hurtado","9","Low Diversity"
"Susie Parker","27","Medium Diversity"
"Susie Repicky","15","Low Diversity"
"Suzann Goodwin","50","High Diversity"
"Suzann Reams","6","Low Diversity"
"Suzanna Drew","16","Low Diversity"
"Suzanna Wagner","18","Low Diversity"
"Suzanne Allen","4","Low Diversity"
"Suzanne Atencio","5","Low Diversity"
"Suzanne Carter","8","Low Diversity"
"Suzanne Davis","66","High Diversity"
"Suzanne Franco","5","Low Diversity"
"Suzanne Huget","21","Medium Diversity"
"Suzanne McNerny","13","Low Diversity"
"Suzanne Rowland","29","Medium Diversity"
"Suzanne Sypriano","9","Low Diversity"
"Suzanne Walker","6","Low Diversity"
"Suzette Baseheart","7","Low Diversity"
"Suzy Roberts","8","Low Diversity"
"Sydney Chandler","35","Medium Diversity"
"Sylvester Valdez","16","Low Diversity"
"Sylvia Barker","5","Low Diversity"
"Sylvia Caldwell","18","Low Diversity"
"Sylvia Spencer","20","Medium Diversity"
"Sze-yih (Ray) Sponsler","3","Low Diversity"
"T. Claire Baxter","7","Low Diversity"
"T. E. Mahoney","10","Low Diversity"
"Tai Remington","16","Low Diversity"
"Takako Kovach","30","Medium Diversity"
"Takeshi Kawanami","14","Low Diversity"
"Takiko Collins","65","High Diversity"
"Talmadge Just","48","Medium Diversity"
"Tamar Hubbard","10","Low Diversity"
"Tamara Beveridge","35","Medium Diversity"
"Tamara Dowd","8","Low Diversity"
"Tamara Heritage","44","Medium Diversity"
"Tamara Keesee","5","Low Diversity"
"Tamara Shub","20","Medium Diversity"
"Tamara St. Clair","30","Medium Diversity"
"Tamara Trubin","17","Low Diversity"
"Tamara Walker","5","Low Diversity"
"Tami Turnbloom","21","Medium Diversity"
"Tammy Cohen","7","Low Diversity"
"Tammy Cordova","22","Medium Diversity"
"Tammy Ehrler","16","Low Diversity"
"Tammy Genchi","26","Medium Diversity"
"Tammy Kamp","7","Low Diversity"
"Tammy Schwairy","50","High Diversity"
"Tammy Wilkinson","61","High Diversity"
"Tanisha Hodgson","26","Medium Diversity"
"Tanya McGooshan","13","Low Diversity"
"Tanya Wurst","22","Medium Diversity"
"Tara Burnside","16","Low Diversity"
"Tara Chung","21","Medium Diversity"
"Tara Farmer","11","Low Diversity"
"Tara Hayes","18","Low Diversity"
"Tara Kern","6","Low Diversity"
"Tara Pfotenhauer","10","Low Diversity"
"Tauni Waltman","15","Low Diversity"
"Tawni Fleming","17","Low Diversity"
"Tawnya Ancheta","52","High Diversity"
"Taylor Tam","23","Medium Diversity"
"Taylor Tu","18","Low Diversity"
"Teanna Cobb","12","Low Diversity"
"Ted Baugh","10","Low Diversity"
"Ted Case","24","Medium Diversity"
"Ted Cogswell","15","Low Diversity"
"Ted Dumont","14","Low Diversity"
"Ted Kottenstette","10","Low Diversity"
"Ted Lindberg","9","Low Diversity"
"Ted Porter","26","Medium Diversity"
"Ted Rusch","22","Medium Diversity"
"Ted Wheeler","21","Medium Diversity"
"Ted Yaniz","41","Medium Diversity"
"Teel Wrege","46","Medium Diversity"
"Temre Marinello","36","Medium Diversity"
"Teong Monitor","16","Low Diversity"
"Teresa Ayers","23","Medium Diversity"
"Teresa Babb","14","Low Diversity"
"Teresa Battistelli","6","Low Diversity"
"Teresa Blanc","34","Medium Diversity"
"Teresa Bradshaw","30","Medium Diversity"
"Teresa Chorbajian","13","Low Diversity"
"Teresa Coleman","18","Low Diversity"
"Teresa Dempsey","17","Low Diversity"
"Teresa Ehrlich","5","Low Diversity"
"Teresa Kalivoda","12","Low Diversity"
"Teresa Manning","56","High Diversity"
"Teresa Tate","31","Medium Diversity"
"Teresa Wooldridge","7","Low Diversity"
"Teresa Worster","12","Low Diversity"
"Teresa Wrenn","7","Low Diversity"
"Teri Miller","16","Low Diversity"
"Teri Shatswell","16","Low Diversity"
"Terrell Bastrana","25","Medium Diversity"
"Terrence Lloyd","22","Medium Diversity"
"Terri Burke","17","Low Diversity"
"Terri Burnett","38","Medium Diversity"
"Terri Campbell","62","High Diversity"
"Terri Clifton","43","Medium Diversity"
"Terri Daroca","6","Low Diversity"
"Terri Greathouse","19","Low Diversity"
"Terri Lubbers","26","Medium Diversity"
"Terri Pifko","17","Low Diversity"
"Terri Speidel","29","Medium Diversity"
"Terri Sweazey","19","Low Diversity"
"Terry Anderson","19","Low Diversity"
"Terry Barkett","14","Low Diversity"
"Terry Brunie","10","Low Diversity"
"Terry Daniel","13","Low Diversity"
"Terry Davis","14","Low Diversity"
"Terry Evans","22","Medium Diversity"
"Terry Fuller","38","Medium Diversity"
"Terry Laurita","15","Low Diversity"
"Terry Martinez","27","Medium Diversity"
"Terry Monitor","4","Low Diversity"
"Terry Sanchez","22","Medium Diversity"
"Terry Schumer","32","Medium Diversity"
"Terry Secora","18","Low Diversity"
"Terry Sowa","20","Medium Diversity"
"Terry Springs","13","Low Diversity"
"Terry Terazawa","3","Low Diversity"
"Terry Wang","10","Low Diversity"
"Terry Zakerski","8","Low Diversity"
"Terry Zocchi","35","Medium Diversity"
"Teuvo Kindall","24","Medium Diversity"
"Tevis Buchanan","24","Medium Diversity"
"Thad Hennis","2","Low Diversity"
"Thadd Campbell","40","Medium Diversity"
"Thadeus Emory","51","High Diversity"
"Thai Thomas","20","Medium Diversity"
"Thelma Chauvin","16","Low Diversity"
"Thelma Cook","11","Low Diversity"
"Thelma Easton","9","Low Diversity"
"Thelma Hamilton","13","Low Diversity"
"Thelma Hardrick","13","Low Diversity"
"Thelma Mann","5","Low Diversity"
"Thelma Molley","30","Medium Diversity"
"Thelma Montoya","54","High Diversity"
"Thelma Veregas","6","Low Diversity"
"Thelma Wells","23","Medium Diversity"
"Theo Steves","17","Low Diversity"
"Theodore Vance","3","Low Diversity"
"Theresa Avis","36","Medium Diversity"
"Theresa Bazzell","17","Low Diversity"
"Theresa Bergstrom","15","Low Diversity"
"Theresa Campbell","10","Low Diversity"
"Theresa Castillo","9","Low Diversity"
"Theresa Coakley","37","Medium Diversity"
"Theresa Farfan","17","Low Diversity"
"Theresa Flowers","8","Low Diversity"
"Theresa Griffin","53","High Diversity"
"Theresa Keith","52","High Diversity"
"Theresa Noffsinger","21","Medium Diversity"
"Theresa Payne","41","Medium Diversity"
"Theresa Pence","9","Low Diversity"
"Theresa Ragland","29","Medium Diversity"
"Theresa Shawcroft","6","Low Diversity"
"Theresa Stephens","28","Medium Diversity"
"Theresa Sumbler","30","Medium Diversity"
"Theresa Verdadero","61","High Diversity"
"Theresa Wightman","21","Medium Diversity"
"Theresqa Mingee","15","Low Diversity"
"Therresa Smith","26","Medium Diversity"
"Thomas Adams","17","Low Diversity"
"Thomas Adler","9","Low Diversity"
"Thomas Alcon","17","Low Diversity"
"Thomas Atencio","58","High Diversity"
"Thomas Balchuck","12","Low Diversity"
"Thomas Baldwin","19","Low Diversity"
"Thomas Belli","21","Medium Diversity"
"Thomas Bitner","13","Low Diversity"
"Thomas Black","16","Low Diversity"
"Thomas Brewer","12","Low Diversity"
"Thomas Butler","32","Medium Diversity"
"Thomas Colarelli","9","Low Diversity"
"Thomas Conrad","11","Low Diversity"
"Thomas Dalton","24","Medium Diversity"
"Thomas Duran","49","Medium Diversity"
"Thomas Hampton","39","Medium Diversity"
"Thomas Hayes","2","Low Diversity"
"Thomas Jackson","51","High Diversity"
"Thomas Kamas","51","High Diversity"
"Thomas Maestas","18","Low Diversity"
"Thomas Martin","18","Low Diversity"
"Thomas Medina","28","Medium Diversity"
"Thomas Monkres","26","Medium Diversity"
"Thomas Okane","11","Low Diversity"
"Thomas Paolini","4","Low Diversity"
"Thomas Price","5","Low Diversity"
"Thomas Ritacco","9","Low Diversity"
"Thomas Smee","17","Low Diversity"
"Thomas Sprangs","17","Low Diversity"
"Thomas Summers","10","Low Diversity"
"Thomas Tellez","29","Medium Diversity"
"Thomas Truong","16","Low Diversity"
"Thomas Turner","6","Low Diversity"
"Thomas Vielmetti","9","Low Diversity"
"Thomas Wagner","14","Low Diversity"
"Thomas Waller","10","Low Diversity"
"Thomas Weaver","9","Low Diversity"
"Thomas Wiseman","14","Low Diversity"
"Thomas Young","4","Low Diversity"
"Tia Howard","13","Low Diversity"
"Tifani Kelly","4","Low Diversity"
"Tiffany Alexander","12","Low Diversity"
"Tiffany Miller","3","Low Diversity"
"Tiffany Pacheco","25","Medium Diversity"
"Tiffany Pizzi","67","High Diversity"
"Tiffany Sobczak","14","Low Diversity"
"Tiffany Wintermute","6","Low Diversity"
"Tim Brice","10","Low Diversity"
"Tim Cadwell","15","Low Diversity"
"Tim Carrillo","18","Low Diversity"
"Tim Hollingsworth","6","Low Diversity"
"Tim Kendrick","16","Low Diversity"
"Tim Montano","8","Low Diversity"
"Tim Musso","2","Low Diversity"
"Tim Riffe","6","Low Diversity"
"Tim Trujillo","48","Medium Diversity"
"Timothy Beard","47","Medium Diversity"
"Timothy Berkley","26","Medium Diversity"
"Timothy Brady","13","Low Diversity"
"Timothy Brehm","7","Low Diversity"
"Timothy Burnett","31","Medium Diversity"
"Timothy Campbell","12","Low Diversity"
"Timothy Canyock","39","Medium Diversity"
"Timothy Carroll","4","Low Diversity"
"Timothy Contreras","20","Medium Diversity"
"Timothy Cook","12","Low Diversity"
"Timothy Genova","3","Low Diversity"
"Timothy Hansen","17","Low Diversity"
"Timothy Jacobson","12","Low Diversity"
"Timothy Jones","15","Low Diversity"
"Timothy Kiley","5","Low Diversity"
"Timothy Mahan","6","Low Diversity"
"Timothy Norris","39","Medium Diversity"
"Timothy Rice","48","Medium Diversity"
"Timothy Stewart","33","Medium Diversity"
"Timothy Story","3","Low Diversity"
"Timothy Whitten","12","Low Diversity"
"Tina Baca","2","Low Diversity"
"Tina Elam","11","Low Diversity"
"Tina Heidi","37","Medium Diversity"
"Tina Perko","16","Low Diversity"
"Tina Southers","52","High Diversity"
"Tina Sparks","4","Low Diversity"
"Tina Tallman","5","Low Diversity"
"Tina Trahan","14","Low Diversity"
"Tina Wood","28","Medium Diversity"
"Tina Yray","4","Low Diversity"
"Tina Zugar","7","Low Diversity"
"Tish Duff","17","Low Diversity"
"Tobias Tuason","12","Low Diversity"
"Todd Carpenter","17","Low Diversity"
"Todd Kuntz","10","Low Diversity"
"Todd Logan","51","High Diversity"
"Todd Mendell","10","Low Diversity"
"Todd Morgan","17","Low Diversity"
"Todd Sweet","12","Low Diversity"
"Todd Whitney","2","Low Diversity"
"Todd Zweifel","16","Low Diversity"
"Tokio Stobber","30","Medium Diversity"
"Tom Anaya","16","Low Diversity"
"Tom Barajas","51","High Diversity"
"Tom Cargo","2","Low Diversity"
"Tom Donathan","20","Medium Diversity"
"Tom Dougherty","17","Low Diversity"
"Tom Harbaugh","6","Low Diversity"
"Tom Holmes","40","Medium Diversity"
"Tom Jorgenson","19","Low Diversity"
"Tom Lopez","5","Low Diversity"
"Tom McKee","24","Medium Diversity"
"Tom Ritter","36","Medium Diversity"
"Tom Smith","17","Low Diversity"
"Tom Souders","21","Medium Diversity"
"Tom Taylor","59","High Diversity"
"Tom Vaughn","14","Low Diversity"
"Tom Wheeler","21","Medium Diversity"
"Tom Williams","23","Medium Diversity"
"Tom Wilson","9","Low Diversity"
"Tom Wynne","25","Medium Diversity"
"Tomas Hesse","51","High Diversity"
"Tomas Manzanares","15","Low Diversity"
"Tommie Thornburgh","23","Medium Diversity"
"Tommy Bagar","11","Low Diversity"
"Tommy Tullos","30","Medium Diversity"
"Toni Bezjak","41","Medium Diversity"
"Toni Brown","8","Low Diversity"
"Toni McFerrin","29","Medium Diversity"
"Toni Sobotka","11","Low Diversity"
"Toni Specht","14","Low Diversity"
"Tony Burke","14","Low Diversity"
"Tony Butler","30","Medium Diversity"
"Tony Irvin","7","Low Diversity"
"Tony Staples","36","Medium Diversity"
"Tony Young","6","Low Diversity"
"Tonya Payne","4","Low Diversity"
"Tracey Tadeo","64","High Diversity"
"Tracie Duplantis","15","Low Diversity"
"Tracy Brown","6","Low Diversity"
"Tracy Carvello","48","Medium Diversity"
"Tracy Flynn","16","Low Diversity"
"Tracy Meyer","31","Medium Diversity"
"Tracy Rangel","5","Low Diversity"
"Tracy Vanderhoof","18","Low Diversity"
"Tracy Zielinski","4","Low Diversity"
"Tran McGrew","9","Low Diversity"
"Trent Wood","55","High Diversity"
"Tressa Jameson","17","Low Diversity"
"Trevor Driggers","33","Medium Diversity"
"Trevor Vanover","11","Low Diversity"
"Tricia Cherry","16","Low Diversity"
"Tricia Clark","18","Low Diversity"
"Tricia Hopkins","5","Low Diversity"
"Trina Reams","22","Medium Diversity"
"Trini Lopez","15","Low Diversity"
"Trinnette Vorndam","24","Medium Diversity"
"Tripoli Spycher","2","Low Diversity"
"Trisha Garcia","50","High Diversity"
"Troilus Sims","19","Low Diversity"
"Troy Finch","22","Medium Diversity"
"Troy Hansen","15","Low Diversity"
"Troy Judiscak","12","Low Diversity"
"Troy Lipford","30","Medium Diversity"
"Troy McCabe","4","Low Diversity"
"Troy Renck","14","Low Diversity"
"Trudy Lopez","15","Low Diversity"
"Tung Lof","57","High Diversity"
"Tuyen Breaux","15","Low Diversity"
"Tuyen Curry","9","Low Diversity"
"Tyler Andrews","53","High Diversity"
"Tyler Austin","9","Low Diversity"
"Tyler Balsamo","27","Medium Diversity"
"Tyler Banks","11","Low Diversity"
"Tyler Bohn","2","Low Diversity"
"Tyler Calicura","22","Medium Diversity"
"Tyler Smith","15","Low Diversity"
"Tyler Tejan","67","High Diversity"
"Tyler Voerge","62","High Diversity"
"Tyrone Monroe","11","Low Diversity"
"Tzipi Butnaru","9","Low Diversity"
"Urban Realino","13","Low Diversity"
"Uriel Hammersmith","40","Medium Diversity"
"Ursula Cardenas","3","Low Diversity"
"V. Diane Leaverton","37","Medium Diversity"
"V. Ola Spinuzzi","13","Low Diversity"
"Vala Salazar","44","Medium Diversity"
"Valen Tanyao","21","Medium Diversity"
"Valerie Anderson","4","Low Diversity"
"Valerie Carzino","31","Medium Diversity"
"Valerie Hill","12","Low Diversity"
"Valerie Hutchinson","13","Low Diversity"
"Valerie Lipwick","13","Low Diversity"
"Valerie Nelson","16","Low Diversity"
"Valerie Pectol","35","Medium Diversity"
"Valerie Picco","29","Medium Diversity"
"Valerie Skewes","44","Medium Diversity"
"Valerie Thomas","27","Medium Diversity"
"Valerie Waller","7","Low Diversity"
"Valle Cummings","11","Low Diversity"
"Vallyn Evans","11","Low Diversity"
"Van Armstrong","12","Low Diversity"
"Van Ketcham","9","Low Diversity"
"Vandella Bancroft","7","Low Diversity"
"Vanessa Breitwieser","21","Medium Diversity"
"Vanessa Cary","40","Medium Diversity"
"Vanessa Tench","7","Low Diversity"
"Vanessa Thompson","49","Medium Diversity"
"Vangie Perry","13","Low Diversity"
"Vannessa Melle","11","Low Diversity"
"Vartkes Richardson","15","Low Diversity"
"Vaughn Mallard","22","Medium Diversity"
"Veda Collins","5","Low Diversity"
"Vee Woods","23","Medium Diversity"
"Veena Crump","53","High Diversity"
"Veldon Blakeborough","8","Low Diversity"
"Veleine Smales","3","Low Diversity"
"Velma Husk","19","Low Diversity"
"Velma Lykes","34","Medium Diversity"
"Velma Wodecki","12","Low Diversity"
"Velma Wright","13","Low Diversity"
"Vena Khong","8","Low Diversity"
"Veola Allen","15","Low Diversity"
"Vera Crosby","19","Low Diversity"
"Vera Emenhiser","25","Medium Diversity"
"Vera Hickerson","7","Low Diversity"
"Vera Oana","15","Low Diversity"
"Vera Reyes","7","Low Diversity"
"Vera Vargas","26","Medium Diversity"
"Verdeen Smith","16","Low Diversity"
"Verdis Avaloz","54","High Diversity"
"Verl Kidd","28","Medium Diversity"
"Verla Epling","10","Low Diversity"
"Verla Walter","6","Low Diversity"
"Verna Armees","16","Low Diversity"
"Verna Jankura","17","Low Diversity"
"Verna Storjohann","7","Low Diversity"
"Verna Ulmer","10","Low Diversity"
"Vernon Barstad","19","Low Diversity"
"Vernon Elmore","34","Medium Diversity"
"Veronica Churchill","17","Low Diversity"
"Veronica Cloutier","20","Medium Diversity"
"Veronica Elson","10","Low Diversity"
"Veronica Prodes","14","Low Diversity"
"Veronica Sulkind","36","Medium Diversity"
"Veronika Rose","26","Medium Diversity"
"Vertrice McGin","33","Medium Diversity"
"Vichy Richards","13","Low Diversity"
"Vicki-ann Bennett","18","Low Diversity"
"Vicki Brammeier","40","Medium Diversity"
"Vicki Carstensen","39","Medium Diversity"
"Vicki Dawson","10","Low Diversity"
"Vicki Hagan","6","Low Diversity"
"Vicki Hills","4","Low Diversity"
"Vicki Lang","21","Medium Diversity"
"Vicki Lind","25","Medium Diversity"
"Vicki Lyons","29","Medium Diversity"
"Vicki Welsh","8","Low Diversity"
"Vicki Westgaard","53","High Diversity"
"Vicki Wood","16","Low Diversity"
"Vicky Hackett","72","High Diversity"
"Vicky Mckinley","7","Low Diversity"
"Vicky Weihe","7","Low Diversity"
"Vicky Zingarelli","10","Low Diversity"
"Victor Clott","15","Low Diversity"
"Victor Halbash","31","Medium Diversity"
"Victor Highsmith","6","Low Diversity"
"Victor Kelley","40","Medium Diversity"
"Victor Mackin","28","Medium Diversity"
"Victor Pigman","4","Low Diversity"
"Victor Rice","13","Low Diversity"
"Victor Simmers","4","Low Diversity"
"Victoria Arch","11","Low Diversity"
"Victoria Cavett","17","Low Diversity"
"Victoria Occhipinti","12","Low Diversity"
"Victoria Proetto","17","Low Diversity"
"Victoria Sison","6","Low Diversity"
"Victoria Snowden","17","Low Diversity"
"Victoria Tomsick","40","Medium Diversity"
"Vierlyn Solosabal","20","Medium Diversity"
"Vina Benson","20","Medium Diversity"
"Vince Devoe","22","Medium Diversity"
"Vince Fisher","18","Low Diversity"
"Vince Metzel","27","Medium Diversity"
"Vincent Gradishar","47","Medium Diversity"
"Vincent Hartman","52","High Diversity"
"Vincent Shane","18","Low Diversity"
"Vincent Stiles","44","Medium Diversity"
"Vincent Vaghee","26","Medium Diversity"
"Vincent White","19","Low Diversity"
"Vincent Wu","20","Medium Diversity"
"Viola Brown","46","Medium Diversity"
"Violet Estrada","29","Medium Diversity"
"Violetta Hill","36","Medium Diversity"
"Virgie Wang","24","Medium Diversity"
"Virgil Byrd","13","Low Diversity"
"Virgil Kactus","14","Low Diversity"
"Virgil Lucero","19","Low Diversity"
"Virginia Beerbaum","15","Low Diversity"
"Virginia Bell","59","High Diversity"
"Virginia Bobbitt","26","Medium Diversity"
"Virginia Bolton","18","Low Diversity"
"Virginia Bowman","24","Medium Diversity"
"Virginia Boyles","22","Medium Diversity"
"Virginia Brice","16","Low Diversity"
"Virginia Ciochon","5","Low Diversity"
"Virginia Craycraft","4","Low Diversity"
"Virginia Crotto","39","Medium Diversity"
"Virginia Daily","32","Medium Diversity"
"Virginia Gutierrez","8","Low Diversity"
"Virginia Kriete","65","High Diversity"
"Virginia Lodes","20","Medium Diversity"
"Virginia Mercer","25","Medium Diversity"
"Virginia Miller","27","Medium Diversity"
"Virginia Miwa","18","Low Diversity"
"Virginia Neblick","6","Low Diversity"
"Virginia Purcell","14","Low Diversity"
"Virginia Renteria","14","Low Diversity"
"Virginia Roberts","28","Medium Diversity"
"Virginia Singer","12","Low Diversity"
"Virginia Smith","21","Medium Diversity"
"Virginia Speck","19","Low Diversity"
"Virginia Stanford","15","Low Diversity"
"Virginia Stimmel","2","Low Diversity"
"Virginia Thenell","3","Low Diversity"
"Virginia Trumbull","23","Medium Diversity"
"Virginia Turnpaugh","5","Low Diversity"
"Virginia Weiss","9","Low Diversity"
"Virginia Whitney","7","Low Diversity"
"Virginia Woods","7","Low Diversity"
"Virginia Zych","6","Low Diversity"
"Virtudes Terry","28","Medium Diversity"
"Viva Petrie","18","Low Diversity"
"Vivian Anderson","9","Low Diversity"
"Vivian Archilla","19","Low Diversity"
"Vivian Ba","5","Low Diversity"
"Vivian Black","11","Low Diversity"
"Vivian Burnham","6","Low Diversity"
"Vivian Hanna","21","Medium Diversity"
"Vivian Houser","64","High Diversity"
"Vivian Jarmillo","50","High Diversity"
"Vivian Mendoza","39","Medium Diversity"
"Vivian Spiros","30","Medium Diversity"
"Vivian Tuttle","10","Low Diversity"
"Vivian Whipple","3","Low Diversity"
"Vivian Wolf","57","High Diversity"
"Vivien Francis","4","Low Diversity"
"Vonetta Bachicha","5","Low Diversity"
"W. Dale Souza","13","Low Diversity"
"W. Harris","7","Low Diversity"
"W. Malcolm Turner","13","Low Diversity"
"W. Michael Christiansen","25","Medium Diversity"
"W. White","67","High Diversity"
"W. Winsor","9","Low Diversity"
"Walker Clang","12","Low Diversity"
"Wallace Barrin","16","Low Diversity"
"Wallace Heber","50","High Diversity"
"Wallace Jones","68","High Diversity"
"Wallace Mulligan","4","Low Diversity"
"Walta Thompson","23","Medium Diversity"
"Walter Brian","19","Low Diversity"
"Walter Brush","26","Medium Diversity"
"Walter Cucinell","15","Low Diversity"
"Walter Herendeen","6","Low Diversity"
"Walter Juentes","4","Low Diversity"
"Walter Kinkead","14","Low Diversity"
"Walter Maes","23","Medium Diversity"
"Walter Marcus","13","Low Diversity"
"Walter Munhall","14","Low Diversity"
"Walter Norby","10","Low Diversity"
"Walter Romero","46","Medium Diversity"
"Walter Ryno","14","Low Diversity"
"Walter Schumaker","10","Low Diversity"
"Walter Sewell","12","Low Diversity"
"Walter Stowell","13","Low Diversity"
"Walter Tracy","10","Low Diversity"
"Walter Trueblood","24","Medium Diversity"
"Walter Winkley","25","Medium Diversity"
"Walter Yarrington","24","Medium Diversity"
"Wanda Angelo","5","Low Diversity"
"Wanda Banks","16","Low Diversity"
"Wanda Bates","12","Low Diversity"
"Wanda Bowman","68","High Diversity"
"Wanda Canepa","12","Low Diversity"
"Wanda Hollar","27","Medium Diversity"
"Wanda Kenney","7","Low Diversity"
"Wanda McClure","9","Low Diversity"
"Wanda Parks","9","Low Diversity"
"Wanda Schmelzle","2","Low Diversity"
"Wanda Vernon","15","Low Diversity"
"Wanda Wenzel","6","Low Diversity"
"Warren Barrows","7","Low Diversity"
"Warren Kaufman","20","Medium Diversity"
"Warren Leslie","25","Medium Diversity"
"Warren Prather","13","Low Diversity"
"Wathalee Lopez","34","Medium Diversity"
"Wavley Arnone","4","Low Diversity"
"Wayne Banack","7","Low Diversity"
"Wayne Bucker","4","Low Diversity"
"Wayne Caricato","9","Low Diversity"
"Wayne Evans","6","Low Diversity"
"Wayne Ferrell","26","Medium Diversity"
"Wayne Gough","29","Medium Diversity"
"Wayne Hsieh","12","Low Diversity"
"Wayne Kulesa","30","Medium Diversity"
"Wayne Land","16","Low Diversity"
"Wayne Miller","8","Low Diversity"
"Wayne Pumphrey","9","Low Diversity"
"Wayne Saunar","25","Medium Diversity"
"Wayne Stovall","10","Low Diversity"
"Wayne Sultani","6","Low Diversity"
"Wayne Telson","21","Medium Diversity"
"Wayne Thomas","8","Low Diversity"
"Wayne Tucker","10","Low Diversity"
"Wayne Ward","11","Low Diversity"
"Wayne Ziegelman","26","Medium Diversity"
"Wei Fan","5","Low Diversity"
"Wellington Amato","24","Medium Diversity"
"Wendell Kersten","5","Low Diversity"
"Wendell Miller","6","Low Diversity"
"Wendi Hancock","10","Low Diversity"
"Wendie Goldstein","19","Low Diversity"
"Wendy Billingsley","24","Medium Diversity"
"Wendy Bremner","6","Low Diversity"
"Wendy Griffin","20","Medium Diversity"
"Wendy Hawkins","19","Low Diversity"
"Wendy Jenkins","28","Medium Diversity"
"Wenona Walsh","26","Medium Diversity"
"Wes Tompach","61","High Diversity"
"Wesley Healy","18","Low Diversity"
"Wesley Hyde","22","Medium Diversity"
"Wesley Lawson","18","Low Diversity"
"Weston Smith","18","Low Diversity"
"Wilbert Taggart","29","Medium Diversity"
"Wilbur Dere","22","Medium Diversity"
"Wilbur Grosso","69","High Diversity"
"Wilda Quisenberry","12","Low Diversity"
"Wildon Cameron","74","High Diversity"
"Wiley Reynolds","14","Low Diversity"
"Wilfred Carter","22","Medium Diversity"
"Wilfred Ceballos","3","Low Diversity"
"Wilfred Lutes","19","Low Diversity"
"Wilfred Yeckel","14","Low Diversity"
"Will Landrum","10","Low Diversity"
"Willa Archuletta","9","Low Diversity"
"Willa Dee Swartwood","19","Low Diversity"
"Willa Reed","10","Low Diversity"
"Willa Taft","8","Low Diversity"
"Willadean Deaton","46","Medium Diversity"
"Willard Fornall","10","Low Diversity"
"William Abravaya","26","Medium Diversity"
"William Akin","20","Medium Diversity"
"William Alfandary","34","Medium Diversity"
"William Allec","11","Low Diversity"
"William Anderson","15","Low Diversity"
"William Ashton","10","Low Diversity"
"William Baker","11","Low Diversity"
"William Baldini","7","Low Diversity"
"William Barr","10","Low Diversity"
"William Baskin","7","Low Diversity"
"William Battaglia","53","High Diversity"
"William Bellamy","18","Low Diversity"
"William Block","12","Low Diversity"
"William Boroff","20","Medium Diversity"
"William Boven","17","Low Diversity"
"William Bowman","13","Low Diversity"
"William Brown","15","Low Diversity"
"William Bryan","27","Medium Diversity"
"William Burger","11","Low Diversity"
"William Burkhart","12","Low Diversity"
"William Bush","20","Medium Diversity"
"William Buxton","21","Medium Diversity"
"William Caron","32","Medium Diversity"
"William Carson","42","Medium Diversity"
"William Cathey","10","Low Diversity"
"William Chaney","13","Low Diversity"
"William Chappell","12","Low Diversity"
"William Cisneros","9","Low Diversity"
"William Clevenger","13","Low Diversity"
"William Coleman","3","Low Diversity"
"William Conner","9","Low Diversity"
"William Cornett","10","Low Diversity"
"William De Gree","57","High Diversity"
"William Doe","11","Low Diversity"
"William Edman","2","Low Diversity"
"William Giles","63","High Diversity"
"William Gilker","16","Low Diversity"
"William Gill","26","Medium Diversity"
"William Gonzales","12","Low Diversity"
"William Griego","4","Low Diversity"
"William Hanson","16","Low Diversity"
"William Hapke","59","High Diversity"
"William Heinz","26","Medium Diversity"
"William Herbig","15","Low Diversity"
"William Horne","43","Medium Diversity"
"William Jacobs","34","Medium Diversity"
"William Kaiser","22","Medium Diversity"
"William Kolisch","7","Low Diversity"
"William Kroes","29","Medium Diversity"
"William Lee","16","Low Diversity"
"William Leeburg","2","Low Diversity"
"William Lile","50","High Diversity"
"William Lindahl","53","High Diversity"
"William Lloyd","27","Medium Diversity"
"William Lohr","14","Low Diversity"
"William Mall","9","Low Diversity"
"William Martin","15","Low Diversity"
"William McAuliffe","3","Low Diversity"
"William Miller","2","Low Diversity"
"William Mondragon","19","Low Diversity"
"William Moore","21","Medium Diversity"
"William Moreschini","3","Low Diversity"
"William Murphy","25","Medium Diversity"
"William Pickering","16","Low Diversity"
"William Poh","12","Low Diversity"
"William Raymond","3","Low Diversity"
"William Reyher","36","Medium Diversity"
"William Schumer","19","Low Diversity"
"William Shekell","28","Medium Diversity"
"William Smith","35","Medium Diversity"
"William Sotelo","17","Low Diversity"
"William Sparks","16","Low Diversity"
"William Stadfey","18","Low Diversity"
"William Stallsworth","12","Low Diversity"
"William Surwill","8","Low Diversity"
"William Swindler","22","Medium Diversity"
"William Taylor","16","Low Diversity"
"William Van Duyn","17","Low Diversity"
"William Vaughn","8","Low Diversity"
"William Vicknair","9","Low Diversity"
"William Viellieux","46","Medium Diversity"
"William Wade","55","High Diversity"
"William Walker","6","Low Diversity"
"William Werschay","18","Low Diversity"
"William Whatley","15","Low Diversity"
"William White","8","Low Diversity"
"William Willliams","3","Low Diversity"
"William Wong","4","Low Diversity"
"William Woods","48","Medium Diversity"
"Willie Brooks","27","Medium Diversity"
"Willie Cochran","10","Low Diversity"
"Willie Pelley","21","Medium Diversity"
"Willie Wilker","4","Low Diversity"
"Willie Zakerski","16","Low Diversity"
"Willie Zamora","20","Medium Diversity"
"Willis Bufmack","11","Low Diversity"
"Willis Daly","19","Low Diversity"
"Willodene Barnes","12","Low Diversity"
"Wilma Daugherty","30","Medium Diversity"
"Wilma Fink","51","High Diversity"
"Wilma Neff","54","High Diversity"
"Wilma Peterson","22","Medium Diversity"
"Wilma Thierry","11","Low Diversity"
"Winifred Zadel","14","Low Diversity"
"Winston Barnett","4","Low Diversity"
"Winston Tresso","17","Low Diversity"
"Wreatha West","10","Low Diversity"
"Wynona Nichols","3","Low Diversity"
"Yaakov Campbell","18","Low Diversity"
"Yahia Zdanowicz","41","Medium Diversity"
"Yasmina Brown","22","Medium Diversity"
"Yehoshua Fenderbosch","4","Low Diversity"
"Yehoshua Hetrick","26","Medium Diversity"
"Yiu Kwok Fares","4","Low Diversity"
"Yolanda Bailey","21","Medium Diversity"
"Yolanda Barajas","14","Low Diversity"
"Yolanda Bermel","17","Low Diversity"
"Yolanda Bowers","23","Medium Diversity"
"Yolanda Estep","24","Medium Diversity"
"Yolanda Kagan","9","Low Diversity"
"Yolanda Lundin","42","Medium Diversity"
"Yolanda Pannell","69","High Diversity"
"Yolanda Sillstrop","23","Medium Diversity"
"Yolanda Wenz","41","Medium Diversity"
"Yolanda Zimmerman","4","Low Diversity"
"Yumiko Yamaguchi","4","Low Diversity"
"Yvette Eckley","16","Low Diversity"
"Yvette Hale","8","Low Diversity"
"Yvonne Knapp","25","Medium Diversity"
"Yvonne Meddles","13","Low Diversity"
"Yvonne Muniz","20","Medium Diversity"
"Yvonne Rose","22","Medium Diversity"
"Yvonne Vaccaro","13","Low Diversity"
"Z . T.  Milton Albury","14","Low Diversity"
"Zach Lovell","24","Medium Diversity"
"Zachariah Shrader","8","Low Diversity"
"Zachary French","17","Low Diversity"
"Zachary Valencia","6","Low Diversity"
"Zachery Flores","60","High Diversity"
"Zeev Mestaz","24","Medium Diversity"
"Zelah Burror","55","High Diversity"
"Zelda Acevedo","15","Low Diversity"
"Zelda Stahl","37","Medium Diversity"
"Zelda Stone","54","High Diversity"
"Zelma Garcia","38","Medium Diversity"
"Zelma Pereira","65","High Diversity"
"Zenin Sussman","21","Medium Diversity"
"Zennen Underwood","7","Low Diversity"
"Zettie Anderson","10","Low Diversity"
"Zoe Trueblood","69","High Diversity"
"Zoey Malone","10","Low Diversity"
"Zuzana Kreutzer","13","Low Diversity"
