"product_id","product_name","product_brand","total_revenue","brand_avg","revenue_status"
351,"ADJ Rosy Sunglasses","ADJ","1711.20","1711.20","Equal to average"
663,"Akron Eyeglass Screwdriver","Akron","1022.56","971.51","above average"
664,"Akron City Map","Akron","920.46","971.51","below average"
1010,"American Corned Beef","American","1356.80","1168.56","above average"
1005,"American Turkey Hot Dogs","American","1490.56","1168.56","above average"
1006,"American Foot-Long Hot Dogs","American","1099.96","1168.56","below average"
1013,"American Potato Salad","American","739.35","1168.56","below average"
1008,"American Cole Slaw","American","484.16","1168.56","below average"
1004,"American Low Fat Bologna","American","1466.57","1168.56","above average"
1009,"American Roasted Chicken","American","1577.07","1168.56","above average"
1003,"American Beef Bologna","American","414.18","1168.56","below average"
1007,"American Low Fat Cole Slaw","American","1278.01","1168.56","above average"
1014,"American Sliced Chicken","American","297.95","1168.56","below average"
1001,"American Chicken Hot Dogs","American","1224.72","1168.56","above average"
1011,"American Sliced Turkey","American","1737.16","1168.56","above average"
1002,"American Pimento Loaf","American","1540.08","1168.56","above average"
1012,"American Sliced Ham","American","1653.24","1168.56","above average"
1464,"Amigo Lox","Amigo","1329.04","1449.91","below average"
1465,"Amigo Scallops","Amigo","1570.77","1449.91","above average"
661,"Applause Canned Peaches","Applause","1305.72","1431.26","below average"
660,"Applause Canned Mixed Fruit","Applause","1556.80","1431.26","above average"
564,"Atomic Tasty Candy Bar","Atomic","308.22","1019.42","below average"
570,"Atomic Mints","Atomic","1242.00","1019.42","above average"
566,"Atomic Malted Milk Balls","Atomic","836.60","1019.42","below average"
567,"Atomic Semi-Sweet Chocolate Bar","Atomic","1151.50","1019.42","above average"
571,"Atomic White Chocolate Bar","Atomic","730.00","1019.42","below average"
565,"Atomic Mint Chocolate Bar","Atomic","436.50","1019.42","below average"
569,"Atomic Spicy Mints","Atomic","1535.76","1019.42","above average"
568,"Atomic Bubble Gum","Atomic","1914.75","1019.42","above average"
923,"BBB Best Columbian Coffee","BBB Best","756.00","1075.84","below average"
936,"BBB Best Extra Chunky Peanut Butter","BBB Best","1456.72","1075.84","above average"
926,"BBB Best Low Fat Apple Butter","BBB Best","290.64","1075.84","below average"
916,"BBB Best Decaf Coffee","BBB Best","1539.43","1075.84","above average"
920,"BBB Best Tomato Sauce","BBB Best","390.55","1075.84","below average"
912,"BBB Best Hot Chocolate","BBB Best","1283.44","1075.84","above average"
915,"BBB Best French Roast Coffee","BBB Best","1845.41","1075.84","above average"
938,"BBB Best Grape Jelly","BBB Best","924.14","1075.84","below average"
911,"BBB Best Chunky Peanut Butter","BBB Best","1059.86","1075.84","below average"
929,"BBB Best Oregano","BBB Best","304.22","1075.84","below average"
927,"BBB Best Salt","BBB Best","328.23","1075.84","below average"
928,"BBB Best Apple Butter","BBB Best","1059.30","1075.84","below average"
910,"BBB Best Sesame Oil","BBB Best","1070.88","1075.84","below average"
913,"BBB Best Brown Sugar","BBB Best","1014.60","1075.84","below average"
918,"BBB Best Vegetable Oil","BBB Best","1698.84","1075.84","above average"
922,"BBB Best Grape Preserves","BBB Best","1388.24","1075.84","above average"
925,"BBB Best Pepper","BBB Best","458.28","1075.84","below average"
914,"BBB Best White Sugar","BBB Best","1485.84","1075.84","above average"
937,"BBB Best Apple Preserves","BBB Best","2184.05","1075.84","above average"
917,"BBB Best Regular Coffee","BBB Best","626.08","1075.84","below average"
931,"BBB Best Grape Jam","BBB Best","1069.70","1075.84","below average"
919,"BBB Best Corn Oil","BBB Best","857.78","1075.84","below average"
933,"BBB Best Strawberry Jam","BBB Best","1791.40","1075.84","above average"
921,"BBB Best Canola Oil","BBB Best","774.90","1075.84","below average"
932,"BBB Best Apple Jam","BBB Best","861.78","1075.84","below average"
935,"BBB Best Strawberry Preserves","BBB Best","1509.20","1075.84","above average"
930,"BBB Best Apple Jelly","BBB Best","831.76","1075.84","below average"
924,"BBB Best Strawberry Jelly","BBB Best","1690.20","1075.84","above average"
934,"BBB Best Creamy Peanut Butter","BBB Best","647.90","1075.84","below average"
324,"Best Corn Puffs","Best","882.56","1294.92","below average"
323,"Best Oatmeal","Best","2044.00","1294.92","above average"
325,"Best Wheat Puffs","Best","877.31","1294.92","below average"
326,"Best Grits","Best","1375.79","1294.92","above average"
231,"Best Choice Low Fat Popcorn","Best Choice","1693.35","1187.17","above average"
226,"Best Choice Lemon Cookies","Best Choice","357.96","1187.17","below average"
240,"Best Choice Low Fat Chips","Best Choice","389.58","1187.17","below average"
237,"Best Choice Mini Donuts","Best Choice","1313.20","1187.17","above average"
217,"Best Choice Low Fat Cookies","Best Choice","338.64","1187.17","below average"
252,"Best Choice Frosted Donuts","Best Choice","1501.34","1187.17","above average"
229,"Best Choice Buttered Popcorn","Best Choice","1068.17","1187.17","below average"
242,"Best Choice Frosted Cookies","Best Choice","1201.76","1187.17","above average"
238,"Best Choice Beef Jerky","Best Choice","1020.46","1187.17","below average"
218,"Best Choice BBQ Potato Chips","Best Choice","1489.52","1187.17","above average"
247,"Best Choice Grape Fruit Roll","Best Choice","884.66","1187.17","below average"
230,"Best Choice No Salt Popcorn","Best Choice","653.31","1187.17","below average"
225,"Best Choice Potato Chips","Best Choice","1987.79","1187.17","above average"
241,"Best Choice Sesame Crackers","Best Choice","1446.27","1187.17","above average"
219,"Best Choice Corn Chips","Best Choice","1174.32","1187.17","below average"
251,"Best Choice Dried Apricots","Best Choice","1137.04","1187.17","below average"
245,"Best Choice Strawberry Fruit Roll","Best Choice","746.49","1187.17","below average"
221,"Best Choice Sugar Cookies","Best Choice","1830.00","1187.17","above average"
249,"Best Choice Raisins","Best Choice","818.85","1187.17","below average"
227,"Best Choice Graham Crackers","Best Choice","1122.66","1187.17","below average"
236,"Best Choice Fondue Mix","Best Choice","910.43","1187.17","below average"
234,"Best Choice Salted Pretzels","Best Choice","1390.50","1187.17","above average"
235,"Best Choice Cheese Dip","Best Choice","1771.45","1187.17","above average"
220,"Best Choice Low Fat BBQ Chips","Best Choice","1106.70","1187.17","below average"
243,"Best Choice Dried Apples","Best Choice","1103.53","1187.17","below average"
232,"Best Choice Salsa Dip","Best Choice","1493.84","1187.17","above average"
244,"Best Choice Apple Fruit Roll","Best Choice","1428.30","1187.17","above average"
223,"Best Choice Fudge Cookies","Best Choice","1894.86","1187.17","above average"
222,"Best Choice Chocolate Chip Cookies","Best Choice","1931.55","1187.17","above average"
250,"Best Choice Golden Raisins","Best Choice","1642.06","1187.17","above average"
246,"Best Choice Raspberry Fruit Roll","Best Choice","1511.91","1187.17","above average"
224,"Best Choice Fudge Brownies","Best Choice","880.57","1187.17","below average"
239,"Best Choice Chocolate Donuts","Best Choice","1182.35","1187.17","below average"
233,"Best Choice Avocado Dip","Best Choice","1367.76","1187.17","above average"
248,"Best Choice Dried Dates","Best Choice","505.68","1187.17","below average"
228,"Best Choice Cheese Crackers","Best Choice","441.16","1187.17","below average"
332,"Better Vegetable Soup","Better","1259.70","980.79","above average"
341,"Better Canned Tuna in Water","Better","1617.68","980.79","above average"
344,"Better Fancy Canned Anchovies","Better","1393.08","980.79","above average"
328,"Better Creamed Corn","Better","682.92","980.79","below average"
330,"Better Chicken Soup","Better","2292.48","980.79","above average"
333,"Better Canned Tomatos","Better","825.00","980.79","below average"
327,"Better Canned Beets","Better","298.20","980.79","below average"
342,"Better Canned Tuna in Oil","Better","910.50","980.79","below average"
334,"Better Noodle Soup","Better","490.62","980.79","below average"
345,"Better Fancy Canned Clams","Better","1318.75","980.79","above average"
337,"Better Turkey Noodle Soup","Better","434.25","980.79","below average"
339,"Better Canned Peas","Better","813.40","980.79","below average"
347,"Better Fancy Canned Sardines","Better","638.40","980.79","below average"
348,"Better Rice Soup","Better","681.42","980.79","below average"
329,"Better Canned String Beans","Better","1002.24","980.79","above average"
343,"Better Large Canned Shrimp","Better","1145.40","980.79","above average"
340,"Better Chicken Ramen Soup","Better","380.52","980.79","below average"
331,"Better Canned Yams","Better","1480.09","980.79","above average"
338,"Better Beef Soup","Better","295.83","980.79","below average"
346,"Better Fancy Canned Oysters","Better","1062.12","980.79","above average"
336,"Better Chicken Noodle Soup","Better","722.20","980.79","below average"
335,"Better Regular Ramen Soup","Better","1832.60","980.79","above average"
977,"Big City Canned Peaches","Big City","404.32","550.24","below average"
976,"Big City Canned Mixed Fruit","Big City","696.15","550.24","above average"
412,"Big Time Home Style French Fries","Big Time","696.90","1269.17","below average"
404,"Big Time Frozen Mushroom Pizza","Big Time","765.00","1269.17","below average"
413,"Big Time Lime Popsicles","Big Time","1415.25","1269.17","above average"
400,"Big Time Fajita French Fries","Big Time","856.57","1269.17","below average"
415,"Big Time Ice Cream Sandwich","Big Time","1693.62","1269.17","above average"
423,"Big Time Lemon Popsicles","Big Time","826.14","1269.17","below average"
405,"Big Time Apple Cinnamon Waffles","Big Time","2051.64","1269.17","above average"
411,"Big Time Grape Popsicles","Big Time","296.82","1269.17","below average"
419,"Big Time Frozen Peas","Big Time","2102.73","1269.17","above average"
409,"Big Time Beef TV Dinner","Big Time","2256.07","1269.17","above average"
414,"Big Time Ice Cream","Big Time","1664.77","1269.17","above average"
395,"Big Time Frozen Chicken Breast","Big Time","1229.88","1269.17","below average"
397,"Big Time Low Fat French Fries","Big Time","675.00","1269.17","below average"
410,"Big Time Pancake Mix","Big Time","783.72","1269.17","below average"
408,"Big Time Chicken TV Dinner","Big Time","1403.60","1269.17","above average"
421,"Big Time Frozen Chicken Thighs","Big Time","1814.25","1269.17","above average"
402,"Big Time Frozen Pepperoni Pizza","Big Time","654.27","1269.17","below average"
398,"Big Time Frozen Sausage Pizza","Big Time","461.60","1269.17","below average"
393,"Big Time Low Fat Waffles","Big Time","628.32","1269.17","below average"
407,"Big Time Turkey TV Dinner","Big Time","1865.01","1269.17","above average"
418,"Big Time Frozen Corn","Big Time","1861.24","1269.17","above average"
422,"Big Time Frozen Chicken Wings","Big Time","2014.83","1269.17","above average"
416,"Big Time Frozen Cauliflower","Big Time","1972.08","1269.17","above average"
420,"Big Time Popsicles","Big Time","1307.52","1269.17","above average"
401,"Big Time Waffles","Big Time","352.10","1269.17","below average"
399,"Big Time Blueberry Waffles","Big Time","518.52","1269.17","below average"
406,"Big Time Frozen Carrots","Big Time","923.32","1269.17","below average"
394,"Big Time Orange Popsicles","Big Time","1918.69","1269.17","above average"
396,"Big Time Frozen Pancakes","Big Time","1697.76","1269.17","above average"
417,"Big Time Frozen Broccoli","Big Time","1694.56","1269.17","above average"
403,"Big Time Frozen Cheese Pizza","Big Time","942.40","1269.17","below average"
1058,"Bird Call Angled Toothbrush","Bird Call","1435.20","1007.43","above average"
1054,"Bird Call Toothpaste","Bird Call","751.84","1007.43","below average"
1062,"Bird Call 200 MG Ibuprofen","Bird Call","1325.66","1007.43","above average"
1064,"Bird Call HCL Nasal Spray","Bird Call","295.92","1007.43","below average"
1063,"Bird Call 200 MG Acetominifen","Bird Call","1949.34","1007.43","above average"
1057,"Bird Call Extra Moisture Shampoo","Bird Call","723.58","1007.43","below average"
1053,"Bird Call Whitening Toothpast","Bird Call","978.65","1007.43","below average"
1067,"Bird Call Childrens Cold Remedy","Bird Call","922.20","1007.43","below average"
1052,"Bird Call Tartar Control Toothpaste","Bird Call","716.80","1007.43","below average"
1059,"Bird Call Apricot Shampoo","Bird Call","1197.00","1007.43","above average"
1060,"Bird Call Childrens Aspirin","Bird Call","1475.18","1007.43","above average"
1068,"Bird Call Laundry Detergent","Bird Call","1107.75","1007.43","above average"
1065,"Bird Call Dishwasher Detergent","Bird Call","951.28","1007.43","below average"
1056,"Bird Call Conditioning Shampoo","Bird Call","1605.64","1007.43","above average"
1051,"Bird Call Silky Smooth Hair Conditioner","Bird Call","227.24","1007.43","below average"
1069,"Bird Call Mint Mouthwash","Bird Call","302.10","1007.43","below average"
1061,"Bird Call Buffered Aspirin","Bird Call","806.76","1007.43","below average"
1055,"Bird Call Deodorant","Bird Call","848.88","1007.43","below average"
1066,"Bird Call Multi-Symptom Cold Remedy","Bird Call","1520.14","1007.43","above average"
352,"Black Tie Eyeglass Screwdriver","Black Tie","367.16","664.79","below average"
353,"Black Tie City Map","Black Tie","962.41","664.79","above average"
17,"Blue Label Creamed Corn","Blue Label","1489.02","1128.19","above average"
18,"Blue Label Canned String Beans","Blue Label","1166.79","1128.19","above average"
28,"Blue Label Canned Peas","Blue Label","2080.12","1128.19","above average"
26,"Blue Label Turkey Noodle Soup","Blue Label","468.16","1128.19","below average"
30,"Blue Label Canned Tuna in Water","Blue Label","823.44","1128.19","below average"
37,"Blue Label Rice Soup","Blue Label","774.33","1128.19","below average"
34,"Blue Label Fancy Canned Clams","Blue Label","802.75","1128.19","below average"
22,"Blue Label Canned Tomatos","Blue Label","1138.13","1128.19","above average"
16,"Blue Label Canned Beets","Blue Label","1727.33","1128.19","above average"
23,"Blue Label Noodle Soup","Blue Label","901.25","1128.19","below average"
27,"Blue Label Beef Soup","Blue Label","1526.40","1128.19","above average"
24,"Blue Label Regular Ramen Soup","Blue Label","993.02","1128.19","below average"
33,"Blue Label Fancy Canned Anchovies","Blue Label","656.88","1128.19","below average"
25,"Blue Label Chicken Noodle Soup","Blue Label","819.95","1128.19","below average"
35,"Blue Label Fancy Canned Oysters","Blue Label","1045.33","1128.19","below average"
29,"Blue Label Chicken Ramen Soup","Blue Label","986.12","1128.19","below average"
20,"Blue Label Canned Yams","Blue Label","1442.82","1128.19","above average"
31,"Blue Label Canned Tuna in Oil","Blue Label","722.30","1128.19","below average"
21,"Blue Label Vegetable Soup","Blue Label","1227.91","1128.19","above average"
36,"Blue Label Fancy Canned Sardines","Blue Label","885.60","1128.19","below average"
32,"Blue Label Large Canned Shrimp","Blue Label","1378.52","1128.19","above average"
19,"Blue Label Chicken Soup","Blue Label","1764.07","1128.19","above average"
81,"Blue Medal Egg Substitute","Blue Medal","1056.48","1209.30","below average"
77,"Blue Medal Small Brown Eggs","Blue Medal","1341.20","1209.30","above average"
80,"Blue Medal Large Eggs","Blue Medal","1822.26","1209.30","above average"
79,"Blue Medal Small Eggs","Blue Medal","694.32","1209.30","below average"
78,"Blue Medal Large Brown Eggs","Blue Medal","1132.23","1209.30","below average"
1292,"Booker Low Fat Cottage Cheese","Booker","1844.82","1072.86","above average"
1311,"Booker Blueberry Yogurt","Booker","1764.56","1072.86","above average"
1306,"Booker Buttermilk","Booker","1210.30","1072.86","above average"
1294,"Booker Sour Cream","Booker","820.44","1072.86","below average"
1309,"Booker Whole Milk","Booker","1698.86","1072.86","above average"
1295,"Booker Jack Cheese","Booker","1076.70","1072.86","above average"
1299,"Booker Havarti Cheese","Booker","1614.60","1072.86","above average"
1303,"Booker Mild Cheddar Cheese","Booker","324.36","1072.86","below average"
1308,"Booker 1% Milk","Booker","1625.40","1072.86","above average"
1301,"Booker Cheese Spread","Booker","501.96","1072.86","below average"
1310,"Booker Strawberry Yogurt","Booker","2133.28","1072.86","above average"
1298,"Booker Low Fat String Cheese","Booker","779.88","1072.86","below average"
1307,"Booker Chocolate Milk","Booker","601.92","1072.86","below average"
1296,"Booker Muenster Cheese","Booker","1320.26","1072.86","above average"
1300,"Booker Head Cheese","Booker","780.10","1072.86","below average"
1297,"Booker String Cheese","Booker","1047.46","1072.86","below average"
1302,"Booker Sharp Cheddar Cheese","Booker","947.20","1072.86","below average"
1304,"Booker Large Curd Cottage Cheese","Booker","329.64","1072.86","below average"
1305,"Booker 2% Milk","Booker","286.71","1072.86","below average"
1293,"Booker Low Fat Sour Cream","Booker","748.80","1072.86","below average"
640,"Bravo Canned String Beans","Bravo","1245.79","1257.23","below average"
654,"Bravo Large Canned Shrimp","Bravo","1102.36","1257.23","below average"
645,"Bravo Noodle Soup","Bravo","1962.12","1257.23","above average"
648,"Bravo Turkey Noodle Soup","Bravo","1403.52","1257.23","above average"
639,"Bravo Creamed Corn","Bravo","1754.80","1257.23","above average"
655,"Bravo Fancy Canned Anchovies","Bravo","1293.60","1257.23","above average"
659,"Bravo Rice Soup","Bravo","1524.75","1257.23","above average"
652,"Bravo Canned Tuna in Water","Bravo","831.66","1257.23","below average"
638,"Bravo Canned Beets","Bravo","1685.25","1257.23","above average"
646,"Bravo Regular Ramen Soup","Bravo","588.80","1257.23","below average"
644,"Bravo Canned Tomatos","Bravo","483.72","1257.23","below average"
656,"Bravo Fancy Canned Clams","Bravo","2055.90","1257.23","above average"
649,"Bravo Beef Soup","Bravo","1343.85","1257.23","above average"
657,"Bravo Fancy Canned Oysters","Bravo","1070.60","1257.23","below average"
643,"Bravo Vegetable Soup","Bravo","951.28","1257.23","below average"
650,"Bravo Canned Peas","Bravo","799.80","1257.23","below average"
642,"Bravo Canned Yams","Bravo","854.90","1257.23","below average"
647,"Bravo Chicken Noodle Soup","Bravo","1452.20","1257.23","above average"
651,"Bravo Chicken Ramen Soup","Bravo","388.00","1257.23","below average"
653,"Bravo Canned Tuna in Oil","Bravo","1459.50","1257.23","above average"
658,"Bravo Fancy Canned Sardines","Bravo","1444.52","1257.23","above average"
641,"Bravo Chicken Soup","Bravo","1962.14","1257.23","above average"
354,"Carlson Low Fat Cottage Cheese","Carlson","1172.25","1249.52","below average"
364,"Carlson Sharp Cheddar Cheese","Carlson","1269.40","1249.52","above average"
368,"Carlson Buttermilk","Carlson","694.26","1249.52","below average"
363,"Carlson Cheese Spread","Carlson","1031.94","1249.52","below average"
373,"Carlson Blueberry Yogurt","Carlson","1719.48","1249.52","above average"
372,"Carlson Strawberry Yogurt","Carlson","2189.00","1249.52","above average"
357,"Carlson Jack Cheese","Carlson","1099.80","1249.52","below average"
358,"Carlson Muenster Cheese","Carlson","1980.00","1249.52","above average"
371,"Carlson Whole Milk","Carlson","413.16","1249.52","below average"
356,"Carlson Sour Cream","Carlson","1411.28","1249.52","above average"
355,"Carlson Low Fat Sour Cream","Carlson","417.96","1249.52","below average"
365,"Carlson Mild Cheddar Cheese","Carlson","2027.52","1249.52","above average"
367,"Carlson 2% Milk","Carlson","1828.76","1249.52","above average"
360,"Carlson Low Fat String Cheese","Carlson","810.89","1249.52","below average"
366,"Carlson Large Curd Cottage Cheese","Carlson","1217.76","1249.52","below average"
359,"Carlson String Cheese","Carlson","710.16","1249.52","below average"
361,"Carlson Havarti Cheese","Carlson","662.18","1249.52","below average"
362,"Carlson Head Cheese","Carlson","2417.73","1249.52","above average"
370,"Carlson 1% Milk","Carlson","566.72","1249.52","below average"
369,"Carlson Chocolate Milk","Carlson","1350.10","1249.52","above average"
1340,"Carrington Frozen Pepperoni Pizza","Carrington","1454.62","1163.41","above average"
1355,"Carrington Frozen Broccoli","Carrington","323.19","1163.41","below average"
1350,"Carrington Home Style French Fries","Carrington","484.84","1163.41","below average"
1352,"Carrington Ice Cream","Carrington","1608.55","1163.41","above average"
1353,"Carrington Ice Cream Sandwich","Carrington","1339.52","1163.41","above average"
1342,"Carrington Frozen Mushroom Pizza","Carrington","2155.94","1163.41","above average"
1336,"Carrington Frozen Sausage Pizza","Carrington","1905.18","1163.41","above average"
1351,"Carrington Lime Popsicles","Carrington","843.35","1163.41","below average"
1349,"Carrington Grape Popsicles","Carrington","1653.00","1163.41","above average"
1333,"Carrington Frozen Chicken Breast","Carrington","525.45","1163.41","below average"
1341,"Carrington Frozen Cheese Pizza","Carrington","1756.05","1163.41","above average"
1344,"Carrington Frozen Carrots","Carrington","839.04","1163.41","below average"
1339,"Carrington Waffles","Carrington","749.32","1163.41","below average"
1343,"Carrington Apple Cinnamon Waffles","Carrington","1724.87","1163.41","above average"
1357,"Carrington Frozen Peas","Carrington","1590.77","1163.41","above average"
1356,"Carrington Frozen Corn","Carrington","942.40","1163.41","below average"
1332,"Carrington Orange Popsicles","Carrington","373.29","1163.41","below average"
1331,"Carrington Low Fat Waffles","Carrington","1528.92","1163.41","above average"
1354,"Carrington Frozen Cauliflower","Carrington","756.28","1163.41","below average"
1361,"Carrington Lemon Popsicles","Carrington","935.77","1163.41","below average"
1347,"Carrington Beef TV Dinner","Carrington","1063.77","1163.41","below average"
1359,"Carrington Frozen Chicken Thighs","Carrington","629.92","1163.41","below average"
1348,"Carrington Pancake Mix","Carrington","1304.16","1163.41","above average"
1338,"Carrington Fajita French Fries","Carrington","1081.14","1163.41","below average"
1358,"Carrington Popsicles","Carrington","1104.60","1163.41","below average"
1360,"Carrington Frozen Chicken Wings","Carrington","1372.14","1163.41","above average"
1335,"Carrington Low Fat French Fries","Carrington","1308.63","1163.41","above average"
1346,"Carrington Chicken TV Dinner","Carrington","1283.10","1163.41","above average"
1334,"Carrington Frozen Pancakes","Carrington","901.60","1163.41","below average"
1337,"Carrington Blueberry Waffles","Carrington","347.70","1163.41","below average"
1345,"Carrington Turkey TV Dinner","Carrington","2178.56","1163.41","above average"
1548,"CDR Low Fat Apple Butter","CDR","345.72","1089.52","below average"
1552,"CDR Apple Jelly","CDR","1433.70","1089.52","above average"
1557,"CDR Strawberry Preserves","CDR","672.00","1089.52","below average"
1554,"CDR Apple Jam","CDR","1424.94","1089.52","above average"
1533,"CDR Chunky Peanut Butter","CDR","1217.50","1089.52","above average"
1532,"CDR Sesame Oil","CDR","632.45","1089.52","below average"
1543,"CDR Canola Oil","CDR","1302.00","1089.52","above average"
1540,"CDR Vegetable Oil","CDR","1985.28","1089.52","above average"
1535,"CDR Brown Sugar","CDR","1354.88","1089.52","above average"
1541,"CDR Corn Oil","CDR","1560.55","1089.52","above average"
1545,"CDR Columbian Coffee","CDR","1165.61","1089.52","above average"
1549,"CDR Salt","CDR","825.36","1089.52","below average"
1544,"CDR Grape Preserves","CDR","662.84","1089.52","below average"
1542,"CDR Tomato Sauce","CDR","406.60","1089.52","below average"
1555,"CDR Strawberry Jam","CDR","1463.20","1089.52","above average"
1534,"CDR Hot Chocolate","CDR","1487.30","1089.52","above average"
1551,"CDR Oregano","CDR","446.60","1089.52","below average"
1539,"CDR Regular Coffee","CDR","1918.88","1089.52","above average"
1536,"CDR White Sugar","CDR","679.63","1089.52","below average"
1556,"CDR Creamy Peanut Butter","CDR","1499.90","1089.52","above average"
1546,"CDR Strawberry Jelly","CDR","315.37","1089.52","below average"
1538,"CDR Decaf Coffee","CDR","1910.80","1089.52","above average"
1553,"CDR Grape Jam","CDR","983.94","1089.52","below average"
1559,"CDR Apple Preserves","CDR","388.80","1089.52","below average"
1537,"CDR French Roast Coffee","CDR","1165.71","1089.52","above average"
1550,"CDR Apple Butter","CDR","919.48","1089.52","below average"
1558,"CDR Extra Chunky Peanut Butter","CDR","978.48","1089.52","below average"
1547,"CDR Pepper","CDR","1358.98","1089.52","above average"
253,"Choice Tasty Candy Bar","Choice","438.77","694.12","below average"
255,"Choice Malted Milk Balls","Choice","343.04","694.12","below average"
256,"Choice Semi-Sweet Chocolate Bar","Choice","1301.15","694.12","above average"
257,"Choice Bubble Gum","Choice","209.88","694.12","below average"
259,"Choice Mints","Choice","986.10","694.12","above average"
260,"Choice White Chocolate Bar","Choice","995.44","694.12","above average"
254,"Choice Mint Chocolate Bar","Choice","334.32","694.12","below average"
258,"Choice Spicy Mints","Choice","944.28","694.12","above average"
51,"Club Head Cheese","Club","635.04","1148.44","below average"
60,"Club Whole Milk","Club","1175.72","1148.44","above average"
61,"Club Strawberry Yogurt","Club","368.52","1148.44","below average"
58,"Club Chocolate Milk","Club","1145.76","1148.44","below average"
56,"Club 2% Milk","Club","328.73","1148.44","below average"
49,"Club Low Fat String Cheese","Club","1635.92","1148.44","above average"
59,"Club 1% Milk","Club","687.40","1148.44","below average"
53,"Club Sharp Cheddar Cheese","Club","1859.15","1148.44","above average"
46,"Club Jack Cheese","Club","1819.76","1148.44","above average"
44,"Club Low Fat Sour Cream","Club","1573.41","1148.44","above average"
54,"Club Mild Cheddar Cheese","Club","1573.41","1148.44","above average"
48,"Club String Cheese","Club","1017.08","1148.44","below average"
50,"Club Havarti Cheese","Club","1884.15","1148.44","above average"
52,"Club Cheese Spread","Club","1104.53","1148.44","below average"
43,"Club Low Fat Cottage Cheese","Club","858.38","1148.44","below average"
45,"Club Sour Cream","Club","270.30","1148.44","below average"
62,"Club Blueberry Yogurt","Club","1974.94","1148.44","above average"
57,"Club Buttermilk","Club","305.61","1148.44","below average"
55,"Club Large Curd Cottage Cheese","Club","1484.00","1148.44","above average"
47,"Club Muenster Cheese","Club","1267.01","1148.44","above average"
592,"Colony Blueberry Muffins","Colony","1153.20","1052.22","above average"
586,"Colony White Bread","Colony","719.94","1052.22","below average"
591,"Colony Bagels","Colony","544.05","1052.22","below average"
590,"Colony Muffins","Colony","1005.53","1052.22","below average"
587,"Colony Rye Bread","Colony","1713.48","1052.22","above average"
589,"Colony Cranberry Muffins","Colony","1375.35","1052.22","above average"
588,"Colony English Muffins","Colony","788.48","1052.22","below average"
593,"Colony Wheat Bread","Colony","1060.29","1052.22","above average"
585,"Colony Pumpernickel Bread","Colony","1109.62","1052.22","above average"
1202,"Colossal Thai Rice","Colossal","1977.88","1409.74","above average"
1203,"Colossal Rice Medly","Colossal","734.38","1409.74","below average"
1201,"Colossal Spaghetti","Colossal","1775.99","1409.74","above average"
1199,"Colossal Ravioli","Colossal","1451.52","1409.74","above average"
1200,"Colossal Manicotti","Colossal","1108.91","1409.74","below average"
737,"Consolidated Whitening Toothpast","Consolidated","688.64","1024.06","below average"
742,"Consolidated Angled Toothbrush","Consolidated","1279.46","1024.06","above average"
751,"Consolidated Childrens Cold Remedy","Consolidated","1370.94","1024.06","above average"
747,"Consolidated 200 MG Acetominifen","Consolidated","935.13","1024.06","below average"
753,"Consolidated Mint Mouthwash","Consolidated","1086.75","1024.06","above average"
752,"Consolidated Laundry Detergent","Consolidated","400.35","1024.06","below average"
748,"Consolidated HCL Nasal Spray","Consolidated","1122.00","1024.06","above average"
741,"Consolidated Extra Moisture Shampoo","Consolidated","333.61","1024.06","below average"
738,"Consolidated Toothpaste","Consolidated","965.70","1024.06","below average"
750,"Consolidated Multi-Symptom Cold Remedy","Consolidated","1058.85","1024.06","above average"
749,"Consolidated Dishwasher Detergent","Consolidated","1305.63","1024.06","above average"
735,"Consolidated Silky Smooth Hair Conditioner","Consolidated","873.18","1024.06","below average"
740,"Consolidated Conditioning Shampoo","Consolidated","1051.98","1024.06","above average"
739,"Consolidated Deodorant","Consolidated","1187.62","1024.06","above average"
736,"Consolidated Tartar Control Toothpaste","Consolidated","905.25","1024.06","below average"
743,"Consolidated Apricot Shampoo","Consolidated","422.40","1024.06","below average"
744,"Consolidated Childrens Aspirin","Consolidated","1927.63","1024.06","above average"
745,"Consolidated Buffered Aspirin","Consolidated","456.45","1024.06","below average"
746,"Consolidated 200 MG Ibuprofen","Consolidated","2085.52","1024.06","above average"
767,"Cormorant 25 Watt Lightbulb","Cormorant","814.90","1143.12","below average"
773,"Cormorant Toilet Paper","Cormorant","389.79","1143.12","below average"
771,"Cormorant Soft Napkins","Cormorant","558.88","1143.12","below average"
763,"Cormorant 75 Watt Lightbulb","Cormorant","1313.25","1143.12","above average"
770,"Cormorant Paper Towels","Cormorant","852.78","1143.12","below average"
772,"Cormorant Scented Tissue","Cormorant","1129.08","1143.12","below average"
779,"Cormorant Bees Wax Candles","Cormorant","990.07","1143.12","below average"
777,"Cormorant Frying Pan","Cormorant","1979.04","1143.12","above average"
761,"Cormorant Paper Plates","Cormorant","948.60","1143.12","below average"
782,"Cormorant Economy Toilet Brush","Cormorant","1123.20","1143.12","below average"
754,"Cormorant 60 Watt Lightbulb","Cormorant","1444.34","1143.12","above average"
768,"Cormorant AA-Size Batteries","Cormorant","1335.84","1143.12","above average"
784,"Cormorant Large Sponge","Cormorant","264.16","1143.12","below average"
766,"Cormorant Glass Cleaner","Cormorant","277.76","1143.12","below average"
765,"Cormorant Counter Cleaner","Cormorant","1036.80","1143.12","below average"
762,"Cormorant Paper Cups","Cormorant","2009.10","1143.12","above average"
756,"Cormorant Plastic Spoons","Cormorant","1264.96","1143.12","above average"
769,"Cormorant D-Size Batteries","Cormorant","304.44","1143.12","below average"
757,"Cormorant Plastic Knives","Cormorant","680.61","1143.12","below average"
781,"Cormorant Copper Pot Scrubber","Cormorant","1820.95","1143.12","above average"
755,"Cormorant Plastic Forks","Cormorant","1585.36","1143.12","above average"
759,"Cormorant 100 Watt Lightbulb","Cormorant","960.12","1143.12","below average"
780,"Cormorant Silver Cleaner","Cormorant","1508.04","1143.12","above average"
783,"Cormorant Scissors","Cormorant","1321.45","1143.12","above average"
774,"Cormorant Tissues","Cormorant","1244.60","1143.12","above average"
775,"Cormorant Scented Toilet Tissue","Cormorant","499.70","1143.12","below average"
760,"Cormorant AAA-Size Batteries","Cormorant","1041.59","1143.12","below average"
776,"Cormorant Room Freshener","Cormorant","1933.33","1143.12","above average"
778,"Cormorant Copper Cleaner","Cormorant","1419.84","1143.12","above average"
764,"Cormorant Toilet Bowl Cleaner","Cormorant","1722.12","1143.12","above average"
758,"Cormorant C-Size Batteries","Cormorant","1617.33","1143.12","above average"
785,"Cormorant Screw Driver","Cormorant","1187.88","1143.12","above average"
838,"Curlew Scallops","Curlew","1323.54","1119.42","above average"
837,"Curlew Lox","Curlew","915.30","1119.42","below average"
688,"Cutting Edge Low Fat Bologna","Cutting Edge","1270.32","1005.08","above average"
695,"Cutting Edge Sliced Turkey","Cutting Edge","1629.76","1005.08","above average"
690,"Cutting Edge Foot-Long Hot Dogs","Cutting Edge","783.36","1005.08","below average"
697,"Cutting Edge Potato Salad","Cutting Edge","683.62","1005.08","below average"
696,"Cutting Edge Sliced Ham","Cutting Edge","407.52","1005.08","below average"
686,"Cutting Edge Pimento Loaf","Cutting Edge","944.58","1005.08","below average"
693,"Cutting Edge Roasted Chicken","Cutting Edge","979.08","1005.08","below average"
691,"Cutting Edge Low Fat Cole Slaw","Cutting Edge","1561.80","1005.08","above average"
698,"Cutting Edge Sliced Chicken","Cutting Edge","1211.60","1005.08","above average"
689,"Cutting Edge Turkey Hot Dogs","Cutting Edge","901.12","1005.08","below average"
685,"Cutting Edge Chicken Hot Dogs","Cutting Edge","856.80","1005.08","below average"
687,"Cutting Edge Beef Bologna","Cutting Edge","494.70","1005.08","below average"
692,"Cutting Edge Cole Slaw","Cutting Edge","886.60","1005.08","below average"
694,"Cutting Edge Corned Beef","Cutting Edge","1460.25","1005.08","above average"
135,"Denny Plastic Knives","Denny","1781.62","1240.50","above average"
159,"Denny Copper Pot Scrubber","Denny","894.33","1240.50","below average"
152,"Denny Tissues","Denny","1381.42","1240.50","above average"
158,"Denny Silver Cleaner","Denny","864.26","1240.50","below average"
160,"Denny Economy Toilet Brush","Denny","1011.75","1240.50","below average"
146,"Denny AA-Size Batteries","Denny","1838.40","1240.50","above average"
142,"Denny Toilet Bowl Cleaner","Denny","1157.68","1240.50","below average"
143,"Denny Counter Cleaner","Denny","1257.06","1240.50","above average"
137,"Denny 100 Watt Lightbulb","Denny","2060.90","1240.50","above average"
144,"Denny Glass Cleaner","Denny","252.96","1240.50","below average"
162,"Denny Large Sponge","Denny","1433.55","1240.50","above average"
148,"Denny Paper Towels","Denny","1892.05","1240.50","above average"
154,"Denny Room Freshener","Denny","938.84","1240.50","below average"
147,"Denny D-Size Batteries","Denny","312.32","1240.50","below average"
140,"Denny Paper Cups","Denny","889.98","1240.50","below average"
133,"Denny Plastic Forks","Denny","399.00","1240.50","below average"
163,"Denny Screw Driver","Denny","1320.90","1240.50","above average"
145,"Denny 25 Watt Lightbulb","Denny","1146.35","1240.50","below average"
141,"Denny 75 Watt Lightbulb","Denny","2016.09","1240.50","above average"
150,"Denny Scented Tissue","Denny","1631.85","1240.50","above average"
134,"Denny Plastic Spoons","Denny","1159.11","1240.50","below average"
149,"Denny Soft Napkins","Denny","1137.93","1240.50","below average"
132,"Denny 60 Watt Lightbulb","Denny","1190.40","1240.50","below average"
153,"Denny Scented Toilet Tissue","Denny","1561.28","1240.50","above average"
139,"Denny Paper Plates","Denny","909.32","1240.50","below average"
156,"Denny Copper Cleaner","Denny","264.55","1240.50","below average"
157,"Denny Bees Wax Candles","Denny","1389.45","1240.50","above average"
155,"Denny Frying Pan","Denny","2042.16","1240.50","above average"
136,"Denny C-Size Batteries","Denny","1768.59","1240.50","above average"
138,"Denny AAA-Size Batteries","Denny","1574.10","1240.50","above average"
151,"Denny Toilet Paper","Denny","1422.99","1240.50","above average"
161,"Denny Scissors","Denny","794.96","1240.50","below average"
891,"Discover Thai Rice","Discover","1351.09","1120.53","above average"
892,"Discover Rice Medly","Discover","1490.58","1120.53","above average"
889,"Discover Manicotti","Discover","909.65","1120.53","below average"
888,"Discover Ravioli","Discover","454.96","1120.53","below average"
890,"Discover Spaghetti","Discover","1396.35","1120.53","above average"
480,"Dollar Monthly Home Magazine","Dollar","1074.84","1168.75","below average"
481,"Dollar Monthly Fashion Magazine","Dollar","1576.05","1168.75","above average"
477,"Dollar Monthly Sports Magazine","Dollar","515.14","1168.75","below average"
478,"Dollar Monthly Auto Magazine","Dollar","1460.82","1168.75","above average"
479,"Dollar Monthly Computer Magazine","Dollar","1216.90","1168.75","above average"
1153,"Dual City Lox","Dual City","289.64","604.67","below average"
1154,"Dual City Scallops","Dual City","919.70","604.67","above average"
827,"Ebony Mixed Nuts","Ebony","620.35","1130.17","below average"
812,"Ebony Dried Mushrooms","Ebony","1953.90","1130.17","above average"
809,"Ebony Tomatos","Ebony","524.60","1130.17","below average"
803,"Ebony Lettuce","Ebony","2014.74","1130.17","above average"
811,"Ebony Baby Onion","Ebony","1443.42","1130.17","above average"
815,"Ebony Limes","Ebony","480.24","1130.17","below average"
821,"Ebony Lemons","Ebony","916.80","1130.17","below average"
819,"Ebony Golden Delcious Apples","Ebony","1587.21","1130.17","above average"
814,"Ebony Squash","Ebony","1038.00","1130.17","below average"
794,"Ebony Corn on the Cob","Ebony","690.00","1130.17","below average"
798,"Ebony Beets","Ebony","1395.65","1130.17","above average"
833,"Ebony Walnuts","Ebony","1314.50","1130.17","above average"
835,"Ebony Tangerines","Ebony","1940.44","1130.17","above average"
817,"Ebony Almonds","Ebony","866.88","1130.17","below average"
813,"Ebony Fresh Lima Beans","Ebony","939.60","1130.17","below average"
823,"Ebony Plums","Ebony","1821.33","1130.17","above average"
800,"Ebony Onions","Ebony","1515.90","1130.17","above average"
804,"Ebony Elephant Garlic","Ebony","1191.19","1130.17","above average"
808,"Ebony Cauliflower","Ebony","764.50","1130.17","below average"
828,"Ebony Canned Peanuts","Ebony","663.06","1130.17","below average"
807,"Ebony Potatos","Ebony","744.48","1130.17","below average"
818,"Ebony Macintosh Apples","Ebony","696.60","1130.17","below average"
796,"Ebony Sweet Peas","Ebony","632.28","1130.17","below average"
826,"Ebony Mandarin Oranges","Ebony","977.22","1130.17","below average"
805,"Ebony Red Pepper","Ebony","1506.24","1130.17","above average"
825,"Ebony Broccoli","Ebony","1564.99","1130.17","above average"
831,"Ebony Honey Dew","Ebony","805.80","1130.17","below average"
795,"Ebony Asparagus","Ebony","508.80","1130.17","below average"
793,"Ebony Summer Squash","Ebony","1293.90","1130.17","above average"
799,"Ebony Prepared Salad","Ebony","1408.64","1130.17","above average"
832,"Ebony Fuji Apples","Ebony","1736.64","1130.17","above average"
836,"Ebony Party Nuts","Ebony","693.84","1130.17","below average"
816,"Ebony Firm Tofu","Ebony","1156.45","1130.17","above average"
824,"Ebony Peaches","Ebony","1021.24","1130.17","below average"
801,"Ebony Green Pepper","Ebony","1425.70","1130.17","above average"
830,"Ebony Cantelope","Ebony","1276.45","1130.17","above average"
806,"Ebony Garlic","Ebony","1398.80","1130.17","above average"
820,"Ebony Red Delcious Apples","Ebony","441.00","1130.17","below average"
834,"Ebony Oranges","Ebony","1645.76","1130.17","above average"
802,"Ebony Shitake Mushrooms","Ebony","1420.25","1130.17","above average"
822,"Ebony Fancy Plums","Ebony","1024.86","1130.17","below average"
797,"Ebony New Potatos","Ebony","1243.92","1130.17","above average"
829,"Ebony Sweet Onion","Ebony","1141.42","1130.17","above average"
810,"Ebony Mushrooms","Ebony","279.87","1130.17","below average"
991,"Even Better Sharp Cheddar Cheese","Even Better","1875.25","1156.31","above average"
994,"Even Better 2% Milk","Even Better","404.48","1156.31","below average"
984,"Even Better Jack Cheese","Even Better","445.50","1156.31","below average"
982,"Even Better Low Fat Sour Cream","Even Better","1572.48","1156.31","above average"
998,"Even Better Whole Milk","Even Better","663.75","1156.31","below average"
992,"Even Better Mild Cheddar Cheese","Even Better","1004.19","1156.31","below average"
996,"Even Better Chocolate Milk","Even Better","509.15","1156.31","below average"
1000,"Even Better Blueberry Yogurt","Even Better","1390.73","1156.31","above average"
988,"Even Better Havarti Cheese","Even Better","2173.22","1156.31","above average"
985,"Even Better Muenster Cheese","Even Better","357.84","1156.31","below average"
989,"Even Better Head Cheese","Even Better","447.72","1156.31","below average"
987,"Even Better Low Fat String Cheese","Even Better","1452.99","1156.31","above average"
990,"Even Better Cheese Spread","Even Better","1575.60","1156.31","above average"
999,"Even Better Strawberry Yogurt","Even Better","1631.42","1156.31","above average"
986,"Even Better String Cheese","Even Better","1858.50","1156.31","above average"
995,"Even Better Buttermilk","Even Better","645.15","1156.31","below average"
981,"Even Better Low Fat Cottage Cheese","Even Better","589.28","1156.31","below average"
997,"Even Better 1% Milk","Even Better","1766.73","1156.31","above average"
993,"Even Better Large Curd Cottage Cheese","Even Better","2322.60","1156.31","above average"
983,"Even Better Sour Cream","Even Better","439.52","1156.31","below average"
789,"Excel Monthly Auto Magazine","Excel","1838.96","954.81","above average"
792,"Excel Monthly Fashion Magazine","Excel","1003.23","954.81","above average"
790,"Excel Monthly Computer Magazine","Excel","359.59","954.81","below average"
791,"Excel Monthly Home Magazine","Excel","1285.70","954.81","above average"
788,"Excel Monthly Sports Magazine","Excel","286.55","954.81","below average"
319,"Excellent Orange Juice","Excellent","908.80","1210.13","below average"
318,"Excellent Diet Cola","Excellent","1316.51","1210.13","above average"
322,"Excellent Apple Drink","Excellent","1624.10","1210.13","above average"
315,"Excellent Cream Soda","Excellent","569.28","1210.13","below average"
317,"Excellent Cola","Excellent","1214.26","1210.13","above average"
316,"Excellent Diet Soda","Excellent","721.81","1210.13","below average"
320,"Excellent Cranberry Juice","Excellent","1900.58","1210.13","above average"
314,"Excellent Strawberry Drink","Excellent","795.50","1210.13","below average"
321,"Excellent Apple Juice","Excellent","1315.86","1210.13","above average"
312,"Excellent Berry Juice","Excellent","1229.01","1210.13","above average"
313,"Excellent Mango Drink","Excellent","1715.70","1210.13","above average"
946,"Fabulous Orange Juice","Fabulous","1792.65","1244.09","above average"
942,"Fabulous Cream Soda","Fabulous","1301.04","1244.09","above average"
941,"Fabulous Strawberry Drink","Fabulous","2377.90","1244.09","above average"
949,"Fabulous Apple Drink","Fabulous","1260.02","1244.09","above average"
939,"Fabulous Berry Juice","Fabulous","395.50","1244.09","below average"
948,"Fabulous Apple Juice","Fabulous","1855.92","1244.09","above average"
943,"Fabulous Diet Soda","Fabulous","1289.34","1244.09","above average"
944,"Fabulous Cola","Fabulous","457.60","1244.09","below average"
940,"Fabulous Mango Drink","Fabulous","1567.68","1244.09","above average"
945,"Fabulous Diet Cola","Fabulous","994.08","1244.09","below average"
947,"Fabulous Cranberry Juice","Fabulous","393.25","1244.09","below average"
909,"Fantastic Wheat Bread","Fantastic","917.60","1046.37","below average"
906,"Fantastic Muffins","Fantastic","345.87","1046.37","below average"
903,"Fantastic Rye Bread","Fantastic","1572.48","1046.37","above average"
908,"Fantastic Blueberry Muffins","Fantastic","400.20","1046.37","below average"
902,"Fantastic White Bread","Fantastic","531.56","1046.37","below average"
905,"Fantastic Cranberry Muffins","Fantastic","1304.80","1046.37","above average"
904,"Fantastic English Muffins","Fantastic","856.50","1046.37","below average"
907,"Fantastic Bagels","Fantastic","1822.86","1046.37","above average"
901,"Fantastic Pumpernickel Bread","Fantastic","1665.43","1046.37","above average"
529,"Fast BBQ Potato Chips","Fast","1278.96","1125.91","above average"
557,"Fast Raspberry Fruit Roll","Fast","688.16","1125.91","below average"
555,"Fast Apple Fruit Roll","Fast","1558.08","1125.91","above average"
541,"Fast No Salt Popcorn","Fast","1056.56","1125.91","below average"
537,"Fast Lemon Cookies","Fast","1348.85","1125.91","above average"
551,"Fast Low Fat Chips","Fast","1794.39","1125.91","above average"
549,"Fast Beef Jerky","Fast","1058.40","1125.91","below average"
528,"Fast Low Fat Cookies","Fast","513.60","1125.91","below average"
548,"Fast Mini Donuts","Fast","1455.80","1125.91","above average"
562,"Fast Dried Apricots","Fast","294.41","1125.91","below average"
556,"Fast Strawberry Fruit Roll","Fast","1563.25","1125.91","above average"
536,"Fast Potato Chips","Fast","955.50","1125.91","below average"
539,"Fast Cheese Crackers","Fast","1948.54","1125.91","above average"
530,"Fast Corn Chips","Fast","1849.92","1125.91","above average"
543,"Fast Salsa Dip","Fast","811.80","1125.91","below average"
563,"Fast Frosted Donuts","Fast","966.00","1125.91","below average"
532,"Fast Sugar Cookies","Fast","2012.40","1125.91","above average"
547,"Fast Fondue Mix","Fast","1367.52","1125.91","above average"
550,"Fast Chocolate Donuts","Fast","1284.00","1125.91","above average"
538,"Fast Graham Crackers","Fast","483.60","1125.91","below average"
561,"Fast Golden Raisins","Fast","359.59","1125.91","below average"
560,"Fast Raisins","Fast","624.00","1125.91","below average"
554,"Fast Dried Apples","Fast","1745.84","1125.91","above average"
542,"Fast Low Fat Popcorn","Fast","807.85","1125.91","below average"
544,"Fast Avocado Dip","Fast","1719.85","1125.91","above average"
546,"Fast Cheese Dip","Fast","1592.94","1125.91","above average"
531,"Fast Low Fat BBQ Chips","Fast","311.40","1125.91","below average"
552,"Fast Sesame Crackers","Fast","273.90","1125.91","below average"
533,"Fast Chocolate Chip Cookies","Fast","1364.88","1125.91","above average"
534,"Fast Fudge Cookies","Fast","1595.36","1125.91","above average"
540,"Fast Buttered Popcorn","Fast","251.94","1125.91","below average"
553,"Fast Frosted Cookies","Fast","1044.77","1125.91","below average"
559,"Fast Dried Dates","Fast","1859.76","1125.91","above average"
535,"Fast Fudge Brownies","Fast","1442.72","1125.91","above average"
545,"Fast Salted Pretzels","Fast","809.10","1125.91","below average"
558,"Fast Grape Fruit Roll","Fast","439.20","1125.91","below average"
127,"Faux Products Dishwasher Detergent","Faux Products","927.42","1054.08","below average"
117,"Faux Products Deodorant","Faux Products","1443.75","1054.08","above average"
119,"Faux Products Extra Moisture Shampoo","Faux Products","1178.76","1054.08","above average"
131,"Faux Products Mint Mouthwash","Faux Products","1269.60","1054.08","above average"
115,"Faux Products Whitening Toothpast","Faux Products","340.60","1054.08","below average"
116,"Faux Products Toothpaste","Faux Products","1901.63","1054.08","above average"
125,"Faux Products 200 MG Acetominifen","Faux Products","1164.64","1054.08","above average"
120,"Faux Products Angled Toothbrush","Faux Products","1127.74","1054.08","above average"
126,"Faux Products HCL Nasal Spray","Faux Products","887.11","1054.08","below average"
121,"Faux Products Apricot Shampoo","Faux Products","1624.10","1054.08","above average"
114,"Faux Products Tartar Control Toothpaste","Faux Products","437.92","1054.08","below average"
128,"Faux Products Multi-Symptom Cold Remedy","Faux Products","293.62","1054.08","below average"
118,"Faux Products Conditioning Shampoo","Faux Products","849.52","1054.08","below average"
113,"Faux Products Silky Smooth Hair Conditioner","Faux Products","950.35","1054.08","below average"
130,"Faux Products Laundry Detergent","Faux Products","1224.27","1054.08","above average"
122,"Faux Products Childrens Aspirin","Faux Products","1010.92","1054.08","below average"
129,"Faux Products Childrens Cold Remedy","Faux Products","804.45","1054.08","below average"
123,"Faux Products Buffered Aspirin","Faux Products","1977.60","1054.08","above average"
124,"Faux Products 200 MG Ibuprofen","Faux Products","613.47","1054.08","below average"
787,"Footnote Seasoned Hamburger","Footnote","849.30","687.52","above average"
786,"Footnote Extra Lean Hamburger","Footnote","525.74","687.52","below average"
1468,"Fort West Corn Chips","Fort West","618.66","1112.81","below average"
1481,"Fort West Salsa Dip","Fort West","829.90","1112.81","below average"
1493,"Fort West Apple Fruit Roll","Fort West","1999.80","1112.81","above average"
1494,"Fort West Strawberry Fruit Roll","Fort West","882.00","1112.81","below average"
1478,"Fort West Buttered Popcorn","Fort West","1369.90","1112.81","above average"
1497,"Fort West Dried Dates","Fort West","1733.83","1112.81","above average"
1496,"Fort West Grape Fruit Roll","Fort West","1249.82","1112.81","above average"
1488,"Fort West Chocolate Donuts","Fort West","1214.46","1112.81","above average"
1487,"Fort West Beef Jerky","Fort West","549.10","1112.81","below average"
1472,"Fort West Fudge Cookies","Fort West","1243.00","1112.81","above average"
1495,"Fort West Raspberry Fruit Roll","Fort West","1830.48","1112.81","above average"
1489,"Fort West Low Fat Chips","Fort West","882.30","1112.81","below average"
1483,"Fort West Salted Pretzels","Fort West","1105.47","1112.81","below average"
1501,"Fort West Frosted Donuts","Fort West","1330.56","1112.81","above average"
1500,"Fort West Dried Apricots","Fort West","1388.16","1112.81","above average"
1466,"Fort West Low Fat Cookies","Fort West","968.40","1112.81","below average"
1467,"Fort West BBQ Potato Chips","Fort West","2328.00","1112.81","above average"
1477,"Fort West Cheese Crackers","Fort West","1393.20","1112.81","above average"
1484,"Fort West Cheese Dip","Fort West","345.84","1112.81","below average"
1473,"Fort West Fudge Brownies","Fort West","1314.52","1112.81","above average"
1492,"Fort West Dried Apples","Fort West","779.76","1112.81","below average"
1474,"Fort West Potato Chips","Fort West","1098.65","1112.81","below average"
1480,"Fort West Low Fat Popcorn","Fort West","796.32","1112.81","below average"
1470,"Fort West Sugar Cookies","Fort West","1255.61","1112.81","above average"
1476,"Fort West Graham Crackers","Fort West","1089.32","1112.81","below average"
1475,"Fort West Lemon Cookies","Fort West","1780.00","1112.81","above average"
1479,"Fort West No Salt Popcorn","Fort West","772.34","1112.81","below average"
1486,"Fort West Mini Donuts","Fort West","888.22","1112.81","below average"
1482,"Fort West Avocado Dip","Fort West","323.40","1112.81","below average"
1491,"Fort West Frosted Cookies","Fort West","1377.72","1112.81","above average"
1498,"Fort West Raisins","Fort West","1186.80","1112.81","above average"
1490,"Fort West Sesame Crackers","Fort West","705.60","1112.81","below average"
1485,"Fort West Fondue Mix","Fort West","843.00","1112.81","below average"
1499,"Fort West Golden Raisins","Fort West","779.79","1112.81","below average"
1471,"Fort West Chocolate Chip Cookies","Fort West","806.00","1112.81","below average"
1469,"Fort West Low Fat BBQ Chips","Fort West","1001.10","1112.81","below average"
1290,"Framton Eyeglass Screwdriver","Framton","1743.03","1600.62","above average"
1291,"Framton City Map","Framton","1458.20","1600.62","below average"
1416,"Gauss Monthly Auto Magazine","Gauss","1665.22","1437.36","above average"
1415,"Gauss Monthly Sports Magazine","Gauss","2143.20","1437.36","above average"
1418,"Gauss Monthly Home Magazine","Gauss","814.66","1437.36","below average"
1417,"Gauss Monthly Computer Magazine","Gauss","2126.29","1437.36","above average"
1419,"Gauss Monthly Fashion Magazine","Gauss","437.41","1437.36","below average"
1102,"Genteel Extra Lean Hamburger","Genteel","1037.40","827.48","above average"
1103,"Genteel Seasoned Hamburger","Genteel","617.55","827.48","below average"
1414,"Gerolli Seasoned Hamburger","Gerolli","710.20","1389.38","below average"
1413,"Gerolli Extra Lean Hamburger","Gerolli","2068.56","1389.38","above average"
1328,"Giant Small Eggs","Giant","1170.68","1073.14","above average"
1327,"Giant Large Brown Eggs","Giant","1850.88","1073.14","above average"
1329,"Giant Large Eggs","Giant","843.15","1073.14","below average"
1330,"Giant Egg Substitute","Giant","647.71","1073.14","below average"
1326,"Giant Small Brown Eggs","Giant","853.29","1073.14","below average"
90,"Golden Waffles","Golden","401.94","1066.09","below average"
96,"Golden Turkey TV Dinner","Golden","1099.31","1066.09","above average"
82,"Golden Low Fat Waffles","Golden","1412.10","1066.09","above average"
106,"Golden Frozen Broccoli","Golden","1518.48","1066.09","above average"
102,"Golden Lime Popsicles","Golden","1288.70","1066.09","above average"
89,"Golden Fajita French Fries","Golden","796.59","1066.09","below average"
97,"Golden Chicken TV Dinner","Golden","329.81","1066.09","below average"
94,"Golden Apple Cinnamon Waffles","Golden","331.70","1066.09","below average"
86,"Golden Low Fat French Fries","Golden","1719.63","1066.09","above average"
108,"Golden Frozen Peas","Golden","1140.99","1066.09","above average"
92,"Golden Frozen Cheese Pizza","Golden","421.64","1066.09","below average"
95,"Golden Frozen Carrots","Golden","865.78","1066.09","below average"
83,"Golden Orange Popsicles","Golden","2060.28","1066.09","above average"
91,"Golden Frozen Pepperoni Pizza","Golden","1136.32","1066.09","above average"
85,"Golden Frozen Pancakes","Golden","735.76","1066.09","below average"
93,"Golden Frozen Mushroom Pizza","Golden","491.52","1066.09","below average"
107,"Golden Frozen Corn","Golden","1020.84","1066.09","below average"
101,"Golden Home Style French Fries","Golden","334.80","1066.09","below average"
99,"Golden Pancake Mix","Golden","1182.36","1066.09","above average"
112,"Golden Lemon Popsicles","Golden","620.37","1066.09","below average"
98,"Golden Beef TV Dinner","Golden","960.75","1066.09","below average"
104,"Golden Ice Cream Sandwich","Golden","1968.34","1066.09","above average"
103,"Golden Ice Cream","Golden","492.10","1066.09","below average"
88,"Golden Blueberry Waffles","Golden","477.30","1066.09","below average"
100,"Golden Grape Popsicles","Golden","996.45","1066.09","below average"
105,"Golden Frozen Cauliflower","Golden","1938.12","1066.09","above average"
87,"Golden Frozen Sausage Pizza","Golden","833.04","1066.09","below average"
111,"Golden Frozen Chicken Wings","Golden","1980.12","1066.09","above average"
110,"Golden Frozen Chicken Thighs","Golden","1125.65","1066.09","above average"
84,"Golden Frozen Chicken Breast","Golden","1317.89","1066.09","above average"
109,"Golden Popsicles","Golden","2050.05","1066.09","above average"
273,"Good Light Beer","Good","1164.12","1231.74","below average"
267,"Good Light Wine","Good","454.01","1231.74","below average"
272,"Good White Zinfandel Wine","Good","2177.87","1231.74","above average"
269,"Good Chablis Wine","Good","1635.84","1231.74","above average"
266,"Good Imported Beer","Good","981.72","1231.74","below average"
271,"Good Chardonnay","Good","1331.94","1231.74","above average"
268,"Good Chardonnay Wine","Good","970.53","1231.74","below average"
270,"Good Merlot Wine","Good","1137.92","1231.74","below average"
674,"Gorilla Cheese Spread","Gorilla","1650.42","1198.56","above average"
681,"Gorilla 1% Milk","Gorilla","1124.70","1198.56","below average"
680,"Gorilla Chocolate Milk","Gorilla","782.04","1198.56","below average"
667,"Gorilla Sour Cream","Gorilla","1276.80","1198.56","above average"
682,"Gorilla Whole Milk","Gorilla","272.06","1198.56","below average"
676,"Gorilla Mild Cheddar Cheese","Gorilla","1720.67","1198.56","above average"
669,"Gorilla Muenster Cheese","Gorilla","891.00","1198.56","below average"
665,"Gorilla Low Fat Cottage Cheese","Gorilla","813.26","1198.56","below average"
671,"Gorilla Low Fat String Cheese","Gorilla","1579.27","1198.56","above average"
677,"Gorilla Large Curd Cottage Cheese","Gorilla","1574.72","1198.56","above average"
679,"Gorilla Buttermilk","Gorilla","733.08","1198.56","below average"
675,"Gorilla Sharp Cheddar Cheese","Gorilla","1838.08","1198.56","above average"
672,"Gorilla Havarti Cheese","Gorilla","1609.88","1198.56","above average"
684,"Gorilla Blueberry Yogurt","Gorilla","345.44","1198.56","below average"
678,"Gorilla 2% Milk","Gorilla","1885.59","1198.56","above average"
666,"Gorilla Low Fat Sour Cream","Gorilla","463.69","1198.56","below average"
670,"Gorilla String Cheese","Gorilla","814.45","1198.56","below average"
668,"Gorilla Jack Cheese","Gorilla","2047.53","1198.56","above average"
683,"Gorilla Strawberry Yogurt","Gorilla","1162.08","1198.56","below average"
673,"Gorilla Head Cheese","Gorilla","1386.44","1198.56","above average"
280,"Great Bagels","Great","999.12","1598.74","below average"
281,"Great Blueberry Muffins","Great","1451.76","1598.74","below average"
278,"Great Cranberry Muffins","Great","1868.16","1598.74","above average"
276,"Great Rye Bread","Great","2134.58","1598.74","above average"
279,"Great Muffins","Great","1469.22","1598.74","below average"
282,"Great Wheat Bread","Great","523.59","1598.74","below average"
277,"Great English Muffins","Great","1597.83","1598.74","below average"
274,"Great Pumpernickel Bread","Great","2408.56","1598.74","above average"
275,"Great White Bread","Great","1935.84","1598.74","above average"
38,"Green Ribbon Canned Mixed Fruit","Green Ribbon","640.59","1058.92","below average"
39,"Green Ribbon Canned Peaches","Green Ribbon","1477.25","1058.92","above average"
1509,"Gulf Coast White Chocolate Bar","Gulf Coast","1472.12","1452.22","above average"
1502,"Gulf Coast Tasty Candy Bar","Gulf Coast","1376.90","1452.22","below average"
1506,"Gulf Coast Bubble Gum","Gulf Coast","1961.96","1452.22","above average"
1507,"Gulf Coast Spicy Mints","Gulf Coast","951.28","1452.22","below average"
1503,"Gulf Coast Mint Chocolate Bar","Gulf Coast","1555.26","1452.22","above average"
1504,"Gulf Coast Malted Milk Balls","Gulf Coast","880.86","1452.22","below average"
1505,"Gulf Coast Semi-Sweet Chocolate Bar","Gulf Coast","1529.00","1452.22","above average"
1508,"Gulf Coast Mints","Gulf Coast","1890.36","1452.22","above average"
1426,"Hermanos Prepared Salad","Hermanos","2030.82","1287.72","above average"
1439,"Hermanos Dried Mushrooms","Hermanos","753.00","1287.72","below average"
1447,"Hermanos Red Delcious Apples","Hermanos","1630.96","1287.72","above average"
1438,"Hermanos Baby Onion","Hermanos","801.45","1287.72","below average"
1457,"Hermanos Cantelope","Hermanos","1529.72","1287.72","above average"
1442,"Hermanos Limes","Hermanos","859.36","1287.72","below average"
1443,"Hermanos Firm Tofu","Hermanos","1284.64","1287.72","below average"
1421,"Hermanos Corn on the Cob","Hermanos","1621.64","1287.72","above average"
1461,"Hermanos Oranges","Hermanos","1418.24","1287.72","above average"
1423,"Hermanos Sweet Peas","Hermanos","1424.37","1287.72","above average"
1427,"Hermanos Onions","Hermanos","1775.61","1287.72","above average"
1437,"Hermanos Mushrooms","Hermanos","913.50","1287.72","below average"
1452,"Hermanos Broccoli","Hermanos","1632.85","1287.72","above average"
1459,"Hermanos Fuji Apples","Hermanos","682.11","1287.72","below average"
1454,"Hermanos Mixed Nuts","Hermanos","2013.66","1287.72","above average"
1456,"Hermanos Sweet Onion","Hermanos","1052.25","1287.72","below average"
1429,"Hermanos Shitake Mushrooms","Hermanos","1437.60","1287.72","above average"
1422,"Hermanos Asparagus","Hermanos","1139.53","1287.72","below average"
1450,"Hermanos Plums","Hermanos","1567.82","1287.72","above average"
1433,"Hermanos Garlic","Hermanos","1351.82","1287.72","above average"
1431,"Hermanos Elephant Garlic","Hermanos","1779.42","1287.72","above average"
1424,"Hermanos New Potatos","Hermanos","2103.58","1287.72","above average"
1430,"Hermanos Lettuce","Hermanos","1780.80","1287.72","above average"
1448,"Hermanos Lemons","Hermanos","2277.32","1287.72","above average"
1441,"Hermanos Squash","Hermanos","784.69","1287.72","below average"
1444,"Hermanos Almonds","Hermanos","1003.20","1287.72","below average"
1451,"Hermanos Peaches","Hermanos","960.66","1287.72","below average"
1432,"Hermanos Red Pepper","Hermanos","1081.80","1287.72","below average"
1425,"Hermanos Beets","Hermanos","1170.66","1287.72","below average"
1453,"Hermanos Mandarin Oranges","Hermanos","1906.43","1287.72","above average"
1445,"Hermanos Macintosh Apples","Hermanos","415.14","1287.72","below average"
1435,"Hermanos Cauliflower","Hermanos","1585.76","1287.72","above average"
1455,"Hermanos Canned Peanuts","Hermanos","1356.08","1287.72","above average"
1449,"Hermanos Fancy Plums","Hermanos","441.96","1287.72","below average"
1420,"Hermanos Summer Squash","Hermanos","984.37","1287.72","below average"
1458,"Hermanos Honey Dew","Hermanos","1438.40","1287.72","above average"
1460,"Hermanos Walnuts","Hermanos","1120.38","1287.72","below average"
1436,"Hermanos Tomatos","Hermanos","569.48","1287.72","below average"
1440,"Hermanos Fresh Lima Beans","Hermanos","1626.99","1287.72","above average"
1463,"Hermanos Party Nuts","Hermanos","1128.60","1287.72","below average"
1434,"Hermanos Potatos","Hermanos","597.99","1287.72","below average"
1428,"Hermanos Green Pepper","Hermanos","2489.70","1287.72","above average"
1446,"Hermanos Golden Delcious Apples","Hermanos","777.42","1287.72","below average"
1462,"Hermanos Tangerines","Hermanos","357.70","1287.72","below average"
1082,"High Quality Glass Cleaner","High Quality","1025.67","1250.47","below average"
1092,"High Quality Room Freshener","High Quality","1437.52","1250.47","above average"
1086,"High Quality Paper Towels","High Quality","1325.72","1250.47","above average"
1093,"High Quality Frying Pan","High Quality","1626.99","1250.47","above average"
1089,"High Quality Toilet Paper","High Quality","1358.50","1250.47","above average"
1101,"High Quality Screw Driver","High Quality","1179.00","1250.47","below average"
1080,"High Quality Toilet Bowl Cleaner","High Quality","1042.44","1250.47","below average"
1081,"High Quality Counter Cleaner","High Quality","1457.91","1250.47","above average"
1072,"High Quality Plastic Spoons","High Quality","943.80","1250.47","below average"
1091,"High Quality Scented Toilet Tissue","High Quality","2079.04","1250.47","above average"
1070,"High Quality 60 Watt Lightbulb","High Quality","1986.66","1250.47","above average"
1097,"High Quality Copper Pot Scrubber","High Quality","1027.70","1250.47","below average"
1100,"High Quality Large Sponge","High Quality","414.72","1250.47","below average"
1087,"High Quality Soft Napkins","High Quality","889.76","1250.47","below average"
1099,"High Quality Scissors","High Quality","1756.08","1250.47","above average"
1084,"High Quality AA-Size Batteries","High Quality","720.62","1250.47","below average"
1095,"High Quality Bees Wax Candles","High Quality","827.92","1250.47","below average"
1071,"High Quality Plastic Forks","High Quality","1269.84","1250.47","above average"
1098,"High Quality Economy Toilet Brush","High Quality","668.59","1250.47","below average"
1078,"High Quality Paper Cups","High Quality","851.16","1250.47","below average"
1094,"High Quality Copper Cleaner","High Quality","1885.00","1250.47","above average"
1076,"High Quality AAA-Size Batteries","High Quality","1607.04","1250.47","above average"
1079,"High Quality 75 Watt Lightbulb","High Quality","1089.53","1250.47","below average"
1075,"High Quality 100 Watt Lightbulb","High Quality","782.32","1250.47","below average"
1074,"High Quality C-Size Batteries","High Quality","1430.41","1250.47","above average"
1085,"High Quality D-Size Batteries","High Quality","1220.80","1250.47","below average"
1083,"High Quality 25 Watt Lightbulb","High Quality","276.00","1250.47","below average"
1096,"High Quality Silver Cleaner","High Quality","1359.36","1250.47","above average"
1077,"High Quality Paper Plates","High Quality","1832.64","1250.47","above average"
1088,"High Quality Scented Tissue","High Quality","1693.20","1250.47","above average"
1090,"High Quality Tissues","High Quality","1113.70","1250.47","below average"
1073,"High Quality Plastic Knives","High Quality","1835.40","1250.47","above average"
191,"High Top Fresh Lima Beans","High Top","1406.30","1072.74","above average"
186,"High Top Cauliflower","High Top","1137.30","1072.74","above average"
203,"High Top Broccoli","High Top","301.14","1072.74","below average"
179,"High Top Green Pepper","High Top","1597.75","1072.74","above average"
200,"High Top Fancy Plums","High Top","1205.75","1072.74","above average"
205,"High Top Mixed Nuts","High Top","1357.71","1072.74","above average"
199,"High Top Lemons","High Top","833.33","1072.74","below average"
171,"High Top Summer Squash","High Top","1392.40","1072.74","above average"
181,"High Top Lettuce","High Top","447.33","1072.74","below average"
196,"High Top Macintosh Apples","High Top","1269.58","1072.74","above average"
187,"High Top Tomatos","High Top","595.32","1072.74","below average"
178,"High Top Onions","High Top","574.56","1072.74","below average"
176,"High Top Beets","High Top","1123.65","1072.74","above average"
213,"High Top Tangerines","High Top","295.68","1072.74","below average"
188,"High Top Mushrooms","High Top","1465.44","1072.74","above average"
184,"High Top Garlic","High Top","1747.60","1072.74","above average"
193,"High Top Limes","High Top","1725.92","1072.74","above average"
180,"High Top Shitake Mushrooms","High Top","343.62","1072.74","below average"
211,"High Top Walnuts","High Top","1338.24","1072.74","above average"
173,"High Top Asparagus","High Top","756.47","1072.74","below average"
201,"High Top Plums","High Top","992.25","1072.74","below average"
195,"High Top Almonds","High Top","892.08","1072.74","below average"
207,"High Top Sweet Onion","High Top","644.80","1072.74","below average"
183,"High Top Red Pepper","High Top","1178.49","1072.74","above average"
206,"High Top Canned Peanuts","High Top","1040.23","1072.74","below average"
194,"High Top Firm Tofu","High Top","1572.48","1072.74","above average"
174,"High Top Sweet Peas","High Top","841.32","1072.74","below average"
182,"High Top Elephant Garlic","High Top","997.28","1072.74","below average"
185,"High Top Potatos","High Top","302.10","1072.74","below average"
208,"High Top Cantelope","High Top","1071.98","1072.74","below average"
192,"High Top Squash","High Top","826.88","1072.74","below average"
177,"High Top Prepared Salad","High Top","798.46","1072.74","below average"
175,"High Top New Potatos","High Top","2313.85","1072.74","above average"
190,"High Top Dried Mushrooms","High Top","1929.84","1072.74","above average"
214,"High Top Party Nuts","High Top","1381.80","1072.74","above average"
189,"High Top Baby Onion","High Top","1752.60","1072.74","above average"
198,"High Top Red Delcious Apples","High Top","463.68","1072.74","below average"
202,"High Top Peaches","High Top","768.84","1072.74","below average"
204,"High Top Mandarin Oranges","High Top","840.00","1072.74","below average"
209,"High Top Honey Dew","High Top","886.38","1072.74","below average"
210,"High Top Fuji Apples","High Top","699.16","1072.74","below average"
197,"High Top Golden Delcious Apples","High Top","1373.52","1072.74","above average"
212,"High Top Oranges","High Top","884.78","1072.74","below average"
172,"High Top Corn on the Cob","High Top","1832.64","1072.74","above average"
1371,"Hilltop Childrens Aspirin","Hilltop","1301.69","1402.34","below average"
1368,"Hilltop Extra Moisture Shampoo","Hilltop","2161.95","1402.34","above average"
1373,"Hilltop 200 MG Ibuprofen","Hilltop","2170.80","1402.34","above average"
1365,"Hilltop Toothpaste","Hilltop","314.29","1402.34","below average"
1369,"Hilltop Angled Toothbrush","Hilltop","1886.04","1402.34","above average"
1372,"Hilltop Buffered Aspirin","Hilltop","1461.63","1402.34","above average"
1374,"Hilltop 200 MG Acetominifen","Hilltop","1667.53","1402.34","above average"
1376,"Hilltop Dishwasher Detergent","Hilltop","976.08","1402.34","below average"
1377,"Hilltop Multi-Symptom Cold Remedy","Hilltop","1621.59","1402.34","above average"
1363,"Hilltop Tartar Control Toothpaste","Hilltop","1417.78","1402.34","above average"
1375,"Hilltop HCL Nasal Spray","Hilltop","1118.25","1402.34","below average"
1378,"Hilltop Childrens Cold Remedy","Hilltop","423.40","1402.34","below average"
1370,"Hilltop Apricot Shampoo","Hilltop","1299.48","1402.34","below average"
1362,"Hilltop Silky Smooth Hair Conditioner","Hilltop","990.85","1402.34","below average"
1380,"Hilltop Mint Mouthwash","Hilltop","2447.12","1402.34","above average"
1379,"Hilltop Laundry Detergent","Hilltop","956.16","1402.34","below average"
1367,"Hilltop Conditioning Shampoo","Hilltop","1967.07","1402.34","above average"
1364,"Hilltop Whitening Toothpast","Hilltop","798.40","1402.34","below average"
1366,"Hilltop Deodorant","Hilltop","1664.28","1402.34","above average"
1182,"Horatio Apple Fruit Roll","Horatio","831.60","1216.33","below average"
1165,"Horatio Graham Crackers","Horatio","1635.60","1216.33","above average"
1184,"Horatio Raspberry Fruit Roll","Horatio","1584.72","1216.33","above average"
1180,"Horatio Frosted Cookies","Horatio","2262.00","1216.33","above average"
1181,"Horatio Dried Apples","Horatio","902.70","1216.33","below average"
1172,"Horatio Salted Pretzels","Horatio","1625.99","1216.33","above average"
1168,"Horatio No Salt Popcorn","Horatio","2005.50","1216.33","above average"
1160,"Horatio Chocolate Chip Cookies","Horatio","1338.60","1216.33","above average"
1190,"Horatio Frosted Donuts","Horatio","741.00","1216.33","below average"
1162,"Horatio Fudge Brownies","Horatio","928.56","1216.33","below average"
1164,"Horatio Lemon Cookies","Horatio","824.22","1216.33","below average"
1175,"Horatio Mini Donuts","Horatio","809.64","1216.33","below average"
1178,"Horatio Low Fat Chips","Horatio","1969.38","1216.33","above average"
1188,"Horatio Golden Raisins","Horatio","952.28","1216.33","below average"
1183,"Horatio Strawberry Fruit Roll","Horatio","817.74","1216.33","below average"
1169,"Horatio Low Fat Popcorn","Horatio","1546.62","1216.33","above average"
1171,"Horatio Avocado Dip","Horatio","1656.78","1216.33","above average"
1173,"Horatio Cheese Dip","Horatio","1288.98","1216.33","above average"
1157,"Horatio Corn Chips","Horatio","1696.80","1216.33","above average"
1179,"Horatio Sesame Crackers","Horatio","1459.65","1216.33","above average"
1156,"Horatio BBQ Potato Chips","Horatio","962.78","1216.33","below average"
1163,"Horatio Potato Chips","Horatio","448.54","1216.33","below average"
1155,"Horatio Low Fat Cookies","Horatio","1000.16","1216.33","below average"
1174,"Horatio Fondue Mix","Horatio","1171.32","1216.33","below average"
1167,"Horatio Buttered Popcorn","Horatio","1099.80","1216.33","below average"
1189,"Horatio Dried Apricots","Horatio","417.24","1216.33","below average"
1170,"Horatio Salsa Dip","Horatio","1274.65","1216.33","above average"
1161,"Horatio Fudge Cookies","Horatio","2218.62","1216.33","above average"
1176,"Horatio Beef Jerky","Horatio","872.10","1216.33","below average"
1166,"Horatio Cheese Crackers","Horatio","1253.07","1216.33","above average"
1186,"Horatio Dried Dates","Horatio","824.88","1216.33","below average"
1187,"Horatio Raisins","Horatio","1049.40","1216.33","below average"
1159,"Horatio Sugar Cookies","Horatio","2041.20","1216.33","above average"
1158,"Horatio Low Fat BBQ Chips","Horatio","652.08","1216.33","below average"
1185,"Horatio Grape Fruit Roll","Horatio","730.35","1216.33","below average"
1177,"Horatio Chocolate Donuts","Horatio","893.20","1216.33","below average"
727,"Imagine Frozen Cauliflower","Imagine","922.53","1140.14","below average"
713,"Imagine Frozen Pepperoni Pizza","Imagine","1702.32","1140.14","above average"
717,"Imagine Frozen Carrots","Imagine","2050.16","1140.14","above average"
712,"Imagine Waffles","Imagine","2128.50","1140.14","above average"
729,"Imagine Frozen Corn","Imagine","1007.92","1140.14","below average"
731,"Imagine Popsicles","Imagine","2160.27","1140.14","above average"
718,"Imagine Turkey TV Dinner","Imagine","1306.16","1140.14","above average"
730,"Imagine Frozen Peas","Imagine","978.68","1140.14","below average"
734,"Imagine Lemon Popsicles","Imagine","295.47","1140.14","below average"
728,"Imagine Frozen Broccoli","Imagine","1043.28","1140.14","below average"
732,"Imagine Frozen Chicken Thighs","Imagine","460.46","1140.14","below average"
710,"Imagine Blueberry Waffles","Imagine","622.37","1140.14","below average"
709,"Imagine Frozen Sausage Pizza","Imagine","290.13","1140.14","below average"
706,"Imagine Frozen Chicken Breast","Imagine","1799.20","1140.14","above average"
705,"Imagine Orange Popsicles","Imagine","443.52","1140.14","below average"
720,"Imagine Beef TV Dinner","Imagine","421.40","1140.14","below average"
721,"Imagine Pancake Mix","Imagine","1154.86","1140.14","above average"
723,"Imagine Home Style French Fries","Imagine","257.55","1140.14","below average"
733,"Imagine Frozen Chicken Wings","Imagine","1129.05","1140.14","below average"
726,"Imagine Ice Cream Sandwich","Imagine","1601.79","1140.14","above average"
722,"Imagine Grape Popsicles","Imagine","1437.64","1140.14","above average"
725,"Imagine Ice Cream","Imagine","877.61","1140.14","below average"
714,"Imagine Frozen Cheese Pizza","Imagine","1593.00","1140.14","above average"
711,"Imagine Fajita French Fries","Imagine","1583.72","1140.14","above average"
708,"Imagine Low Fat French Fries","Imagine","1858.40","1140.14","above average"
707,"Imagine Frozen Pancakes","Imagine","948.09","1140.14","below average"
716,"Imagine Apple Cinnamon Waffles","Imagine","836.22","1140.14","below average"
715,"Imagine Frozen Mushroom Pizza","Imagine","863.35","1140.14","below average"
704,"Imagine Low Fat Waffles","Imagine","790.55","1140.14","below average"
719,"Imagine Chicken TV Dinner","Imagine","1180.90","1140.14","above average"
724,"Imagine Lime Popsicles","Imagine","1599.36","1140.14","above average"
980,"James Bay City Map","James Bay","963.20","1498.42","below average"
979,"James Bay Eyeglass Screwdriver","James Bay","2033.64","1498.42","above average"
1510,"Jardon Ravioli","Jardon","529.92","520.62","above average"
1513,"Jardon Thai Rice","Jardon","875.90","520.62","above average"
1514,"Jardon Rice Medly","Jardon","283.62","520.62","below average"
1512,"Jardon Spaghetti","Jardon","254.88","520.62","below average"
1511,"Jardon Manicotti","Jardon","658.80","520.62","above average"
14,"Jeffers Wheat Puffs","Jeffers","876.22","1041.88","below average"
12,"Jeffers Oatmeal","Jeffers","871.64","1041.88","below average"
15,"Jeffers Grits","Jeffers","1145.00","1041.88","above average"
13,"Jeffers Corn Puffs","Jeffers","1274.65","1041.88","above average"
1264,"Johnson Grits","Johnson","1320.70","624.41","above average"
1262,"Johnson Corn Puffs","Johnson","418.00","624.41","below average"
1261,"Johnson Oatmeal","Johnson","334.80","624.41","below average"
1263,"Johnson Wheat Puffs","Johnson","424.13","624.41","below average"
699,"Jumbo Small Brown Eggs","Jumbo","627.64","1065.15","below average"
702,"Jumbo Large Eggs","Jumbo","1804.80","1065.15","above average"
701,"Jumbo Small Eggs","Jumbo","334.50","1065.15","below average"
700,"Jumbo Large Brown Eggs","Jumbo","1082.72","1065.15","above average"
703,"Jumbo Egg Substitute","Jumbo","1476.09","1065.15","above average"
961,"Just Right Noodle Soup","Just Right","721.81","1087.82","below average"
958,"Just Right Canned Yams","Just Right","801.04","1087.82","below average"
962,"Just Right Regular Ramen Soup","Just Right","970.53","1087.82","below average"
967,"Just Right Chicken Ramen Soup","Just Right","363.56","1087.82","below average"
959,"Just Right Vegetable Soup","Just Right","820.50","1087.82","below average"
956,"Just Right Canned String Beans","Just Right","697.20","1087.82","below average"
963,"Just Right Chicken Noodle Soup","Just Right","1370.40","1087.82","above average"
955,"Just Right Creamed Corn","Just Right","1846.06","1087.82","above average"
971,"Just Right Fancy Canned Anchovies","Just Right","1576.05","1087.82","above average"
969,"Just Right Canned Tuna in Oil","Just Right","989.12","1087.82","below average"
957,"Just Right Chicken Soup","Just Right","1392.93","1087.82","above average"
975,"Just Right Rice Soup","Just Right","2286.08","1087.82","above average"
970,"Just Right Large Canned Shrimp","Just Right","1545.67","1087.82","above average"
973,"Just Right Fancy Canned Oysters","Just Right","749.06","1087.82","below average"
968,"Just Right Canned Tuna in Water","Just Right","710.40","1087.82","below average"
972,"Just Right Fancy Canned Clams","Just Right","1239.88","1087.82","above average"
965,"Just Right Beef Soup","Just Right","882.81","1087.82","below average"
966,"Just Right Canned Peas","Just Right","1202.67","1087.82","above average"
954,"Just Right Canned Beets","Just Right","939.60","1087.82","below average"
974,"Just Right Fancy Canned Sardines","Just Right","445.56","1087.82","below average"
964,"Just Right Turkey Noodle Soup","Just Right","1215.89","1087.82","above average"
960,"Just Right Canned Tomatos","Just Right","1165.30","1087.82","above average"
40,"King Rosy Sunglasses","King","445.50","445.50","Equal to average"
527,"Kiwi Scallops","Kiwi","1289.96","1255.86","above average"
526,"Kiwi Lox","Kiwi","1221.75","1255.86","below average"
1316,"Lake Turkey Hot Dogs","Lake","399.73","1120.03","below average"
1323,"Lake Sliced Ham","Lake","1428.84","1120.03","above average"
1321,"Lake Corned Beef","Lake","1165.32","1120.03","above average"
1319,"Lake Cole Slaw","Lake","868.56","1120.03","below average"
1318,"Lake Low Fat Cole Slaw","Lake","504.99","1120.03","below average"
1314,"Lake Beef Bologna","Lake","328.32","1120.03","below average"
1320,"Lake Roasted Chicken","Lake","1463.00","1120.03","above average"
1324,"Lake Potato Salad","Lake","1976.07","1120.03","above average"
1322,"Lake Sliced Turkey","Lake","1776.00","1120.03","above average"
1317,"Lake Foot-Long Hot Dogs","Lake","1181.98","1120.03","above average"
1325,"Lake Sliced Chicken","Lake","785.07","1120.03","below average"
1313,"Lake Pimento Loaf","Lake","2112.88","1120.03","above average"
1312,"Lake Chicken Hot Dogs","Lake","792.54","1120.03","below average"
1315,"Lake Low Fat Bologna","Lake","897.12","1120.03","below average"
613,"Landslide Oregano","Landslide","931.84","940.19","below average"
597,"Landslide Brown Sugar","Landslide","1556.80","940.19","above average"
610,"Landslide Low Fat Apple Butter","Landslide","1298.44","940.19","above average"
617,"Landslide Strawberry Jam","Landslide","707.60","940.19","below average"
596,"Landslide Hot Chocolate","Landslide","314.24","940.19","below average"
607,"Landslide Columbian Coffee","Landslide","1345.52","940.19","above average"
609,"Landslide Pepper","Landslide","1538.46","940.19","above average"
612,"Landslide Apple Butter","Landslide","1408.96","940.19","above average"
611,"Landslide Salt","Landslide","456.74","940.19","below average"
614,"Landslide Apple Jelly","Landslide","1855.98","940.19","above average"
608,"Landslide Strawberry Jelly","Landslide","369.92","940.19","below average"
598,"Landslide White Sugar","Landslide","685.52","940.19","below average"
618,"Landslide Creamy Peanut Butter","Landslide","782.60","940.19","below average"
595,"Landslide Chunky Peanut Butter","Landslide","749.76","940.19","below average"
606,"Landslide Grape Preserves","Landslide","1529.05","940.19","above average"
615,"Landslide Grape Jam","Landslide","696.60","940.19","below average"
622,"Landslide Grape Jelly","Landslide","457.65","940.19","below average"
621,"Landslide Apple Preserves","Landslide","639.40","940.19","below average"
599,"Landslide French Roast Coffee","Landslide","1257.44","940.19","above average"
594,"Landslide Sesame Oil","Landslide","271.44","940.19","below average"
601,"Landslide Regular Coffee","Landslide","1020.27","940.19","above average"
602,"Landslide Vegetable Oil","Landslide","1234.78","940.19","above average"
605,"Landslide Canola Oil","Landslide","1328.68","940.19","above average"
619,"Landslide Strawberry Preserves","Landslide","1217.25","940.19","above average"
603,"Landslide Corn Oil","Landslide","667.89","940.19","below average"
604,"Landslide Tomato Sauce","Landslide","598.75","940.19","below average"
620,"Landslide Extra Chunky Peanut Butter","Landslide","353.32","940.19","below average"
616,"Landslide Apple Jam","Landslide","662.34","940.19","below average"
600,"Landslide Decaf Coffee","Landslide","1328.25","940.19","above average"
265,"Medalist Rice Medly","Medalist","2014.38","1648.24","above average"
262,"Medalist Manicotti","Medalist","738.34","1648.24","below average"
264,"Medalist Thai Rice","Medalist","1584.60","1648.24","below average"
263,"Medalist Spaghetti","Medalist","1957.00","1648.24","above average"
261,"Medalist Ravioli","Medalist","1946.88","1648.24","above average"
1104,"Mighty Good Monthly Sports Magazine","Mighty Good","1479.80","1096.72","above average"
1107,"Mighty Good Monthly Home Magazine","Mighty Good","1455.30","1096.72","above average"
1108,"Mighty Good Monthly Fashion Magazine","Mighty Good","851.16","1096.72","below average"
1106,"Mighty Good Monthly Computer Magazine","Mighty Good","779.76","1096.72","below average"
1105,"Mighty Good Monthly Auto Magazine","Mighty Good","917.60","1096.72","below average"
1524,"Modell White Bread","Modell","580.86","1128.15","below average"
1527,"Modell Cranberry Muffins","Modell","1622.74","1128.15","above average"
1523,"Modell Pumpernickel Bread","Modell","829.92","1128.15","below average"
1531,"Modell Wheat Bread","Modell","270.30","1128.15","below average"
1525,"Modell Rye Bread","Modell","2275.47","1128.15","above average"
1528,"Modell Muffins","Modell","1237.08","1128.15","above average"
1529,"Modell Bagels","Modell","1684.05","1128.15","above average"
1526,"Modell English Muffins","Modell","940.50","1128.15","below average"
1530,"Modell Blueberry Muffins","Modell","712.47","1128.15","below average"
385,"Moms Sliced Ham","Moms","856.44","1172.26","below average"
375,"Moms Pimento Loaf","Moms","1371.71","1172.26","above average"
386,"Moms Potato Salad","Moms","1424.97","1172.26","above average"
384,"Moms Sliced Turkey","Moms","333.72","1172.26","below average"
380,"Moms Low Fat Cole Slaw","Moms","739.32","1172.26","below average"
376,"Moms Beef Bologna","Moms","1457.34","1172.26","above average"
383,"Moms Corned Beef","Moms","1471.25","1172.26","above average"
387,"Moms Sliced Chicken","Moms","1426.72","1172.26","above average"
377,"Moms Low Fat Bologna","Moms","1182.30","1172.26","above average"
381,"Moms Cole Slaw","Moms","1160.34","1172.26","below average"
382,"Moms Roasted Chicken","Moms","1093.50","1172.26","below average"
378,"Moms Turkey Hot Dogs","Moms","658.23","1172.26","below average"
374,"Moms Chicken Hot Dogs","Moms","910.39","1172.26","below average"
379,"Moms Foot-Long Hot Dogs","Moms","2325.40","1172.26","above average"
885,"Monarch Spaghetti","Monarch","804.54","1322.21","below average"
886,"Monarch Thai Rice","Monarch","1430.60","1322.21","above average"
884,"Monarch Manicotti","Monarch","1666.60","1322.21","above average"
883,"Monarch Ravioli","Monarch","1557.30","1322.21","above average"
887,"Monarch Rice Medly","Monarch","1152.00","1322.21","below average"
1197,"Musial Mints","Musial","1748.98","1208.92","above average"
1193,"Musial Malted Milk Balls","Musial","453.01","1208.92","below average"
1195,"Musial Bubble Gum","Musial","942.88","1208.92","below average"
1192,"Musial Mint Chocolate Bar","Musial","560.56","1208.92","below average"
1196,"Musial Spicy Mints","Musial","1550.52","1208.92","above average"
1198,"Musial White Chocolate Bar","Musial","1797.32","1208.92","above average"
1191,"Musial Tasty Candy Bar","Musial","1207.50","1208.92","below average"
1194,"Musial Semi-Sweet Chocolate Bar","Musial","1410.62","1208.92","above average"
1018,"National Large Eggs","National","529.17","1070.55","below average"
1017,"National Small Eggs","National","1260.04","1070.55","above average"
1015,"National Small Brown Eggs","National","1088.43","1070.55","above average"
1019,"National Egg Substitute","National","1873.74","1070.55","above average"
1016,"National Large Brown Eggs","National","601.38","1070.55","below average"
859,"Nationeel Mini Donuts","Nationeel","738.84","1260.69","below average"
845,"Nationeel Fudge Cookies","Nationeel","732.72","1260.69","below average"
850,"Nationeel Cheese Crackers","Nationeel","686.28","1260.69","below average"
866,"Nationeel Apple Fruit Roll","Nationeel","1941.06","1260.69","above average"
867,"Nationeel Strawberry Fruit Roll","Nationeel","998.28","1260.69","below average"
872,"Nationeel Golden Raisins","Nationeel","1610.28","1260.69","above average"
855,"Nationeel Avocado Dip","Nationeel","1486.97","1260.69","above average"
863,"Nationeel Sesame Crackers","Nationeel","1662.84","1260.69","above average"
858,"Nationeel Fondue Mix","Nationeel","1221.00","1260.69","below average"
847,"Nationeel Potato Chips","Nationeel","2112.00","1260.69","above average"
871,"Nationeel Raisins","Nationeel","1219.20","1260.69","below average"
868,"Nationeel Raspberry Fruit Roll","Nationeel","2148.00","1260.69","above average"
869,"Nationeel Grape Fruit Roll","Nationeel","1318.64","1260.69","above average"
864,"Nationeel Frosted Cookies","Nationeel","886.72","1260.69","below average"
856,"Nationeel Salted Pretzels","Nationeel","1388.59","1260.69","above average"
857,"Nationeel Cheese Dip","Nationeel","1052.28","1260.69","below average"
841,"Nationeel Corn Chips","Nationeel","1063.75","1260.69","below average"
860,"Nationeel Beef Jerky","Nationeel","1226.16","1260.69","below average"
873,"Nationeel Dried Apricots","Nationeel","1363.00","1260.69","above average"
848,"Nationeel Lemon Cookies","Nationeel","1362.78","1260.69","above average"
844,"Nationeel Chocolate Chip Cookies","Nationeel","1827.12","1260.69","above average"
854,"Nationeel Salsa Dip","Nationeel","894.40","1260.69","below average"
846,"Nationeel Fudge Brownies","Nationeel","976.41","1260.69","below average"
852,"Nationeel No Salt Popcorn","Nationeel","345.00","1260.69","below average"
849,"Nationeel Graham Crackers","Nationeel","988.35","1260.69","below average"
865,"Nationeel Dried Apples","Nationeel","1780.02","1260.69","above average"
851,"Nationeel Buttered Popcorn","Nationeel","1347.87","1260.69","above average"
840,"Nationeel BBQ Potato Chips","Nationeel","822.00","1260.69","below average"
862,"Nationeel Low Fat Chips","Nationeel","1588.86","1260.69","above average"
870,"Nationeel Dried Dates","Nationeel","1002.73","1260.69","below average"
839,"Nationeel Low Fat Cookies","Nationeel","349.14","1260.69","below average"
853,"Nationeel Low Fat Popcorn","Nationeel","1943.88","1260.69","above average"
874,"Nationeel Frosted Donuts","Nationeel","855.42","1260.69","below average"
842,"Nationeel Low Fat BBQ Chips","Nationeel","1657.60","1260.69","above average"
843,"Nationeel Sugar Cookies","Nationeel","1417.08","1260.69","above average"
861,"Nationeel Chocolate Donuts","Nationeel","1369.55","1260.69","above average"
895,"Pearl Chardonnay Wine","Pearl","379.60","804.27","below average"
899,"Pearl White Zinfandel Wine","Pearl","1169.28","804.27","above average"
900,"Pearl Light Beer","Pearl","1102.98","804.27","above average"
898,"Pearl Chardonnay","Pearl","977.88","804.27","above average"
897,"Pearl Merlot Wine","Pearl","311.04","804.27","below average"
893,"Pearl Imported Beer","Pearl","535.99","804.27","below average"
894,"Pearl Light Wine","Pearl","303.81","804.27","below average"
896,"Pearl Chablis Wine","Pearl","1653.56","804.27","above average"
1043,"PigTail Frozen Cauliflower","PigTail","802.27","921.67","below average"
1038,"PigTail Grape Popsicles","PigTail","313.76","921.67","below average"
1048,"PigTail Frozen Chicken Thighs","PigTail","1290.64","921.67","above average"
1028,"PigTail Waffles","PigTail","1214.08","921.67","above average"
1021,"PigTail Orange Popsicles","PigTail","588.04","921.67","below average"
1023,"PigTail Frozen Pancakes","PigTail","797.04","921.67","below average"
1027,"PigTail Fajita French Fries","PigTail","1124.97","921.67","above average"
1025,"PigTail Frozen Sausage Pizza","PigTail","742.40","921.67","below average"
1031,"PigTail Frozen Mushroom Pizza","PigTail","673.97","921.67","below average"
1037,"PigTail Pancake Mix","PigTail","311.46","921.67","below average"
1035,"PigTail Chicken TV Dinner","PigTail","568.32","921.67","below average"
1045,"PigTail Frozen Corn","PigTail","1879.60","921.67","above average"
1029,"PigTail Frozen Pepperoni Pizza","PigTail","883.68","921.67","below average"
1041,"PigTail Ice Cream","PigTail","418.90","921.67","below average"
1047,"PigTail Popsicles","PigTail","1837.87","921.67","above average"
1050,"PigTail Lemon Popsicles","PigTail","613.12","921.67","below average"
1049,"PigTail Frozen Chicken Wings","PigTail","1890.33","921.67","above average"
1022,"PigTail Frozen Chicken Breast","PigTail","732.35","921.67","below average"
1024,"PigTail Low Fat French Fries","PigTail","2125.10","921.67","above average"
1030,"PigTail Frozen Cheese Pizza","PigTail","1396.56","921.67","above average"
1033,"PigTail Frozen Carrots","PigTail","962.64","921.67","above average"
1039,"PigTail Home Style French Fries","PigTail","448.74","921.67","below average"
1034,"PigTail Turkey TV Dinner","PigTail","1382.25","921.67","above average"
1042,"PigTail Ice Cream Sandwich","PigTail","602.60","921.67","below average"
1036,"PigTail Beef TV Dinner","PigTail","1166.30","921.67","above average"
1046,"PigTail Frozen Peas","PigTail","856.56","921.67","below average"
1040,"PigTail Lime Popsicles","PigTail","613.80","921.67","below average"
1026,"PigTail Blueberry Waffles","PigTail","1111.86","921.67","above average"
1044,"PigTail Frozen Broccoli","PigTail","690.88","921.67","below average"
1020,"PigTail Low Fat Waffles","PigTail","262.14","921.67","below average"
1032,"PigTail Apple Cinnamon Waffles","PigTail","269.50","921.67","below average"
1246,"Plato Strawberry Preserves","Plato","782.32","1003.94","below average"
1248,"Plato Apple Preserves","Plato","1821.51","1003.94","above average"
1221,"Plato Sesame Oil","Plato","774.80","1003.94","below average"
1237,"Plato Low Fat Apple Butter","Plato","1595.00","1003.94","above average"
1241,"Plato Apple Jelly","Plato","1609.20","1003.94","above average"
1227,"Plato Decaf Coffee","Plato","1478.06","1003.94","above average"
1224,"Plato Brown Sugar","Plato","730.36","1003.94","below average"
1247,"Plato Extra Chunky Peanut Butter","Plato","902.16","1003.94","below average"
1234,"Plato Columbian Coffee","Plato","268.80","1003.94","below average"
1223,"Plato Hot Chocolate","Plato","335.12","1003.94","below average"
1244,"Plato Strawberry Jam","Plato","605.00","1003.94","below average"
1240,"Plato Oregano","Plato","1050.90","1003.94","above average"
1229,"Plato Vegetable Oil","Plato","668.20","1003.94","below average"
1231,"Plato Tomato Sauce","Plato","1984.85","1003.94","above average"
1242,"Plato Grape Jam","Plato","997.92","1003.94","below average"
1249,"Plato Grape Jelly","Plato","657.12","1003.94","below average"
1235,"Plato Strawberry Jelly","Plato","816.96","1003.94","below average"
1245,"Plato Creamy Peanut Butter","Plato","1234.24","1003.94","above average"
1239,"Plato Apple Butter","Plato","1069.32","1003.94","above average"
1228,"Plato Regular Coffee","Plato","1136.61","1003.94","above average"
1233,"Plato Grape Preserves","Plato","378.87","1003.94","below average"
1222,"Plato Chunky Peanut Butter","Plato","1401.40","1003.94","above average"
1243,"Plato Apple Jam","Plato","673.78","1003.94","below average"
1238,"Plato Salt","Plato","710.01","1003.94","below average"
1236,"Plato Pepper","Plato","1809.40","1003.94","above average"
1230,"Plato Corn Oil","Plato","425.81","1003.94","below average"
1226,"Plato French Roast Coffee","Plato","1660.56","1003.94","above average"
1232,"Plato Canola Oil","Plato","629.41","1003.94","below average"
1225,"Plato White Sugar","Plato","906.44","1003.94","below average"
1285,"Pleasant Fancy Canned Sardines","Pleasant","978.01","1130.27","below average"
1286,"Pleasant Rice Soup","Pleasant","435.60","1130.27","below average"
1277,"Pleasant Canned Peas","Pleasant","1424.94","1130.27","above average"
1275,"Pleasant Turkey Noodle Soup","Pleasant","606.06","1130.27","below average"
1283,"Pleasant Fancy Canned Clams","Pleasant","439.24","1130.27","below average"
1265,"Pleasant Canned Beets","Pleasant","389.52","1130.27","below average"
1267,"Pleasant Canned String Beans","Pleasant","732.80","1130.27","below average"
1282,"Pleasant Fancy Canned Anchovies","Pleasant","2070.88","1130.27","above average"
1269,"Pleasant Canned Yams","Pleasant","1842.08","1130.27","above average"
1271,"Pleasant Canned Tomatos","Pleasant","1865.50","1130.27","above average"
1284,"Pleasant Fancy Canned Oysters","Pleasant","1421.55","1130.27","above average"
1272,"Pleasant Noodle Soup","Pleasant","1401.20","1130.27","above average"
1279,"Pleasant Canned Tuna in Water","Pleasant","1619.12","1130.27","above average"
1273,"Pleasant Regular Ramen Soup","Pleasant","1545.77","1130.27","above average"
1276,"Pleasant Beef Soup","Pleasant","786.50","1130.27","below average"
1270,"Pleasant Vegetable Soup","Pleasant","1358.45","1130.27","above average"
1268,"Pleasant Chicken Soup","Pleasant","750.10","1130.27","below average"
1274,"Pleasant Chicken Noodle Soup","Pleasant","700.85","1130.27","below average"
1278,"Pleasant Chicken Ramen Soup","Pleasant","1624.32","1130.27","above average"
1280,"Pleasant Canned Tuna in Oil","Pleasant","601.43","1130.27","below average"
1266,"Pleasant Creamed Corn","Pleasant","626.58","1130.27","below average"
1281,"Pleasant Large Canned Shrimp","Pleasant","1645.38","1130.27","above average"
1208,"Portsmouth Merlot Wine","Portsmouth","1592.85","1445.84","above average"
1205,"Portsmouth Light Wine","Portsmouth","1409.20","1445.84","below average"
1204,"Portsmouth Imported Beer","Portsmouth","1289.52","1445.84","below average"
1209,"Portsmouth Chardonnay","Portsmouth","1387.80","1445.84","below average"
1211,"Portsmouth Light Beer","Portsmouth","2133.77","1445.84","above average"
1206,"Portsmouth Chardonnay Wine","Portsmouth","1944.81","1445.84","above average"
1210,"Portsmouth White Zinfandel Wine","Portsmouth","895.90","1445.84","below average"
1207,"Portsmouth Chablis Wine","Portsmouth","912.87","1445.84","below average"
662,"Prelude Rosy Sunglasses","Prelude","1228.20","1228.20","Equal to average"
42,"Queen City Map","Queen","1347.96","894.26","above average"
41,"Queen Eyeglass Screwdriver","Queen","440.55","894.26","below average"
476,"Quick Seasoned Hamburger","Quick","1965.60","1690.11","above average"
475,"Quick Extra Lean Hamburger","Quick","1414.62","1690.11","below average"
634,"Radius Oatmeal","Radius","1353.55","963.26","above average"
635,"Radius Corn Puffs","Radius","681.72","963.26","below average"
637,"Radius Grits","Radius","429.14","963.26","below average"
636,"Radius Wheat Puffs","Radius","1388.64","963.26","above average"
63,"Red Spade Chicken Hot Dogs","Red Spade","1345.20","1178.91","above average"
67,"Red Spade Turkey Hot Dogs","Red Spade","991.38","1178.91","below average"
66,"Red Spade Low Fat Bologna","Red Spade","1929.84","1178.91","above average"
74,"Red Spade Sliced Ham","Red Spade","832.10","1178.91","below average"
76,"Red Spade Sliced Chicken","Red Spade","900.77","1178.91","below average"
65,"Red Spade Beef Bologna","Red Spade","1868.72","1178.91","above average"
64,"Red Spade Pimento Loaf","Red Spade","695.52","1178.91","below average"
69,"Red Spade Low Fat Cole Slaw","Red Spade","1590.30","1178.91","above average"
72,"Red Spade Corned Beef","Red Spade","1301.50","1178.91","above average"
71,"Red Spade Roasted Chicken","Red Spade","1253.04","1178.91","above average"
73,"Red Spade Sliced Turkey","Red Spade","1230.24","1178.91","above average"
68,"Red Spade Foot-Long Hot Dogs","Red Spade","1680.32","1178.91","above average"
75,"Red Spade Potato Salad","Red Spade","333.88","1178.91","below average"
70,"Red Spade Cole Slaw","Red Spade","551.93","1178.91","below average"
464,"Red Wing Scented Toilet Tissue","Red Wing","1616.24","1243.52","above average"
454,"Red Wing Counter Cleaner","Red Wing","578.46","1243.52","below average"
472,"Red Wing Scissors","Red Wing","399.34","1243.52","below average"
470,"Red Wing Copper Pot Scrubber","Red Wing","1745.80","1243.52","above average"
466,"Red Wing Frying Pan","Red Wing","1396.53","1243.52","above average"
449,"Red Wing AAA-Size Batteries","Red Wing","2033.19","1243.52","above average"
463,"Red Wing Tissues","Red Wing","798.75","1243.52","below average"
453,"Red Wing Toilet Bowl Cleaner","Red Wing","1413.28","1243.52","above average"
443,"Red Wing 60 Watt Lightbulb","Red Wing","823.27","1243.52","below average"
448,"Red Wing 100 Watt Lightbulb","Red Wing","873.18","1243.52","below average"
451,"Red Wing Paper Cups","Red Wing","1037.74","1243.52","below average"
450,"Red Wing Paper Plates","Red Wing","1644.56","1243.52","above average"
447,"Red Wing C-Size Batteries","Red Wing","1673.28","1243.52","above average"
469,"Red Wing Silver Cleaner","Red Wing","726.27","1243.52","below average"
445,"Red Wing Plastic Spoons","Red Wing","1837.26","1243.52","above average"
473,"Red Wing Large Sponge","Red Wing","365.73","1243.52","below average"
465,"Red Wing Room Freshener","Red Wing","1743.45","1243.52","above average"
455,"Red Wing Glass Cleaner","Red Wing","1086.96","1243.52","below average"
468,"Red Wing Bees Wax Candles","Red Wing","960.48","1243.52","below average"
446,"Red Wing Plastic Knives","Red Wing","2321.25","1243.52","above average"
462,"Red Wing Toilet Paper","Red Wing","1153.28","1243.52","below average"
458,"Red Wing D-Size Batteries","Red Wing","808.50","1243.52","below average"
461,"Red Wing Scented Tissue","Red Wing","1340.96","1243.52","above average"
444,"Red Wing Plastic Forks","Red Wing","1556.59","1243.52","above average"
474,"Red Wing Screw Driver","Red Wing","1735.36","1243.52","above average"
467,"Red Wing Copper Cleaner","Red Wing","1985.01","1243.52","above average"
452,"Red Wing 75 Watt Lightbulb","Red Wing","1435.92","1243.52","above average"
471,"Red Wing Economy Toilet Brush","Red Wing","460.65","1243.52","below average"
460,"Red Wing Soft Napkins","Red Wing","943.46","1243.52","below average"
457,"Red Wing AA-Size Batteries","Red Wing","1299.50","1243.52","above average"
456,"Red Wing 25 Watt Lightbulb","Red Wing","1687.44","1243.52","above average"
459,"Red Wing Paper Towels","Red Wing","311.04","1243.52","below average"
168,"Robust Monthly Computer Magazine","Robust","652.68","919.77","below average"
166,"Robust Monthly Sports Magazine","Robust","1242.41","919.77","above average"
170,"Robust Monthly Fashion Magazine","Robust","1516.80","919.77","above average"
169,"Robust Monthly Home Magazine","Robust","892.98","919.77","below average"
167,"Robust Monthly Auto Magazine","Robust","294.00","919.77","below average"
572,"Shady Lake Ravioli","Shady Lake","1413.13","1254.95","above average"
576,"Shady Lake Rice Medly","Shady Lake","410.90","1254.95","below average"
575,"Shady Lake Thai Rice","Shady Lake","1537.07","1254.95","above average"
574,"Shady Lake Spaghetti","Shady Lake","1276.26","1254.95","above average"
573,"Shady Lake Manicotti","Shady Lake","1637.37","1254.95","above average"
165,"Ship Shape Seasoned Hamburger","Ship Shape","918.75","1230.09","below average"
164,"Ship Shape Extra Lean Hamburger","Ship Shape","1541.43","1230.09","above average"
1260,"Skinner Apple Drink","Skinner","349.74","1046.32","below average"
1255,"Skinner Cola","Skinner","608.84","1046.32","below average"
1251,"Skinner Mango Drink","Skinner","2097.88","1046.32","above average"
1256,"Skinner Diet Cola","Skinner","655.14","1046.32","below average"
1252,"Skinner Strawberry Drink","Skinner","1411.32","1046.32","above average"
1259,"Skinner Apple Juice","Skinner","1200.54","1046.32","above average"
1250,"Skinner Berry Juice","Skinner","1082.16","1046.32","above average"
1258,"Skinner Cranberry Juice","Skinner","278.77","1046.32","below average"
1253,"Skinner Cream Soda","Skinner","856.71","1046.32","below average"
1254,"Skinner Diet Soda","Skinner","1827.66","1046.32","above average"
1257,"Skinner Orange Juice","Skinner","1140.72","1046.32","above average"
951,"Special Corn Puffs","Special","1163.79","1571.32","below average"
953,"Special Grits","Special","1471.38","1571.32","below average"
950,"Special Oatmeal","Special","1773.17","1571.32","above average"
952,"Special Wheat Puffs","Special","1876.95","1571.32","above average"
1214,"Sphinx Rye Bread","Sphinx","698.28","960.07","below average"
1215,"Sphinx English Muffins","Sphinx","855.56","960.07","below average"
1218,"Sphinx Bagels","Sphinx","1046.76","960.07","above average"
1212,"Sphinx Pumpernickel Bread","Sphinx","294.68","960.07","below average"
1219,"Sphinx Blueberry Muffins","Sphinx","1106.84","960.07","above average"
1220,"Sphinx Wheat Bread","Sphinx","1123.20","960.07","above average"
1217,"Sphinx Muffins","Sphinx","772.16","960.07","below average"
1213,"Sphinx White Bread","Sphinx","1734.56","960.07","above average"
1216,"Sphinx Cranberry Muffins","Sphinx","1008.58","960.07","above average"
439,"Steady Multi-Symptom Cold Remedy","Steady","1897.00","930.56","above average"
427,"Steady Toothpaste","Steady","1168.44","930.56","above average"
433,"Steady Childrens Aspirin","Steady","951.78","930.56","above average"
441,"Steady Laundry Detergent","Steady","326.61","930.56","below average"
436,"Steady 200 MG Acetominifen","Steady","948.60","930.56","above average"
434,"Steady Buffered Aspirin","Steady","744.08","930.56","below average"
424,"Steady Silky Smooth Hair Conditioner","Steady","800.40","930.56","below average"
431,"Steady Angled Toothbrush","Steady","532.80","930.56","below average"
429,"Steady Conditioning Shampoo","Steady","854.66","930.56","below average"
442,"Steady Mint Mouthwash","Steady","1220.80","930.56","above average"
425,"Steady Tartar Control Toothpaste","Steady","753.92","930.56","below average"
432,"Steady Apricot Shampoo","Steady","1334.80","930.56","above average"
430,"Steady Extra Moisture Shampoo","Steady","982.80","930.56","above average"
437,"Steady HCL Nasal Spray","Steady","1183.97","930.56","above average"
426,"Steady Whitening Toothpast","Steady","410.40","930.56","below average"
440,"Steady Childrens Cold Remedy","Steady","440.86","930.56","below average"
435,"Steady 200 MG Ibuprofen","Steady","1731.96","930.56","above average"
438,"Steady Dishwasher Detergent","Steady","1024.83","930.56","above average"
428,"Steady Deodorant","Steady","371.85","930.56","below average"
1405,"Sunset Copper Cleaner","Sunset","500.18","1074.77","below average"
1392,"Sunset Counter Cleaner","Sunset","507.96","1074.77","below average"
1394,"Sunset 25 Watt Lightbulb","Sunset","1426.92","1074.77","above average"
1402,"Sunset Scented Toilet Tissue","Sunset","1297.59","1074.77","above average"
1390,"Sunset 75 Watt Lightbulb","Sunset","1147.91","1074.77","above average"
1407,"Sunset Silver Cleaner","Sunset","364.14","1074.77","below average"
1410,"Sunset Scissors","Sunset","854.84","1074.77","below average"
1411,"Sunset Large Sponge","Sunset","1138.10","1074.77","above average"
1387,"Sunset AAA-Size Batteries","Sunset","2052.12","1074.77","above average"
1384,"Sunset Plastic Knives","Sunset","1444.34","1074.77","above average"
1389,"Sunset Paper Cups","Sunset","1635.86","1074.77","above average"
1409,"Sunset Economy Toilet Brush","Sunset","345.03","1074.77","below average"
1393,"Sunset Glass Cleaner","Sunset","1019.35","1074.77","below average"
1381,"Sunset 60 Watt Lightbulb","Sunset","1045.94","1074.77","below average"
1397,"Sunset Paper Towels","Sunset","859.43","1074.77","below average"
1400,"Sunset Toilet Paper","Sunset","491.92","1074.77","below average"
1385,"Sunset C-Size Batteries","Sunset","1144.80","1074.77","above average"
1386,"Sunset 100 Watt Lightbulb","Sunset","910.20","1074.77","below average"
1403,"Sunset Room Freshener","Sunset","1354.20","1074.77","above average"
1406,"Sunset Bees Wax Candles","Sunset","281.68","1074.77","below average"
1383,"Sunset Plastic Spoons","Sunset","1494.43","1074.77","above average"
1412,"Sunset Screw Driver","Sunset","1070.55","1074.77","below average"
1408,"Sunset Copper Pot Scrubber","Sunset","1510.50","1074.77","above average"
1395,"Sunset AA-Size Batteries","Sunset","1519.25","1074.77","above average"
1399,"Sunset Scented Tissue","Sunset","984.34","1074.77","below average"
1404,"Sunset Frying Pan","Sunset","1368.55","1074.77","above average"
1398,"Sunset Soft Napkins","Sunset","1965.60","1074.77","above average"
1396,"Sunset D-Size Batteries","Sunset","1529.05","1074.77","above average"
1391,"Sunset Toilet Bowl Cleaner","Sunset","573.04","1074.77","below average"
1401,"Sunset Tissues","Sunset","864.96","1074.77","below average"
1388,"Sunset Paper Plates","Sunset","1006.25","1074.77","below average"
1382,"Sunset Plastic Forks","Sunset","683.65","1074.77","below average"
295,"Super Grape Preserves","Super","1656.72","1114.23","above average"
302,"Super Oregano","Super","1821.60","1114.23","above average"
308,"Super Strawberry Preserves","Super","1120.52","1114.23","above average"
291,"Super Vegetable Oil","Super","1125.54","1114.23","above average"
307,"Super Creamy Peanut Butter","Super","902.80","1114.23","below average"
292,"Super Corn Oil","Super","1002.74","1114.23","below average"
305,"Super Apple Jam","Super","1956.03","1114.23","above average"
289,"Super Decaf Coffee","Super","705.55","1114.23","below average"
283,"Super Sesame Oil","Super","1490.58","1114.23","above average"
284,"Super Chunky Peanut Butter","Super","588.06","1114.23","below average"
300,"Super Salt","Super","1740.48","1114.23","above average"
304,"Super Grape Jam","Super","1181.25","1114.23","above average"
294,"Super Canola Oil","Super","571.56","1114.23","below average"
299,"Super Low Fat Apple Butter","Super","863.52","1114.23","below average"
296,"Super Columbian Coffee","Super","245.00","1114.23","below average"
301,"Super Apple Butter","Super","298.39","1114.23","below average"
286,"Super Brown Sugar","Super","708.58","1114.23","below average"
309,"Super Extra Chunky Peanut Butter","Super","2211.82","1114.23","above average"
297,"Super Strawberry Jelly","Super","547.20","1114.23","below average"
293,"Super Tomato Sauce","Super","828.80","1114.23","below average"
310,"Super Apple Preserves","Super","437.76","1114.23","below average"
298,"Super Pepper","Super","1412.17","1114.23","above average"
306,"Super Strawberry Jam","Super","2094.84","1114.23","above average"
303,"Super Apple Jelly","Super","1377.72","1114.23","above average"
311,"Super Grape Jelly","Super","1197.55","1114.23","above average"
287,"Super White Sugar","Super","901.68","1114.23","below average"
285,"Super Hot Chocolate","Super","970.92","1114.23","below average"
290,"Super Regular Coffee","Super","843.20","1114.23","below average"
288,"Super French Roast Coffee","Super","1510.08","1114.23","above average"
350,"Swell Canned Peaches","Swell","942.14","1175.41","below average"
349,"Swell Canned Mixed Fruit","Swell","1408.68","1175.41","above average"
978,"Symphony Rosy Sunglasses","Symphony","841.60","841.60","Equal to average"
492,"Tell Tale Lettuce","Tell Tale","1115.10","1171.85","below average"
521,"Tell Tale Fuji Apples","Tell Tale","2014.65","1171.85","above average"
513,"Tell Tale Peaches","Tell Tale","304.50","1171.85","below average"
506,"Tell Tale Almonds","Tell Tale","1932.00","1171.85","above average"
500,"Tell Tale Baby Onion","Tell Tale","1494.92","1171.85","above average"
516,"Tell Tale Mixed Nuts","Tell Tale","1019.35","1171.85","below average"
494,"Tell Tale Red Pepper","Tell Tale","1017.11","1171.85","below average"
487,"Tell Tale Beets","Tell Tale","1391.00","1171.85","above average"
489,"Tell Tale Onions","Tell Tale","1200.18","1171.85","above average"
501,"Tell Tale Dried Mushrooms","Tell Tale","875.80","1171.85","below average"
519,"Tell Tale Cantelope","Tell Tale","2284.36","1171.85","above average"
503,"Tell Tale Squash","Tell Tale","1023.00","1171.85","below average"
508,"Tell Tale Golden Delcious Apples","Tell Tale","1978.38","1171.85","above average"
514,"Tell Tale Broccoli","Tell Tale","901.38","1171.85","below average"
483,"Tell Tale Corn on the Cob","Tell Tale","1162.06","1171.85","below average"
496,"Tell Tale Potatos","Tell Tale","387.24","1171.85","below average"
485,"Tell Tale Sweet Peas","Tell Tale","1191.36","1171.85","above average"
484,"Tell Tale Asparagus","Tell Tale","1816.36","1171.85","above average"
512,"Tell Tale Plums","Tell Tale","1375.48","1171.85","above average"
517,"Tell Tale Canned Peanuts","Tell Tale","1581.00","1171.85","above average"
511,"Tell Tale Fancy Plums","Tell Tale","392.36","1171.85","below average"
524,"Tell Tale Tangerines","Tell Tale","901.32","1171.85","below average"
504,"Tell Tale Limes","Tell Tale","1037.76","1171.85","below average"
505,"Tell Tale Firm Tofu","Tell Tale","978.62","1171.85","below average"
523,"Tell Tale Oranges","Tell Tale","949.44","1171.85","below average"
495,"Tell Tale Garlic","Tell Tale","582.66","1171.85","below average"
525,"Tell Tale Party Nuts","Tell Tale","1653.00","1171.85","above average"
498,"Tell Tale Tomatos","Tell Tale","1443.30","1171.85","above average"
488,"Tell Tale Prepared Salad","Tell Tale","1230.25","1171.85","above average"
490,"Tell Tale Green Pepper","Tell Tale","889.35","1171.85","below average"
493,"Tell Tale Elephant Garlic","Tell Tale","1462.56","1171.85","above average"
507,"Tell Tale Macintosh Apples","Tell Tale","1173.92","1171.85","above average"
518,"Tell Tale Sweet Onion","Tell Tale","822.80","1171.85","below average"
520,"Tell Tale Honey Dew","Tell Tale","1492.40","1171.85","above average"
522,"Tell Tale Walnuts","Tell Tale","870.42","1171.85","below average"
509,"Tell Tale Red Delcious Apples","Tell Tale","959.50","1171.85","below average"
486,"Tell Tale New Potatos","Tell Tale","658.92","1171.85","below average"
482,"Tell Tale Summer Squash","Tell Tale","411.72","1171.85","below average"
497,"Tell Tale Cauliflower","Tell Tale","1069.64","1171.85","below average"
491,"Tell Tale Shitake Mushrooms","Tell Tale","1670.76","1171.85","above average"
499,"Tell Tale Mushrooms","Tell Tale","1367.52","1171.85","above average"
502,"Tell Tale Fresh Lima Beans","Tell Tale","2212.66","1171.85","above average"
515,"Tell Tale Mandarin Oranges","Tell Tale","916.80","1171.85","below average"
510,"Tell Tale Lemons","Tell Tale","348.31","1171.85","below average"
880,"Thresher Spicy Mints","Thresher","2113.35","1286.22","above average"
878,"Thresher Semi-Sweet Chocolate Bar","Thresher","1097.69","1286.22","below average"
876,"Thresher Mint Chocolate Bar","Thresher","996.93","1286.22","below average"
882,"Thresher White Chocolate Bar","Thresher","1531.35","1286.22","above average"
875,"Thresher Tasty Candy Bar","Thresher","1912.64","1286.22","above average"
879,"Thresher Bubble Gum","Thresher","663.78","1286.22","below average"
877,"Thresher Malted Milk Balls","Thresher","962.22","1286.22","below average"
881,"Thresher Mints","Thresher","1011.79","1286.22","below average"
216,"Tip Top Scallops","Tip Top","1810.80","1085.92","above average"
215,"Tip Top Lox","Tip Top","361.03","1085.92","below average"
623,"Token Berry Juice","Token","1035.00","769.71","above average"
627,"Token Diet Soda","Token","884.00","769.71","above average"
631,"Token Cranberry Juice","Token","460.20","769.71","below average"
632,"Token Apple Juice","Token","395.08","769.71","below average"
628,"Token Cola","Token","698.60","769.71","below average"
626,"Token Cream Soda","Token","708.21","769.71","below average"
633,"Token Apple Drink","Token","384.06","769.71","below average"
624,"Token Mango Drink","Token","1348.08","769.71","above average"
630,"Token Orange Juice","Token","1383.20","769.71","above average"
629,"Token Diet Cola","Token","352.55","769.71","below average"
625,"Token Strawberry Drink","Token","817.88","769.71","above average"
1518,"Top Measure Chablis Wine","Top Measure","1816.32","874.39","above average"
1516,"Top Measure Light Wine","Top Measure","1868.16","874.39","above average"
1519,"Top Measure Merlot Wine","Top Measure","386.37","874.39","below average"
1517,"Top Measure Chardonnay Wine","Top Measure","240.12","874.39","below average"
1515,"Top Measure Imported Beer","Top Measure","504.90","874.39","below average"
1520,"Top Measure Chardonnay","Top Measure","1228.92","874.39","above average"
1522,"Top Measure Light Beer","Top Measure","541.50","874.39","below average"
1521,"Top Measure White Zinfandel Wine","Top Measure","408.80","874.39","below average"
1289,"Toretti Rosy Sunglasses","Toretti","623.15","623.15","Equal to average"
1288,"Toucan Canned Peaches","Toucan","801.78","816.69","below average"
1287,"Toucan Canned Mixed Fruit","Toucan","831.60","816.69","above average"
1124,"Tri-State Cauliflower","Tri-State","473.04","1121.54","below average"
1116,"Tri-State Onions","Tri-State","1060.07","1121.54","below average"
1127,"Tri-State Baby Onion","Tri-State","1375.50","1121.54","above average"
1140,"Tri-State Peaches","Tri-State","1338.88","1121.54","above average"
1122,"Tri-State Garlic","Tri-State","391.46","1121.54","below average"
1136,"Tri-State Red Delcious Apples","Tri-State","2086.58","1121.54","above average"
1128,"Tri-State Dried Mushrooms","Tri-State","1461.60","1121.54","above average"
1115,"Tri-State Prepared Salad","Tri-State","1197.50","1121.54","above average"
1152,"Tri-State Party Nuts","Tri-State","1480.69","1121.54","above average"
1120,"Tri-State Elephant Garlic","Tri-State","971.28","1121.54","below average"
1134,"Tri-State Macintosh Apples","Tri-State","1082.90","1121.54","below average"
1145,"Tri-State Sweet Onion","Tri-State","890.19","1121.54","below average"
1138,"Tri-State Fancy Plums","Tri-State","1310.28","1121.54","above average"
1151,"Tri-State Tangerines","Tri-State","335.42","1121.54","below average"
1143,"Tri-State Mixed Nuts","Tri-State","915.20","1121.54","below average"
1118,"Tri-State Shitake Mushrooms","Tri-State","1596.85","1121.54","above average"
1119,"Tri-State Lettuce","Tri-State","1575.49","1121.54","above average"
1112,"Tri-State Sweet Peas","Tri-State","1782.84","1121.54","above average"
1141,"Tri-State Broccoli","Tri-State","730.30","1121.54","below average"
1109,"Tri-State Summer Squash","Tri-State","261.80","1121.54","below average"
1148,"Tri-State Fuji Apples","Tri-State","1342.31","1121.54","above average"
1110,"Tri-State Corn on the Cob","Tri-State","1615.60","1121.54","above average"
1146,"Tri-State Cantelope","Tri-State","1403.22","1121.54","above average"
1123,"Tri-State Potatos","Tri-State","1191.68","1121.54","above average"
1129,"Tri-State Fresh Lima Beans","Tri-State","1370.52","1121.54","above average"
1133,"Tri-State Almonds","Tri-State","936.32","1121.54","below average"
1135,"Tri-State Golden Delcious Apples","Tri-State","1050.56","1121.54","below average"
1137,"Tri-State Lemons","Tri-State","876.15","1121.54","below average"
1142,"Tri-State Mandarin Oranges","Tri-State","1525.15","1121.54","above average"
1144,"Tri-State Canned Peanuts","Tri-State","393.55","1121.54","below average"
1149,"Tri-State Walnuts","Tri-State","492.80","1121.54","below average"
1113,"Tri-State New Potatos","Tri-State","377.21","1121.54","below average"
1126,"Tri-State Mushrooms","Tri-State","640.32","1121.54","below average"
1111,"Tri-State Asparagus","Tri-State","403.26","1121.54","below average"
1132,"Tri-State Firm Tofu","Tri-State","844.94","1121.54","below average"
1130,"Tri-State Squash","Tri-State","818.40","1121.54","below average"
1131,"Tri-State Limes","Tri-State","1192.80","1121.54","above average"
1121,"Tri-State Red Pepper","Tri-State","2020.14","1121.54","above average"
1150,"Tri-State Oranges","Tri-State","1757.69","1121.54","above average"
1117,"Tri-State Green Pepper","Tri-State","1627.08","1121.54","above average"
1147,"Tri-State Honey Dew","Tri-State","792.36","1121.54","below average"
1125,"Tri-State Tomatos","Tri-State","1038.70","1121.54","below average"
1114,"Tri-State Beets","Tri-State","1686.06","1121.54","above average"
1139,"Tri-State Plums","Tri-State","1633.06","1121.54","above average"
388,"Urban Small Brown Eggs","Urban","1370.05","1193.02","above average"
390,"Urban Small Eggs","Urban","2060.74","1193.02","above average"
392,"Urban Egg Substitute","Urban","744.90","1193.02","below average"
391,"Urban Large Eggs","Urban","690.37","1193.02","below average"
389,"Urban Large Brown Eggs","Urban","1099.06","1193.02","below average"
579,"Walrus Chardonnay Wine","Walrus","385.95","1200.68","below average"
583,"Walrus White Zinfandel Wine","Walrus","827.54","1200.68","below average"
580,"Walrus Chablis Wine","Walrus","1339.96","1200.68","above average"
577,"Walrus Imported Beer","Walrus","1404.32","1200.68","above average"
582,"Walrus Chardonnay","Walrus","1767.00","1200.68","above average"
578,"Walrus Light Wine","Walrus","1000.73","1200.68","below average"
581,"Walrus Merlot Wine","Walrus","1527.92","1200.68","above average"
584,"Walrus Light Beer","Walrus","1351.98","1200.68","above average"
2,"Washington Mango Drink","Washington","348.54","1000.20","below average"
7,"Washington Diet Cola","Washington","1244.97","1000.20","above average"
9,"Washington Cranberry Juice","Washington","1134.98","1000.20","above average"
5,"Washington Diet Soda","Washington","963.60","1000.20","below average"
3,"Washington Strawberry Drink","Washington","371.01","1000.20","below average"
11,"Washington Apple Drink","Washington","1965.60","1000.20","above average"
4,"Washington Cream Soda","Washington","1670.76","1000.20","above average"
8,"Washington Orange Juice","Washington","1341.62","1000.20","above average"
1,"Washington Berry Juice","Washington","698.25","1000.20","below average"
6,"Washington Cola","Washington","602.60","1000.20","below average"
10,"Washington Apple Juice","Washington","660.30","1000.20","below average"
